[{"pk": 1, "model": "survey_browser.appsettings", "fields": {"setting_key": "last_fetch_time", "setting": "Friday November 02, 2012 05:01:30 PM"}}, {"pk": 2, "model": "survey_browser.participant", "fields": {"pid": 3}}, {"pk": 4, "model": "survey_browser.participant", "fields": {"pid": 5}}, {"pk": 1, "model": "survey_browser.participant", "fields": {"pid": 6}}, {"pk": 5, "model": "survey_browser.participant", "fields": {"pid": 7}}, {"pk": 3, "model": "survey_browser.participant", "fields": {"pid": 11}}, {"pk": 13, "model": "survey_browser.participant", "fields": {"pid": 57}}, {"pk": 14, "model": "survey_browser.participant", "fields": {"pid": 58}}, {"pk": 15, "model": "survey_browser.participant", "fields": {"pid": 66}}, {"pk": 6, "model": "survey_browser.participant", "fields": {"pid": 80}}, {"pk": 11, "model": "survey_browser.participant", "fields": {"pid": 88}}, {"pk": 10, "model": "survey_browser.participant", "fields": {"pid": 91}}, {"pk": 8, "model": "survey_browser.participant", "fields": {"pid": 92}}, {"pk": 7, "model": "survey_browser.participant", "fields": {"pid": 102}}, {"pk": 9, "model": "survey_browser.participant", "fields": {"pid": 106}}, {"pk": 16, "model": "survey_browser.participant", "fields": {"pid": 125}}, {"pk": 12, "model": "survey_browser.participant", "fields": {"pid": 134}}, {"pk": 18, "model": "survey_browser.participant", "fields": {"pid": 136}}, {"pk": 17, "model": "survey_browser.participant", "fields": {"pid": 137}}, {"pk": 19, "model": "survey_browser.participant", "fields": {"pid": 153}}, {"pk": 1, "model": "survey_browser.limetoken", "fields": {"token": "0006XTV", "survey_id": 58382, "participant": 1, "date_imported": "2012-11-02 17:01:30"}}, {"pk": 2, "model": "survey_browser.limetoken", "fields": {"token": "0003AGL", "survey_id": 58382, "participant": 2, "date_imported": "2012-11-02 17:01:30"}}, {"pk": 3, "model": "survey_browser.limetoken", "fields": {"token": "0011YVV", "survey_id": 58382, "participant": 3, "date_imported": "2012-11-02 17:01:30"}}, {"pk": 4, "model": "survey_browser.limetoken", "fields": {"token": "0005BQE", "survey_id": 58382, "participant": 4, "date_imported": "2012-11-02 17:01:31"}}, {"pk": 5, "model": "survey_browser.limetoken", "fields": {"token": "0007HQB", "survey_id": 58382, "participant": 5, "date_imported": "2012-11-02 17:01:32"}}, {"pk": 6, "model": "survey_browser.limetoken", "fields": {"token": "0080nap", "survey_id": 49672, "participant": 6, "date_imported": "2012-11-02 17:01:32"}}, {"pk": 7, "model": "survey_browser.limetoken", "fields": {"token": "0102krp", "survey_id": 49672, "participant": 7, "date_imported": "2012-11-02 17:01:33"}}, {"pk": 8, "model": "survey_browser.limetoken", "fields": {"token": "0092tsk", "survey_id": 49672, "participant": 8, "date_imported": "2012-11-02 17:01:34"}}, {"pk": 9, "model": "survey_browser.limetoken", "fields": {"token": "0106lua", "survey_id": 49672, "participant": 9, "date_imported": "2012-11-02 17:01:35"}}, {"pk": 10, "model": "survey_browser.limetoken", "fields": {"token": "0091etv", "survey_id": 49672, "participant": 10, "date_imported": "2012-11-02 17:01:36"}}, {"pk": 11, "model": "survey_browser.limetoken", "fields": {"token": "0088xxm", "survey_id": 98517, "participant": 11, "date_imported": "2012-11-02 17:01:38"}}, {"pk": 12, "model": "survey_browser.limetoken", "fields": {"token": "0005bqe", "survey_id": 98517, "participant": 4, "date_imported": "2012-11-02 17:01:42"}}, {"pk": 13, "model": "survey_browser.limetoken", "fields": {"token": "0134iyr", "survey_id": 98517, "participant": 12, "date_imported": "2012-11-02 17:01:46"}}, {"pk": 14, "model": "survey_browser.limetoken", "fields": {"token": "0057dnn", "survey_id": 98517, "participant": 13, "date_imported": "2012-11-02 17:01:50"}}, {"pk": 15, "model": "survey_browser.limetoken", "fields": {"token": "0058hbu", "survey_id": 98517, "participant": 14, "date_imported": "2012-11-02 17:01:54"}}, {"pk": 16, "model": "survey_browser.limetoken", "fields": {"token": "0066yts", "survey_id": 65387, "participant": 15, "date_imported": "2012-11-02 17:01:59"}}, {"pk": 17, "model": "survey_browser.limetoken", "fields": {"token": "0125izx", "survey_id": 65387, "participant": 16, "date_imported": "2012-11-02 17:02:04"}}, {"pk": 18, "model": "survey_browser.limetoken", "fields": {"token": "0137zxm", "survey_id": 65387, "participant": 17, "date_imported": "2012-11-02 17:02:08"}}, {"pk": 19, "model": "survey_browser.limetoken", "fields": {"token": "0136man", "survey_id": 65387, "participant": 18, "date_imported": "2012-11-02 17:02:13"}}, {"pk": 20, "model": "survey_browser.limetoken", "fields": {"token": "0153umd", "survey_id": 65387, "participant": 19, "date_imported": "2012-11-02 17:02:17"}}, {"pk": 1, "model": "survey_browser.answeroption", "fields": {"unique_name": "Operates telephone on own initiative; looks up and dials numbers, etc.,IADL_option,option,True", "option": "Operates telephone on own initiative; looks up and dials numbers, etc.", "is_default": true, "field": "option", "table": "IADL_option", "order": null}}, {"pk": 2, "model": "survey_browser.answeroption", "fields": {"unique_name": "Dials a few well-known numbers,IADL_option,option,True", "option": "Dials a few well-known numbers", "is_default": true, "field": "option", "table": "IADL_option", "order": null}}, {"pk": 3, "model": "survey_browser.answeroption", "fields": {"unique_name": "Answers telephone but does not dial,IADL_option,option,True", "option": "Answers telephone but does not dial", "is_default": true, "field": "option", "table": "IADL_option", "order": null}}, {"pk": 4, "model": "survey_browser.answeroption", "fields": {"unique_name": "Does not use telephone at all.,IADL_option,option,True", "option": "Does not use telephone at all.", "is_default": true, "field": "option", "table": "IADL_option", "order": null}}, {"pk": 5, "model": "survey_browser.answeroption", "fields": {"unique_name": "Takes care of all shopping needs independently,IADL_option,option,True", "option": "Takes care of all shopping needs independently", "is_default": true, "field": "option", "table": "IADL_option", "order": null}}, {"pk": 6, "model": "survey_browser.answeroption", "fields": {"unique_name": "Shops independently for small purchases,IADL_option,option,True", "option": "Shops independently for small purchases", "is_default": true, "field": "option", "table": "IADL_option", "order": null}}, {"pk": 7, "model": "survey_browser.answeroption", "fields": {"unique_name": "Needs to be accompanied on any shopping trip,IADL_option,option,True", "option": "Needs to be accompanied on any shopping trip", "is_default": true, "field": "option", "table": "IADL_option", "order": null}}, {"pk": 8, "model": "survey_browser.answeroption", "fields": {"unique_name": "Completely unable to shop,IADL_option,option,True", "option": "Completely unable to shop", "is_default": true, "field": "option", "table": "IADL_option", "order": null}}, {"pk": 9, "model": "survey_browser.answeroption", "fields": {"unique_name": "Plans, prepares and serves adequate meals independently,IADL_option,option,True", "option": "Plans, prepares and serves adequate meals independently", "is_default": true, "field": "option", "table": "IADL_option", "order": null}}, {"pk": 10, "model": "survey_browser.answeroption", "fields": {"unique_name": "Prepares adequate meals if supplied with ingredients,IADL_option,option,True", "option": "Prepares adequate meals if supplied with ingredients", "is_default": true, "field": "option", "table": "IADL_option", "order": null}}, {"pk": 11, "model": "survey_browser.answeroption", "fields": {"unique_name": "Heats, serves and prepares meals or prepares meals but does not maintain adequate diet.,IADL_option,option,True", "option": "Heats, serves and prepares meals or prepares meals but does not maintain adequate diet.", "is_default": true, "field": "option", "table": "IADL_option", "order": null}}, {"pk": 12, "model": "survey_browser.answeroption", "fields": {"unique_name": "Needs to have meals prepared and served,IADL_option,option,True", "option": "Needs to have meals prepared and served", "is_default": true, "field": "option", "table": "IADL_option", "order": null}}, {"pk": 13, "model": "survey_browser.answeroption", "fields": {"unique_name": "Maintains house alone or with occasional assistance (e.g. 'heavy work domestic help'),IADL_option,option,True", "option": "Maintains house alone or with occasional assistance (e.g. 'heavy work domestic help')", "is_default": true, "field": "option", "table": "IADL_option", "order": null}}, {"pk": 14, "model": "survey_browser.answeroption", "fields": {"unique_name": "Performs light daily tasks such as dishwashing, bed making,IADL_option,option,True", "option": "Performs light daily tasks such as dishwashing, bed making", "is_default": true, "field": "option", "table": "IADL_option", "order": null}}, {"pk": 15, "model": "survey_browser.answeroption", "fields": {"unique_name": "Performs light daily tasks but cannot maintain acceptable level of cleanliness.,IADL_option,option,True", "option": "Performs light daily tasks but cannot maintain acceptable level of cleanliness.", "is_default": true, "field": "option", "table": "IADL_option", "order": null}}, {"pk": 16, "model": "survey_browser.answeroption", "fields": {"unique_name": "Needs help with all home maintenance tasks.,IADL_option,option,True", "option": "Needs help with all home maintenance tasks.", "is_default": true, "field": "option", "table": "IADL_option", "order": null}}, {"pk": 17, "model": "survey_browser.answeroption", "fields": {"unique_name": "Does not participate in any housekeeping tasks.,IADL_option,option,True", "option": "Does not participate in any housekeeping tasks.", "is_default": true, "field": "option", "table": "IADL_option", "order": null}}, {"pk": 18, "model": "survey_browser.answeroption", "fields": {"unique_name": "Does personal laundry completely,IADL_option,option,True", "option": "Does personal laundry completely", "is_default": true, "field": "option", "table": "IADL_option", "order": null}}, {"pk": 19, "model": "survey_browser.answeroption", "fields": {"unique_name": "Launders small items; rinses stockings, etc.,IADL_option,option,True", "option": "Launders small items; rinses stockings, etc.", "is_default": true, "field": "option", "table": "IADL_option", "order": null}}, {"pk": 20, "model": "survey_browser.answeroption", "fields": {"unique_name": "All laundry must be done by others,IADL_option,option,True", "option": "All laundry must be done by others", "is_default": true, "field": "option", "table": "IADL_option", "order": null}}, {"pk": 21, "model": "survey_browser.answeroption", "fields": {"unique_name": "Travels independently on public transportation or drives own car,IADL_option,option,True", "option": "Travels independently on public transportation or drives own car", "is_default": true, "field": "option", "table": "IADL_option", "order": null}}, {"pk": 22, "model": "survey_browser.answeroption", "fields": {"unique_name": "Arranges own travel via taxi, but does not otherwise use public transportation,IADL_option,option,True", "option": "Arranges own travel via taxi, but does not otherwise use public transportation", "is_default": true, "field": "option", "table": "IADL_option", "order": null}}, {"pk": 23, "model": "survey_browser.answeroption", "fields": {"unique_name": "Travels on public transportation when accompanied by another,IADL_option,option,True", "option": "Travels on public transportation when accompanied by another", "is_default": true, "field": "option", "table": "IADL_option", "order": null}}, {"pk": 24, "model": "survey_browser.answeroption", "fields": {"unique_name": "Travel limited to taxi or automobile with assistance of another,IADL_option,option,True", "option": "Travel limited to taxi or automobile with assistance of another", "is_default": true, "field": "option", "table": "IADL_option", "order": null}}, {"pk": 25, "model": "survey_browser.answeroption", "fields": {"unique_name": "Does not travel at all.,IADL_option,option,True", "option": "Does not travel at all.", "is_default": true, "field": "option", "table": "IADL_option", "order": null}}, {"pk": 26, "model": "survey_browser.answeroption", "fields": {"unique_name": "Is responsible for taking medication in correct dosages at correct time,IADL_option,option,True", "option": "Is responsible for taking medication in correct dosages at correct time", "is_default": true, "field": "option", "table": "IADL_option", "order": null}}, {"pk": 27, "model": "survey_browser.answeroption", "fields": {"unique_name": "Takes responsibility if medication is prepared in advance in separate dosage,IADL_option,option,True", "option": "Takes responsibility if medication is prepared in advance in separate dosage", "is_default": true, "field": "option", "table": "IADL_option", "order": null}}, {"pk": 28, "model": "survey_browser.answeroption", "fields": {"unique_name": "Is not capable of dispensing own medication,IADL_option,option,True", "option": "Is not capable of dispensing own medication", "is_default": true, "field": "option", "table": "IADL_option", "order": null}}, {"pk": 29, "model": "survey_browser.answeroption", "fields": {"unique_name": "Manages financial matters independently (budgets, writes checks, pays rent, bills goes to back), collects and keeps track of income.,IADL_option,option,True", "option": "Manages financial matters independently (budgets, writes checks, pays rent, bills goes to back), collects and keeps track of income.", "is_default": true, "field": "option", "table": "IADL_option", "order": null}}, {"pk": 30, "model": "survey_browser.answeroption", "fields": {"unique_name": "Manages day-to-day purchases, but needs help with banking, major purchases, etc.,IADL_option,option,True", "option": "Manages day-to-day purchases, but needs help with banking, major purchases, etc.", "is_default": true, "field": "option", "table": "IADL_option", "order": null}}, {"pk": 31, "model": "survey_browser.answeroption", "fields": {"unique_name": "Incapable of handling money.,IADL_option,option,True", "option": "Incapable of handling money.", "is_default": true, "field": "option", "table": "IADL_option", "order": null}}, {"pk": 32, "model": "survey_browser.answeroption", "fields": {"unique_name": "1,TUG,mobility_rating,True", "option": "1", "is_default": true, "field": "mobility_rating", "table": "TUG", "order": 1}}, {"pk": 33, "model": "survey_browser.answeroption", "fields": {"unique_name": "2,TUG,mobility_rating,True", "option": "2", "is_default": true, "field": "mobility_rating", "table": "TUG", "order": 2}}, {"pk": 34, "model": "survey_browser.answeroption", "fields": {"unique_name": "3,TUG,mobility_rating,True", "option": "3", "is_default": true, "field": "mobility_rating", "table": "TUG", "order": 3}}, {"pk": 35, "model": "survey_browser.answeroption", "fields": {"unique_name": "high,TUG,fall_risk,True", "option": "high", "is_default": true, "field": "fall_risk", "table": "TUG", "order": 1}}, {"pk": 36, "model": "survey_browser.answeroption", "fields": {"unique_name": "normal,TUG,fall_risk,True", "option": "normal", "is_default": true, "field": "fall_risk", "table": "TUG", "order": 2}}, {"pk": 37, "model": "survey_browser.answeroption", "fields": {"unique_name": "No, not of Hispanic, Latino, or Spanish orgin,ParticipantInductionStatic,hisp_latino,True", "option": "No, not of Hispanic, Latino, or Spanish orgin", "is_default": true, "field": "hisp_latino", "table": "ParticipantInductionStatic", "order": 1}}, {"pk": 38, "model": "survey_browser.answeroption", "fields": {"unique_name": "Yes, Mexican, Mexican American, Chicano,ParticipantInductionStatic,hisp_latino,True", "option": "Yes, Mexican, Mexican American, Chicano", "is_default": true, "field": "hisp_latino", "table": "ParticipantInductionStatic", "order": 2}}, {"pk": 39, "model": "survey_browser.answeroption", "fields": {"unique_name": "Yes, Puerto Rican,ParticipantInductionStatic,hisp_latino,True", "option": "Yes, Puerto Rican", "is_default": true, "field": "hisp_latino", "table": "ParticipantInductionStatic", "order": 3}}, {"pk": 40, "model": "survey_browser.answeroption", "fields": {"unique_name": "Yes, Cuban,ParticipantInductionStatic,hisp_latino,True", "option": "Yes, Cuban", "is_default": true, "field": "hisp_latino", "table": "ParticipantInductionStatic", "order": 4}}, {"pk": 41, "model": "survey_browser.answeroption", "fields": {"unique_name": "Male,ParticipantInductionStatic,gender,True", "option": "Male", "is_default": true, "field": "gender", "table": "ParticipantInductionStatic", "order": 1}}, {"pk": 42, "model": "survey_browser.answeroption", "fields": {"unique_name": "Female,ParticipantInductionStatic,gender,True", "option": "Female", "is_default": true, "field": "gender", "table": "ParticipantInductionStatic", "order": 2}}, {"pk": 43, "model": "survey_browser.answeroption", "fields": {"unique_name": "White,ParticipantInductionStatic,racial_origin,True", "option": "White", "is_default": true, "field": "racial_origin", "table": "ParticipantInductionStatic", "order": null}}, {"pk": 44, "model": "survey_browser.answeroption", "fields": {"unique_name": "Black, African American, or Negro,ParticipantInductionStatic,racial_origin,True", "option": "Black, African American, or Negro", "is_default": true, "field": "racial_origin", "table": "ParticipantInductionStatic", "order": null}}, {"pk": 45, "model": "survey_browser.answeroption", "fields": {"unique_name": "American Indian or Alaska Native,ParticipantInductionStatic,racial_origin,True", "option": "American Indian or Alaska Native", "is_default": true, "field": "racial_origin", "table": "ParticipantInductionStatic", "order": null}}, {"pk": 46, "model": "survey_browser.answeroption", "fields": {"unique_name": "Asian Indian,ParticipantInductionStatic,racial_origin,True", "option": "Asian Indian", "is_default": true, "field": "racial_origin", "table": "ParticipantInductionStatic", "order": null}}, {"pk": 47, "model": "survey_browser.answeroption", "fields": {"unique_name": "Chinese,ParticipantInductionStatic,racial_origin,True", "option": "Chinese", "is_default": true, "field": "racial_origin", "table": "ParticipantInductionStatic", "order": null}}, {"pk": 48, "model": "survey_browser.answeroption", "fields": {"unique_name": "Filipino,ParticipantInductionStatic,racial_origin,True", "option": "Filipino", "is_default": true, "field": "racial_origin", "table": "ParticipantInductionStatic", "order": null}}, {"pk": 49, "model": "survey_browser.answeroption", "fields": {"unique_name": "Japanese,ParticipantInductionStatic,racial_origin,True", "option": "Japanese", "is_default": true, "field": "racial_origin", "table": "ParticipantInductionStatic", "order": null}}, {"pk": 50, "model": "survey_browser.answeroption", "fields": {"unique_name": "Vietnamese,ParticipantInductionStatic,racial_origin,True", "option": "Vietnamese", "is_default": true, "field": "racial_origin", "table": "ParticipantInductionStatic", "order": null}}, {"pk": 51, "model": "survey_browser.answeroption", "fields": {"unique_name": "Guamanian or Chamorro,ParticipantInductionStatic,racial_origin,True", "option": "Guamanian or Chamorro", "is_default": true, "field": "racial_origin", "table": "ParticipantInductionStatic", "order": null}}, {"pk": 52, "model": "survey_browser.answeroption", "fields": {"unique_name": "Native Hawaiian,ParticipantInductionStatic,racial_origin,True", "option": "Native Hawaiian", "is_default": true, "field": "racial_origin", "table": "ParticipantInductionStatic", "order": null}}, {"pk": 53, "model": "survey_browser.answeroption", "fields": {"unique_name": "Samoan,ParticipantInductionStatic,racial_origin,True", "option": "Samoan", "is_default": true, "field": "racial_origin", "table": "ParticipantInductionStatic", "order": null}}, {"pk": 54, "model": "survey_browser.answeroption", "fields": {"unique_name": "Other Asian,ParticipantInductionStatic,racial_origin,True", "option": "Other Asian", "is_default": true, "field": "racial_origin", "table": "ParticipantInductionStatic", "order": null}}, {"pk": 55, "model": "survey_browser.answeroption", "fields": {"unique_name": "Other Pacific Islander,ParticipantInductionStatic,racial_origin,True", "option": "Other Pacific Islander", "is_default": true, "field": "racial_origin", "table": "ParticipantInductionStatic", "order": null}}, {"pk": 56, "model": "survey_browser.answeroption", "fields": {"unique_name": "Some other race,ParticipantInductionStatic,racial_origin,True", "option": "Some other race", "is_default": true, "field": "racial_origin", "table": "ParticipantInductionStatic", "order": null}}, {"pk": 57, "model": "survey_browser.answeroption", "fields": {"unique_name": "Less than high school graduate,ParticipantInductionVolatile,education_level,True", "option": "Less than high school graduate", "is_default": true, "field": "education_level", "table": "ParticipantInductionVolatile", "order": 1}}, {"pk": 58, "model": "survey_browser.answeroption", "fields": {"unique_name": "High school graduate/GED,ParticipantInductionVolatile,education_level,True", "option": "High school graduate/GED", "is_default": true, "field": "education_level", "table": "ParticipantInductionVolatile", "order": 2}}, {"pk": 59, "model": "survey_browser.answeroption", "fields": {"unique_name": "Vocational training,ParticipantInductionVolatile,education_level,True", "option": "Vocational training", "is_default": true, "field": "education_level", "table": "ParticipantInductionVolatile", "order": 3}}, {"pk": 60, "model": "survey_browser.answeroption", "fields": {"unique_name": "Some college/Associate's degree,ParticipantInductionVolatile,education_level,True", "option": "Some college/Associate's degree", "is_default": true, "field": "education_level", "table": "ParticipantInductionVolatile", "order": 4}}, {"pk": 61, "model": "survey_browser.answeroption", "fields": {"unique_name": "Bachelor's degree (BA, BS, etc.),ParticipantInductionVolatile,education_level,True", "option": "Bachelor's degree (BA, BS, etc.)", "is_default": true, "field": "education_level", "table": "ParticipantInductionVolatile", "order": 5}}, {"pk": 62, "model": "survey_browser.answeroption", "fields": {"unique_name": "Master's degree (or other post-graduate training),ParticipantInductionVolatile,education_level,True", "option": "Master's degree (or other post-graduate training)", "is_default": true, "field": "education_level", "table": "ParticipantInductionVolatile", "order": 6}}, {"pk": 63, "model": "survey_browser.answeroption", "fields": {"unique_name": "Doctoral degree (PhD, MD, EdD, DDS, JD, etc.),ParticipantInductionVolatile,education_level,True", "option": "Doctoral degree (PhD, MD, EdD, DDS, JD, etc.)", "is_default": true, "field": "education_level", "table": "ParticipantInductionVolatile", "order": 7}}, {"pk": 64, "model": "survey_browser.answeroption", "fields": {"unique_name": "Single,ParticipantInductionVolatile,marital_status,True", "option": "Single", "is_default": true, "field": "marital_status", "table": "ParticipantInductionVolatile", "order": 1}}, {"pk": 65, "model": "survey_browser.answeroption", "fields": {"unique_name": "Married,ParticipantInductionVolatile,marital_status,True", "option": "Married", "is_default": true, "field": "marital_status", "table": "ParticipantInductionVolatile", "order": 2}}, {"pk": 66, "model": "survey_browser.answeroption", "fields": {"unique_name": "Separated,ParticipantInductionVolatile,marital_status,True", "option": "Separated", "is_default": true, "field": "marital_status", "table": "ParticipantInductionVolatile", "order": 3}}, {"pk": 67, "model": "survey_browser.answeroption", "fields": {"unique_name": "Divorced,ParticipantInductionVolatile,marital_status,True", "option": "Divorced", "is_default": true, "field": "marital_status", "table": "ParticipantInductionVolatile", "order": 4}}, {"pk": 68, "model": "survey_browser.answeroption", "fields": {"unique_name": "Widowed,ParticipantInductionVolatile,marital_status,True", "option": "Widowed", "is_default": true, "field": "marital_status", "table": "ParticipantInductionVolatile", "order": 5}}, {"pk": 69, "model": "survey_browser.answeroption", "fields": {"unique_name": "No additional people,ParticipantInductionVolatile,perm_residents,True", "option": "No additional people", "is_default": true, "field": "perm_residents", "table": "ParticipantInductionVolatile", "order": 1}}, {"pk": 70, "model": "survey_browser.answeroption", "fields": {"unique_name": "Spouse,ParticipantInductionVolatile,perm_residents,True", "option": "Spouse", "is_default": true, "field": "perm_residents", "table": "ParticipantInductionVolatile", "order": 2}}, {"pk": 71, "model": "survey_browser.answeroption", "fields": {"unique_name": "Adult relatives, such as adult children, cousins, or in-laws,ParticipantInductionVolatile,perm_residents,True", "option": "Adult relatives, such as adult children, cousins, or in-laws", "is_default": true, "field": "perm_residents", "table": "ParticipantInductionVolatile", "order": 3}}, {"pk": 72, "model": "survey_browser.answeroption", "fields": {"unique_name": "Adult nonrelatives, such as roommates,ParticipantInductionVolatile,perm_residents,True", "option": "Adult nonrelatives, such as roommates", "is_default": true, "field": "perm_residents", "table": "ParticipantInductionVolatile", "order": 4}}, {"pk": 73, "model": "survey_browser.answeroption", "fields": {"unique_name": "Children, under the age of 18,ParticipantInductionVolatile,perm_residents,True", "option": "Children, under the age of 18", "is_default": true, "field": "perm_residents", "table": "ParticipantInductionVolatile", "order": 5}}, {"pk": 74, "model": "survey_browser.answeroption", "fields": {"unique_name": "House,ParticipantInductionVolatile,housing_type,True", "option": "House", "is_default": true, "field": "housing_type", "table": "ParticipantInductionVolatile", "order": 1}}, {"pk": 75, "model": "survey_browser.answeroption", "fields": {"unique_name": "Apartment/condominium,ParticipantInductionVolatile,housing_type,True", "option": "Apartment/condominium", "is_default": true, "field": "housing_type", "table": "ParticipantInductionVolatile", "order": 2}}, {"pk": 76, "model": "survey_browser.answeroption", "fields": {"unique_name": "Independent living facility,ParticipantInductionVolatile,housing_type,True", "option": "Independent living facility", "is_default": true, "field": "housing_type", "table": "ParticipantInductionVolatile", "order": 3}}, {"pk": 77, "model": "survey_browser.answeroption", "fields": {"unique_name": "Assisted living facility,ParticipantInductionVolatile,housing_type,True", "option": "Assisted living facility", "is_default": true, "field": "housing_type", "table": "ParticipantInductionVolatile", "order": 4}}, {"pk": 78, "model": "survey_browser.answeroption", "fields": {"unique_name": "Nursing home,ParticipantInductionVolatile,housing_type,True", "option": "Nursing home", "is_default": true, "field": "housing_type", "table": "ParticipantInductionVolatile", "order": 5}}, {"pk": 79, "model": "survey_browser.answeroption", "fields": {"unique_name": "Relative's home,ParticipantInductionVolatile,housing_type,True", "option": "Relative's home", "is_default": true, "field": "housing_type", "table": "ParticipantInductionVolatile", "order": 6}}, {"pk": 80, "model": "survey_browser.answeroption", "fields": {"unique_name": "Less than $5,000,ParticipantInductionVolatile,household_income,True", "option": "Less than $5,000", "is_default": true, "field": "household_income", "table": "ParticipantInductionVolatile", "order": 1}}, {"pk": 81, "model": "survey_browser.answeroption", "fields": {"unique_name": "$5,000 - $9,999,ParticipantInductionVolatile,household_income,True", "option": "$5,000 - $9,999", "is_default": true, "field": "household_income", "table": "ParticipantInductionVolatile", "order": 2}}, {"pk": 82, "model": "survey_browser.answeroption", "fields": {"unique_name": "$10,000 - $14,999,ParticipantInductionVolatile,household_income,True", "option": "$10,000 - $14,999", "is_default": true, "field": "household_income", "table": "ParticipantInductionVolatile", "order": 3}}, {"pk": 83, "model": "survey_browser.answeroption", "fields": {"unique_name": "$15,000 - $19,999,ParticipantInductionVolatile,household_income,True", "option": "$15,000 - $19,999", "is_default": true, "field": "household_income", "table": "ParticipantInductionVolatile", "order": 4}}, {"pk": 84, "model": "survey_browser.answeroption", "fields": {"unique_name": "$20,000 - $29,999,ParticipantInductionVolatile,household_income,True", "option": "$20,000 - $29,999", "is_default": true, "field": "household_income", "table": "ParticipantInductionVolatile", "order": 5}}, {"pk": 85, "model": "survey_browser.answeroption", "fields": {"unique_name": "$30,000 - $39,999,ParticipantInductionVolatile,household_income,True", "option": "$30,000 - $39,999", "is_default": true, "field": "household_income", "table": "ParticipantInductionVolatile", "order": 6}}, {"pk": 86, "model": "survey_browser.answeroption", "fields": {"unique_name": "$40,000 - $49,999,ParticipantInductionVolatile,household_income,True", "option": "$40,000 - $49,999", "is_default": true, "field": "household_income", "table": "ParticipantInductionVolatile", "order": 7}}, {"pk": 87, "model": "survey_browser.answeroption", "fields": {"unique_name": "$50,000 - $69,999,ParticipantInductionVolatile,household_income,True", "option": "$50,000 - $69,999", "is_default": true, "field": "household_income", "table": "ParticipantInductionVolatile", "order": 8}}, {"pk": 88, "model": "survey_browser.answeroption", "fields": {"unique_name": "$70,000 - $99,999,ParticipantInductionVolatile,household_income,True", "option": "$70,000 - $99,999", "is_default": true, "field": "household_income", "table": "ParticipantInductionVolatile", "order": 9}}, {"pk": 89, "model": "survey_browser.answeroption", "fields": {"unique_name": "$100,000 or more,ParticipantInductionVolatile,household_income,True", "option": "$100,000 or more", "is_default": true, "field": "household_income", "table": "ParticipantInductionVolatile", "order": 10}}, {"pk": 90, "model": "survey_browser.answeroption", "fields": {"unique_name": "Do not know for certain,ParticipantInductionVolatile,household_income,True", "option": "Do not know for certain", "is_default": true, "field": "household_income", "table": "ParticipantInductionVolatile", "order": 11}}, {"pk": 91, "model": "survey_browser.answeroption", "fields": {"unique_name": "Do not wish to answer,ParticipantInductionVolatile,household_income,True", "option": "Do not wish to answer", "is_default": true, "field": "household_income", "table": "ParticipantInductionVolatile", "order": 12}}, {"pk": 92, "model": "survey_browser.answeroption", "fields": {"unique_name": "Work full-time,ParticipantInductionVolatile,occupation_status,True", "option": "Work full-time", "is_default": true, "field": "occupation_status", "table": "ParticipantInductionVolatile", "order": 1}}, {"pk": 93, "model": "survey_browser.answeroption", "fields": {"unique_name": "Work part-time,ParticipantInductionVolatile,occupation_status,True", "option": "Work part-time", "is_default": true, "field": "occupation_status", "table": "ParticipantInductionVolatile", "order": 2}}, {"pk": 94, "model": "survey_browser.answeroption", "fields": {"unique_name": "Self-employed,ParticipantInductionVolatile,occupation_status,True", "option": "Self-employed", "is_default": true, "field": "occupation_status", "table": "ParticipantInductionVolatile", "order": 3}}, {"pk": 95, "model": "survey_browser.answeroption", "fields": {"unique_name": "Homemaker,ParticipantInductionVolatile,occupation_status,True", "option": "Homemaker", "is_default": true, "field": "occupation_status", "table": "ParticipantInductionVolatile", "order": 4}}, {"pk": 96, "model": "survey_browser.answeroption", "fields": {"unique_name": "Volunteer worker,ParticipantInductionVolatile,occupation_status,True", "option": "Volunteer worker", "is_default": true, "field": "occupation_status", "table": "ParticipantInductionVolatile", "order": 5}}, {"pk": 97, "model": "survey_browser.answeroption", "fields": {"unique_name": "Retired,ParticipantInductionVolatile,occupation_status,True", "option": "Retired", "is_default": true, "field": "occupation_status", "table": "ParticipantInductionVolatile", "order": 6}}, {"pk": 98, "model": "survey_browser.answeroption", "fields": {"unique_name": "Several times a day,ParticipantInductionVolatile,leave_home_freq,True", "option": "Several times a day", "is_default": true, "field": "leave_home_freq", "table": "ParticipantInductionVolatile", "order": 1}}, {"pk": 99, "model": "survey_browser.answeroption", "fields": {"unique_name": "Every day,ParticipantInductionVolatile,leave_home_freq,True", "option": "Every day", "is_default": true, "field": "leave_home_freq", "table": "ParticipantInductionVolatile", "order": 2}}, {"pk": 100, "model": "survey_browser.answeroption", "fields": {"unique_name": "Several times a week,ParticipantInductionVolatile,leave_home_freq,True", "option": "Several times a week", "is_default": true, "field": "leave_home_freq", "table": "ParticipantInductionVolatile", "order": 3}}, {"pk": 101, "model": "survey_browser.answeroption", "fields": {"unique_name": "Once a week,ParticipantInductionVolatile,leave_home_freq,True", "option": "Once a week", "is_default": true, "field": "leave_home_freq", "table": "ParticipantInductionVolatile", "order": 4}}, {"pk": 102, "model": "survey_browser.answeroption", "fields": {"unique_name": "Once a month or less,ParticipantInductionVolatile,leave_home_freq,True", "option": "Once a month or less", "is_default": true, "field": "leave_home_freq", "table": "ParticipantInductionVolatile", "order": 5}}, {"pk": 103, "model": "survey_browser.answeroption", "fields": {"unique_name": "Work,ParticipantInductionVolatile,leave_home_reasons,True", "option": "Work", "is_default": true, "field": "leave_home_reasons", "table": "ParticipantInductionVolatile", "order": 1}}, {"pk": 104, "model": "survey_browser.answeroption", "fields": {"unique_name": "Errands (post office, grocery store, etc.),ParticipantInductionVolatile,leave_home_reasons,True", "option": "Errands (post office, grocery store, etc.)", "is_default": true, "field": "leave_home_reasons", "table": "ParticipantInductionVolatile", "order": 2}}, {"pk": 105, "model": "survey_browser.answeroption", "fields": {"unique_name": "Social activities (church, restaurant, entertainment, etc.),ParticipantInductionVolatile,leave_home_reasons,True", "option": "Social activities (church, restaurant, entertainment, etc.)", "is_default": true, "field": "leave_home_reasons", "table": "ParticipantInductionVolatile", "order": 3}}, {"pk": 106, "model": "survey_browser.answeroption", "fields": {"unique_name": "Activities around the home (walking to the mailbox, gardening, etc.),ParticipantInductionVolatile,leave_home_reasons,True", "option": "Activities around the home (walking to the mailbox, gardening, etc.)", "is_default": true, "field": "leave_home_reasons", "table": "ParticipantInductionVolatile", "order": 4}}, {"pk": 107, "model": "survey_browser.answeroption", "fields": {"unique_name": "Doctor/medical appointments,ParticipantInductionVolatile,leave_home_reasons,True", "option": "Doctor/medical appointments", "is_default": true, "field": "leave_home_reasons", "table": "ParticipantInductionVolatile", "order": 5}}, {"pk": 108, "model": "survey_browser.answeroption", "fields": {"unique_name": "Emergencies,ParticipantInductionVolatile,leave_home_reasons,True", "option": "Emergencies", "is_default": true, "field": "leave_home_reasons", "table": "ParticipantInductionVolatile", "order": 6}}, {"pk": 109, "model": "survey_browser.answeroption", "fields": {"unique_name": "Never,ParticipantMedicalCondition,condition_onset,True", "option": "Never", "is_default": true, "field": "condition_onset", "table": "ParticipantMedicalCondition", "order": 1}}, {"pk": 110, "model": "survey_browser.answeroption", "fields": {"unique_name": "In your lifetime,ParticipantMedicalCondition,condition_onset,True", "option": "In your lifetime", "is_default": true, "field": "condition_onset", "table": "ParticipantMedicalCondition", "order": 2}}, {"pk": 111, "model": "survey_browser.answeroption", "fields": {"unique_name": "Now,ParticipantMedicalCondition,condition_onset,True", "option": "Now", "is_default": true, "field": "condition_onset", "table": "ParticipantMedicalCondition", "order": 3}}, {"pk": 112, "model": "survey_browser.answeroption", "fields": {"unique_name": "Glasses,ParticipantMobilityHealth,assistive_devices,True", "option": "Glasses", "is_default": true, "field": "assistive_devices", "table": "ParticipantMobilityHealth", "order": 1}}, {"pk": 113, "model": "survey_browser.answeroption", "fields": {"unique_name": "Orthosis (e.g., knee brace),ParticipantMobilityHealth,assistive_devices,True", "option": "Orthosis (e.g., knee brace)", "is_default": true, "field": "assistive_devices", "table": "ParticipantMobilityHealth", "order": 2}}, {"pk": 114, "model": "survey_browser.answeroption", "fields": {"unique_name": "Contacts,ParticipantMobilityHealth,assistive_devices,True", "option": "Contacts", "is_default": true, "field": "assistive_devices", "table": "ParticipantMobilityHealth", "order": 3}}, {"pk": 115, "model": "survey_browser.answeroption", "fields": {"unique_name": "Prosthesis,ParticipantMobilityHealth,assistive_devices,True", "option": "Prosthesis", "is_default": true, "field": "assistive_devices", "table": "ParticipantMobilityHealth", "order": 4}}, {"pk": 116, "model": "survey_browser.answeroption", "fields": {"unique_name": "Hearing aid,ParticipantMobilityHealth,assistive_devices,True", "option": "Hearing aid", "is_default": true, "field": "assistive_devices", "table": "ParticipantMobilityHealth", "order": 5}}, {"pk": 117, "model": "survey_browser.answeroption", "fields": {"unique_name": "Cane,ParticipantMobilityHealth,mobility_aids,True", "option": "Cane", "is_default": true, "field": "mobility_aids", "table": "ParticipantMobilityHealth", "order": 1}}, {"pk": 118, "model": "survey_browser.answeroption", "fields": {"unique_name": "Scooter,ParticipantMobilityHealth,mobility_aids,True", "option": "Scooter", "is_default": true, "field": "mobility_aids", "table": "ParticipantMobilityHealth", "order": 2}}, {"pk": 119, "model": "survey_browser.answeroption", "fields": {"unique_name": "Crutch(es),ParticipantMobilityHealth,mobility_aids,True", "option": "Crutch(es)", "is_default": true, "field": "mobility_aids", "table": "ParticipantMobilityHealth", "order": 3}}, {"pk": 120, "model": "survey_browser.answeroption", "fields": {"unique_name": "Manual wheelchair,ParticipantMobilityHealth,mobility_aids,True", "option": "Manual wheelchair", "is_default": true, "field": "mobility_aids", "table": "ParticipantMobilityHealth", "order": 4}}, {"pk": 121, "model": "survey_browser.answeroption", "fields": {"unique_name": "Walker,ParticipantMobilityHealth,mobility_aids,True", "option": "Walker", "is_default": true, "field": "mobility_aids", "table": "ParticipantMobilityHealth", "order": 5}}, {"pk": 122, "model": "survey_browser.answeroption", "fields": {"unique_name": "Power wheelchair,ParticipantMobilityHealth,mobility_aids,True", "option": "Power wheelchair", "is_default": true, "field": "mobility_aids", "table": "ParticipantMobilityHealth", "order": 6}}, {"pk": 123, "model": "survey_browser.answeroption", "fields": {"unique_name": "Very sedentary,ParticipantMobilityHealth,physical_activity,True", "option": "Very sedentary", "is_default": true, "field": "physical_activity", "table": "ParticipantMobilityHealth", "order": 1}}, {"pk": 124, "model": "survey_browser.answeroption", "fields": {"unique_name": "Moderately sedentary,ParticipantMobilityHealth,physical_activity,True", "option": "Moderately sedentary", "is_default": true, "field": "physical_activity", "table": "ParticipantMobilityHealth", "order": 2}}, {"pk": 125, "model": "survey_browser.answeroption", "fields": {"unique_name": "Mildly active,ParticipantMobilityHealth,physical_activity,True", "option": "Mildly active", "is_default": true, "field": "physical_activity", "table": "ParticipantMobilityHealth", "order": 3}}, {"pk": 126, "model": "survey_browser.answeroption", "fields": {"unique_name": "Active,ParticipantMobilityHealth,physical_activity,True", "option": "Active", "is_default": true, "field": "physical_activity", "table": "ParticipantMobilityHealth", "order": 4}}, {"pk": 127, "model": "survey_browser.answeroption", "fields": {"unique_name": "Very active,ParticipantMobilityHealth,physical_activity,True", "option": "Very active", "is_default": true, "field": "physical_activity", "table": "ParticipantMobilityHealth", "order": 5}}, {"pk": 128, "model": "survey_browser.answeroption", "fields": {"unique_name": "Once a day,ParticipantMedication,dose_frequency,True", "option": "Once a day", "is_default": true, "field": "dose_frequency", "table": "ParticipantMedication", "order": 1}}, {"pk": 129, "model": "survey_browser.answeroption", "fields": {"unique_name": "Twice a day,ParticipantMedication,dose_frequency,True", "option": "Twice a day", "is_default": true, "field": "dose_frequency", "table": "ParticipantMedication", "order": 2}}, {"pk": 130, "model": "survey_browser.answeroption", "fields": {"unique_name": "Three times a day,ParticipantMedication,dose_frequency,True", "option": "Three times a day", "is_default": true, "field": "dose_frequency", "table": "ParticipantMedication", "order": 3}}, {"pk": 131, "model": "survey_browser.answeroption", "fields": {"unique_name": "Every other day,ParticipantMedication,dose_frequency,True", "option": "Every other day", "is_default": true, "field": "dose_frequency", "table": "ParticipantMedication", "order": 4}}, {"pk": 132, "model": "survey_browser.answeroption", "fields": {"unique_name": "As needed,ParticipantMedication,dose_frequency,True", "option": "As needed", "is_default": true, "field": "dose_frequency", "table": "ParticipantMedication", "order": 5}}, {"pk": 133, "model": "survey_browser.answeroption", "fields": {"unique_name": "scale1:Unable to do", "option": "Unable to do", "is_default": true, "field": "option", "table": "ScaleQuestionAndOption", "order": 1}}, {"pk": 134, "model": "survey_browser.answeroption", "fields": {"unique_name": "scale1:Very difficult", "option": "Very difficult", "is_default": true, "field": "option", "table": "ScaleQuestionAndOption", "order": 2}}, {"pk": 135, "model": "survey_browser.answeroption", "fields": {"unique_name": "scale1:Moderately difficult", "option": "Moderately difficult", "is_default": true, "field": "option", "table": "ScaleQuestionAndOption", "order": 3}}, {"pk": 136, "model": "survey_browser.answeroption", "fields": {"unique_name": "scale1:A little difficult", "option": "A little difficult", "is_default": true, "field": "option", "table": "ScaleQuestionAndOption", "order": 4}}, {"pk": 137, "model": "survey_browser.answeroption", "fields": {"unique_name": "scale1:Not at all difficult", "option": "Not at all difficult", "is_default": true, "field": "option", "table": "ScaleQuestionAndOption", "order": 5}}, {"pk": 138, "model": "survey_browser.answeroption", "fields": {"unique_name": "scale2:All of the time", "option": "All of the time", "is_default": true, "field": "option", "table": "ScaleQuestionAndOption", "order": 1}}, {"pk": 139, "model": "survey_browser.answeroption", "fields": {"unique_name": "scale2:Most of the time", "option": "Most of the time", "is_default": true, "field": "option", "table": "ScaleQuestionAndOption", "order": 2}}, {"pk": 140, "model": "survey_browser.answeroption", "fields": {"unique_name": "scale2:Some of the time", "option": "Some of the time", "is_default": true, "field": "option", "table": "ScaleQuestionAndOption", "order": 3}}, {"pk": 141, "model": "survey_browser.answeroption", "fields": {"unique_name": "scale2:A little of the time", "option": "A little of the time", "is_default": true, "field": "option", "table": "ScaleQuestionAndOption", "order": 4}}, {"pk": 142, "model": "survey_browser.answeroption", "fields": {"unique_name": "scale2:None of the time", "option": "None of the time", "is_default": true, "field": "option", "table": "ScaleQuestionAndOption", "order": 5}}, {"pk": 143, "model": "survey_browser.answeroption", "fields": {"unique_name": "scale3:Extremely bothered", "option": "Extremely bothered", "is_default": true, "field": "option", "table": "ScaleQuestionAndOption", "order": 1}}, {"pk": 144, "model": "survey_browser.answeroption", "fields": {"unique_name": "scale3:Very bothered", "option": "Very bothered", "is_default": true, "field": "option", "table": "ScaleQuestionAndOption", "order": 2}}, {"pk": 145, "model": "survey_browser.answeroption", "fields": {"unique_name": "scale3:Moderately bothered", "option": "Moderately bothered", "is_default": true, "field": "option", "table": "ScaleQuestionAndOption", "order": 3}}, {"pk": 146, "model": "survey_browser.answeroption", "fields": {"unique_name": "scale3:A little bothered", "option": "A little bothered", "is_default": true, "field": "option", "table": "ScaleQuestionAndOption", "order": 4}}, {"pk": 147, "model": "survey_browser.answeroption", "fields": {"unique_name": "scale3:Not at all bothered", "option": "Not at all bothered", "is_default": true, "field": "option", "table": "ScaleQuestionAndOption", "order": 5}}, {"pk": 148, "model": "survey_browser.answeroption", "fields": {"unique_name": "scale4:Not at all", "option": "Not at all", "is_default": true, "field": "option", "table": "ScaleQuestionAndOption", "order": 1}}, {"pk": 149, "model": "survey_browser.answeroption", "fields": {"unique_name": "scale4:A little bit", "option": "A little bit", "is_default": true, "field": "option", "table": "ScaleQuestionAndOption", "order": 2}}, {"pk": 150, "model": "survey_browser.answeroption", "fields": {"unique_name": "scale4:Somewhat", "option": "Somewhat", "is_default": true, "field": "option", "table": "ScaleQuestionAndOption", "order": 3}}, {"pk": 151, "model": "survey_browser.answeroption", "fields": {"unique_name": "scale4:Quite a bit", "option": "Quite a bit", "is_default": true, "field": "option", "table": "ScaleQuestionAndOption", "order": 4}}, {"pk": 152, "model": "survey_browser.answeroption", "fields": {"unique_name": "scale4:Very much", "option": "Very much", "is_default": true, "field": "option", "table": "ScaleQuestionAndOption", "order": 5}}, {"pk": 153, "model": "survey_browser.answeroption", "fields": {"unique_name": "scale5:Very poor", "option": "Very poor", "is_default": true, "field": "option", "table": "ScaleQuestionAndOption", "order": 1}}, {"pk": 154, "model": "survey_browser.answeroption", "fields": {"unique_name": "scale5:Poor", "option": "Poor", "is_default": true, "field": "option", "table": "ScaleQuestionAndOption", "order": 2}}, {"pk": 155, "model": "survey_browser.answeroption", "fields": {"unique_name": "scale5:Neither poor nor good", "option": "Neither poor nor good", "is_default": true, "field": "option", "table": "ScaleQuestionAndOption", "order": 3}}, {"pk": 156, "model": "survey_browser.answeroption", "fields": {"unique_name": "scale5:Good", "option": "Good", "is_default": true, "field": "option", "table": "ScaleQuestionAndOption", "order": 4}}, {"pk": 157, "model": "survey_browser.answeroption", "fields": {"unique_name": "scale5:Very good", "option": "Very good", "is_default": true, "field": "option", "table": "ScaleQuestionAndOption", "order": 5}}, {"pk": 158, "model": "survey_browser.answeroption", "fields": {"unique_name": "scale6:Very dissatisfied", "option": "Very dissatisfied", "is_default": true, "field": "option", "table": "ScaleQuestionAndOption", "order": 1}}, {"pk": 159, "model": "survey_browser.answeroption", "fields": {"unique_name": "scale6:Dissatisfied", "option": "Dissatisfied", "is_default": true, "field": "option", "table": "ScaleQuestionAndOption", "order": 2}}, {"pk": 160, "model": "survey_browser.answeroption", "fields": {"unique_name": "scale6:Neither satisfied nor dissatisfied", "option": "Neither satisfied nor dissatisfied", "is_default": true, "field": "option", "table": "ScaleQuestionAndOption", "order": 3}}, {"pk": 161, "model": "survey_browser.answeroption", "fields": {"unique_name": "scale6:Satisfied", "option": "Satisfied", "is_default": true, "field": "option", "table": "ScaleQuestionAndOption", "order": 4}}, {"pk": 162, "model": "survey_browser.answeroption", "fields": {"unique_name": "scale6:Very satisfied", "option": "Very satisfied", "is_default": true, "field": "option", "table": "ScaleQuestionAndOption", "order": 5}}, {"pk": 163, "model": "survey_browser.answeroption", "fields": {"unique_name": "scale7:Not at all", "option": "Not at all", "is_default": true, "field": "option", "table": "ScaleQuestionAndOption", "order": 1}}, {"pk": 164, "model": "survey_browser.answeroption", "fields": {"unique_name": "scale7:A little", "option": "A little", "is_default": true, "field": "option", "table": "ScaleQuestionAndOption", "order": 2}}, {"pk": 165, "model": "survey_browser.answeroption", "fields": {"unique_name": "scale7:A moderate amount", "option": "A moderate amount", "is_default": true, "field": "option", "table": "ScaleQuestionAndOption", "order": 3}}, {"pk": 166, "model": "survey_browser.answeroption", "fields": {"unique_name": "scale7:Very much", "option": "Very much", "is_default": true, "field": "option", "table": "ScaleQuestionAndOption", "order": 4}}, {"pk": 167, "model": "survey_browser.answeroption", "fields": {"unique_name": "scale7:An extreme amount", "option": "An extreme amount", "is_default": true, "field": "option", "table": "ScaleQuestionAndOption", "order": 5}}, {"pk": 168, "model": "survey_browser.answeroption", "fields": {"unique_name": "scale8:Not at all", "option": "Not at all", "is_default": true, "field": "option", "table": "ScaleQuestionAndOption", "order": 1}}, {"pk": 169, "model": "survey_browser.answeroption", "fields": {"unique_name": "scale8:A little", "option": "A little", "is_default": true, "field": "option", "table": "ScaleQuestionAndOption", "order": 2}}, {"pk": 170, "model": "survey_browser.answeroption", "fields": {"unique_name": "scale8:A moderate amount", "option": "A moderate amount", "is_default": true, "field": "option", "table": "ScaleQuestionAndOption", "order": 3}}, {"pk": 171, "model": "survey_browser.answeroption", "fields": {"unique_name": "scale8:Very much", "option": "Very much", "is_default": true, "field": "option", "table": "ScaleQuestionAndOption", "order": 4}}, {"pk": 172, "model": "survey_browser.answeroption", "fields": {"unique_name": "scale8:Extremely", "option": "Extremely", "is_default": true, "field": "option", "table": "ScaleQuestionAndOption", "order": 5}}, {"pk": 173, "model": "survey_browser.answeroption", "fields": {"unique_name": "scale9:Never", "option": "Never", "is_default": true, "field": "option", "table": "ScaleQuestionAndOption", "order": 1}}, {"pk": 174, "model": "survey_browser.answeroption", "fields": {"unique_name": "scale9:Seldom", "option": "Seldom", "is_default": true, "field": "option", "table": "ScaleQuestionAndOption", "order": 2}}, {"pk": 175, "model": "survey_browser.answeroption", "fields": {"unique_name": "scale9:Quite often", "option": "Quite often", "is_default": true, "field": "option", "table": "ScaleQuestionAndOption", "order": 3}}, {"pk": 176, "model": "survey_browser.answeroption", "fields": {"unique_name": "scale9:Very often", "option": "Very often", "is_default": true, "field": "option", "table": "ScaleQuestionAndOption", "order": 4}}, {"pk": 177, "model": "survey_browser.answeroption", "fields": {"unique_name": "scale9:Always", "option": "Always", "is_default": true, "field": "option", "table": "ScaleQuestionAndOption", "order": 5}}, {"pk": 178, "model": "survey_browser.answeroption", "fields": {"unique_name": "scale10:Not at all", "option": "Not at all", "is_default": true, "field": "option", "table": "ScaleQuestionAndOption", "order": 1}}, {"pk": 179, "model": "survey_browser.answeroption", "fields": {"unique_name": "scale10:Slightly", "option": "Slightly", "is_default": true, "field": "option", "table": "ScaleQuestionAndOption", "order": 2}}, {"pk": 180, "model": "survey_browser.answeroption", "fields": {"unique_name": "scale10:Moderately", "option": "Moderately", "is_default": true, "field": "option", "table": "ScaleQuestionAndOption", "order": 3}}, {"pk": 181, "model": "survey_browser.answeroption", "fields": {"unique_name": "scale10:Very much", "option": "Very much", "is_default": true, "field": "option", "table": "ScaleQuestionAndOption", "order": 4}}, {"pk": 182, "model": "survey_browser.answeroption", "fields": {"unique_name": "scale10:Extremely", "option": "Extremely", "is_default": true, "field": "option", "table": "ScaleQuestionAndOption", "order": 5}}, {"pk": 183, "model": "survey_browser.answeroption", "fields": {"unique_name": "scale11:Not at all", "option": "Not at all", "is_default": true, "field": "option", "table": "ScaleQuestionAndOption", "order": 1}}, {"pk": 184, "model": "survey_browser.answeroption", "fields": {"unique_name": "scale11:A little", "option": "A little", "is_default": true, "field": "option", "table": "ScaleQuestionAndOption", "order": 2}}, {"pk": 185, "model": "survey_browser.answeroption", "fields": {"unique_name": "scale11:Moderately", "option": "Moderately", "is_default": true, "field": "option", "table": "ScaleQuestionAndOption", "order": 3}}, {"pk": 186, "model": "survey_browser.answeroption", "fields": {"unique_name": "scale11:Mostly", "option": "Mostly", "is_default": true, "field": "option", "table": "ScaleQuestionAndOption", "order": 4}}, {"pk": 187, "model": "survey_browser.answeroption", "fields": {"unique_name": "scale11:Completely", "option": "Completely", "is_default": true, "field": "option", "table": "ScaleQuestionAndOption", "order": 5}}, {"pk": 188, "model": "survey_browser.answeroption", "fields": {"unique_name": "scale12:Don't have", "option": "Don't have", "is_default": true, "field": "option", "table": "ScaleQuestionAndOption", "order": 1}}, {"pk": 189, "model": "survey_browser.answeroption", "fields": {"unique_name": "scale12:Once a month or less", "option": "Once a month or less", "is_default": true, "field": "option", "table": "ScaleQuestionAndOption", "order": 2}}, {"pk": 190, "model": "survey_browser.answeroption", "fields": {"unique_name": "scale12:Once a week", "option": "Once a week", "is_default": true, "field": "option", "table": "ScaleQuestionAndOption", "order": 3}}, {"pk": 191, "model": "survey_browser.answeroption", "fields": {"unique_name": "scale12:Several times a week", "option": "Several times a week", "is_default": true, "field": "option", "table": "ScaleQuestionAndOption", "order": 4}}, {"pk": 192, "model": "survey_browser.answeroption", "fields": {"unique_name": "scale12:Every day", "option": "Every day", "is_default": true, "field": "option", "table": "ScaleQuestionAndOption", "order": 5}}, {"pk": 193, "model": "survey_browser.answeroption", "fields": {"unique_name": "scale12:Several times a day", "option": "Several times a day", "is_default": true, "field": "option", "table": "ScaleQuestionAndOption", "order": 6}}, {"pk": 194, "model": "survey_browser.answeroption", "fields": {"unique_name": "scale13:N/A", "option": "N/A", "is_default": true, "field": "option", "table": "ScaleQuestionAndOption", "order": 1}}, {"pk": 195, "model": "survey_browser.answeroption", "fields": {"unique_name": "scale13:Never", "option": "Never", "is_default": true, "field": "option", "table": "ScaleQuestionAndOption", "order": 2}}, {"pk": 196, "model": "survey_browser.answeroption", "fields": {"unique_name": "scale13:Once a month or less", "option": "Once a month or less", "is_default": true, "field": "option", "table": "ScaleQuestionAndOption", "order": 3}}, {"pk": 197, "model": "survey_browser.answeroption", "fields": {"unique_name": "scale13:Once a week", "option": "Once a week", "is_default": true, "field": "option", "table": "ScaleQuestionAndOption", "order": 4}}, {"pk": 198, "model": "survey_browser.answeroption", "fields": {"unique_name": "scale13:Several times a week", "option": "Several times a week", "is_default": true, "field": "option", "table": "ScaleQuestionAndOption", "order": 5}}, {"pk": 199, "model": "survey_browser.answeroption", "fields": {"unique_name": "scale13:Every day", "option": "Every day", "is_default": true, "field": "option", "table": "ScaleQuestionAndOption", "order": 6}}, {"pk": 200, "model": "survey_browser.answeroption", "fields": {"unique_name": "scale13:Several times a day", "option": "Several times a day", "is_default": true, "field": "option", "table": "ScaleQuestionAndOption", "order": 7}}, {"pk": 201, "model": "survey_browser.answeroption", "fields": {"unique_name": "scale14:Never", "option": "Never", "is_default": true, "field": "option", "table": "ScaleQuestionAndOption", "order": 1}}, {"pk": 202, "model": "survey_browser.answeroption", "fields": {"unique_name": "scale14:Once a month or less", "option": "Once a month or less", "is_default": true, "field": "option", "table": "ScaleQuestionAndOption", "order": 2}}, {"pk": 203, "model": "survey_browser.answeroption", "fields": {"unique_name": "scale14:Once a week", "option": "Once a week", "is_default": true, "field": "option", "table": "ScaleQuestionAndOption", "order": 3}}, {"pk": 204, "model": "survey_browser.answeroption", "fields": {"unique_name": "scale14:Several times a week", "option": "Several times a week", "is_default": true, "field": "option", "table": "ScaleQuestionAndOption", "order": 4}}, {"pk": 205, "model": "survey_browser.answeroption", "fields": {"unique_name": "scale14:Every day", "option": "Every day", "is_default": true, "field": "option", "table": "ScaleQuestionAndOption", "order": 5}}, {"pk": 206, "model": "survey_browser.answeroption", "fields": {"unique_name": "scale14:Several times a day", "option": "Several times a day", "is_default": true, "field": "option", "table": "ScaleQuestionAndOption", "order": 6}}, {"pk": 207, "model": "survey_browser.answeroption", "fields": {"unique_name": "scale14:N/A", "option": "N/A", "is_default": true, "field": "option", "table": "ScaleQuestionAndOption", "order": 10}}, {"pk": 208, "model": "survey_browser.answeroption", "fields": {"unique_name": "scale15:Confidence 1", "option": "Confidence 1", "is_default": true, "field": "option", "table": "ScaleQuestionAndOption", "order": 1}}, {"pk": 209, "model": "survey_browser.answeroption", "fields": {"unique_name": "scale15:Confidence 2", "option": "Confidence 2", "is_default": true, "field": "option", "table": "ScaleQuestionAndOption", "order": 2}}, {"pk": 210, "model": "survey_browser.answeroption", "fields": {"unique_name": "scale15:Confidence 3", "option": "Confidence 3", "is_default": true, "field": "option", "table": "ScaleQuestionAndOption", "order": 3}}, {"pk": 211, "model": "survey_browser.answeroption", "fields": {"unique_name": "scale15:Confidence 4", "option": "Confidence 4", "is_default": true, "field": "option", "table": "ScaleQuestionAndOption", "order": 4}}, {"pk": 212, "model": "survey_browser.answeroption", "fields": {"unique_name": "scale15:Confidence 5", "option": "Confidence 5", "is_default": true, "field": "option", "table": "ScaleQuestionAndOption", "order": 5}}, {"pk": 213, "model": "survey_browser.answeroption", "fields": {"unique_name": "scale15:Confidence 6", "option": "Confidence 6", "is_default": true, "field": "option", "table": "ScaleQuestionAndOption", "order": 6}}, {"pk": 214, "model": "survey_browser.answeroption", "fields": {"unique_name": "scale15:Confidence 7", "option": "Confidence 7", "is_default": true, "field": "option", "table": "ScaleQuestionAndOption", "order": 7}}, {"pk": 215, "model": "survey_browser.answeroption", "fields": {"unique_name": "scale15:Confidence 8", "option": "Confidence 8", "is_default": true, "field": "option", "table": "ScaleQuestionAndOption", "order": 8}}, {"pk": 216, "model": "survey_browser.answeroption", "fields": {"unique_name": "scale15:Confidence 9", "option": "Confidence 9", "is_default": true, "field": "option", "table": "ScaleQuestionAndOption", "order": 9}}, {"pk": 217, "model": "survey_browser.answeroption", "fields": {"unique_name": "scale15:Confidence 10", "option": "Confidence 10", "is_default": true, "field": "option", "table": "ScaleQuestionAndOption", "order": 10}}, {"pk": 218, "model": "survey_browser.answeroption", "fields": {"unique_name": "scale16:Not at all", "option": "Not at all", "is_default": true, "field": "option", "table": "ScaleQuestionAndOption", "order": 1}}, {"pk": 219, "model": "survey_browser.answeroption", "fields": {"unique_name": "scale16:Only a little", "option": "Only a little", "is_default": true, "field": "option", "table": "ScaleQuestionAndOption", "order": 2}}, {"pk": 220, "model": "survey_browser.answeroption", "fields": {"unique_name": "scale16:Some", "option": "Some", "is_default": true, "field": "option", "table": "ScaleQuestionAndOption", "order": 3}}, {"pk": 221, "model": "survey_browser.answeroption", "fields": {"unique_name": "scale16:A lot", "option": "A lot", "is_default": true, "field": "option", "table": "ScaleQuestionAndOption", "order": 4}}, {"pk": 222, "model": "survey_browser.answeroption", "fields": {"unique_name": "Front,ResidenceEntrance,location,True", "option": "Front", "is_default": true, "field": "location", "table": "ResidenceEntrance", "order": 1}}, {"pk": 223, "model": "survey_browser.answeroption", "fields": {"unique_name": "Back,ResidenceEntrance,location,True", "option": "Back", "is_default": true, "field": "location", "table": "ResidenceEntrance", "order": 2}}, {"pk": 224, "model": "survey_browser.answeroption", "fields": {"unique_name": "Side,ResidenceEntrance,location,True", "option": "Side", "is_default": true, "field": "location", "table": "ResidenceEntrance", "order": 3}}, {"pk": 225, "model": "survey_browser.answeroption", "fields": {"unique_name": "Garage,ResidenceEntrance,location,True", "option": "Garage", "is_default": true, "field": "location", "table": "ResidenceEntrance", "order": 4}}, {"pk": 226, "model": "survey_browser.answeroption", "fields": {"unique_name": "Other,ResidenceEntrance,location,True", "option": "Other", "is_default": true, "field": "location", "table": "ResidenceEntrance", "order": 5}}, {"pk": 227, "model": "survey_browser.answeroption", "fields": {"unique_name": "Basement,ResidenceEntrance,floor,True", "option": "Basement", "is_default": true, "field": "floor", "table": "ResidenceEntrance", "order": 1}}, {"pk": 228, "model": "survey_browser.answeroption", "fields": {"unique_name": "1st,ResidenceEntrance,floor,True", "option": "1st", "is_default": true, "field": "floor", "table": "ResidenceEntrance", "order": 2}}, {"pk": 229, "model": "survey_browser.answeroption", "fields": {"unique_name": "2nd,ResidenceEntrance,floor,True", "option": "2nd", "is_default": true, "field": "floor", "table": "ResidenceEntrance", "order": 3}}, {"pk": 230, "model": "survey_browser.answeroption", "fields": {"unique_name": "Other,ResidenceEntrance,floor,True", "option": "Other", "is_default": true, "field": "floor", "table": "ResidenceEntrance", "order": 4}}, {"pk": 231, "model": "survey_browser.answeroption", "fields": {"unique_name": "None,ResidenceEntrance,t_stairs,True", "option": "None", "is_default": true, "field": "t_stairs", "table": "ResidenceEntrance", "order": 1}}, {"pk": 232, "model": "survey_browser.answeroption", "fields": {"unique_name": "Straight,ResidenceEntrance,t_stairs,True", "option": "Straight", "is_default": true, "field": "t_stairs", "table": "ResidenceEntrance", "order": 2}}, {"pk": 233, "model": "survey_browser.answeroption", "fields": {"unique_name": "Landing(s),ResidenceEntrance,t_stairs,True", "option": "Landing(s)", "is_default": true, "field": "t_stairs", "table": "ResidenceEntrance", "order": 3}}, {"pk": 234, "model": "survey_browser.answeroption", "fields": {"unique_name": "Porch/Deck,ResidenceEntrance,t_stairs,True", "option": "Porch/Deck", "is_default": true, "field": "t_stairs", "table": "ResidenceEntrance", "order": 4}}, {"pk": 235, "model": "survey_browser.answeroption", "fields": {"unique_name": "Other,ResidenceEntrance,t_stairs,True", "option": "Other", "is_default": true, "field": "t_stairs", "table": "ResidenceEntrance", "order": 5}}, {"pk": 236, "model": "survey_browser.answeroption", "fields": {"unique_name": "Several Times A Day,ResidenceEntrance,use_freq,True", "option": "Several Times A Day", "is_default": true, "field": "use_freq", "table": "ResidenceEntrance", "order": 1}}, {"pk": 237, "model": "survey_browser.answeroption", "fields": {"unique_name": "Daily,ResidenceEntrance,use_freq,True", "option": "Daily", "is_default": true, "field": "use_freq", "table": "ResidenceEntrance", "order": 2}}, {"pk": 238, "model": "survey_browser.answeroption", "fields": {"unique_name": "Weekly,ResidenceEntrance,use_freq,True", "option": "Weekly", "is_default": true, "field": "use_freq", "table": "ResidenceEntrance", "order": 3}}, {"pk": 239, "model": "survey_browser.answeroption", "fields": {"unique_name": "Monthly,ResidenceEntrance,use_freq,True", "option": "Monthly", "is_default": true, "field": "use_freq", "table": "ResidenceEntrance", "order": 4}}, {"pk": 240, "model": "survey_browser.answeroption", "fields": {"unique_name": "Rarely,ResidenceEntrance,use_freq,True", "option": "Rarely", "is_default": true, "field": "use_freq", "table": "ResidenceEntrance", "order": 5}}, {"pk": 241, "model": "survey_browser.answeroption", "fields": {"unique_name": "Never,ResidenceEntrance,use_freq,True", "option": "Never", "is_default": true, "field": "use_freq", "table": "ResidenceEntrance", "order": 6}}, {"pk": 242, "model": "survey_browser.answeroption", "fields": {"unique_name": "Bathroom,ResidenceRoom,room_type,True", "option": "Bathroom", "is_default": true, "field": "room_type", "table": "ResidenceRoom", "order": 1}}, {"pk": 243, "model": "survey_browser.answeroption", "fields": {"unique_name": "Bedroom,ResidenceRoom,room_type,True", "option": "Bedroom", "is_default": true, "field": "room_type", "table": "ResidenceRoom", "order": 2}}, {"pk": 244, "model": "survey_browser.answeroption", "fields": {"unique_name": "Bonus Room,ResidenceRoom,room_type,True", "option": "Bonus Room", "is_default": true, "field": "room_type", "table": "ResidenceRoom", "order": 3}}, {"pk": 245, "model": "survey_browser.answeroption", "fields": {"unique_name": "Carport,ResidenceRoom,room_type,True", "option": "Carport", "is_default": true, "field": "room_type", "table": "ResidenceRoom", "order": 4}}, {"pk": 246, "model": "survey_browser.answeroption", "fields": {"unique_name": "Den/Family Room,ResidenceRoom,room_type,True", "option": "Den/Family Room", "is_default": true, "field": "room_type", "table": "ResidenceRoom", "order": 5}}, {"pk": 247, "model": "survey_browser.answeroption", "fields": {"unique_name": "Dining Room,ResidenceRoom,room_type,True", "option": "Dining Room", "is_default": true, "field": "room_type", "table": "ResidenceRoom", "order": 6}}, {"pk": 248, "model": "survey_browser.answeroption", "fields": {"unique_name": "Entry/Foyer,ResidenceRoom,room_type,True", "option": "Entry/Foyer", "is_default": true, "field": "room_type", "table": "ResidenceRoom", "order": 7}}, {"pk": 249, "model": "survey_browser.answeroption", "fields": {"unique_name": "Garage,ResidenceRoom,room_type,True", "option": "Garage", "is_default": true, "field": "room_type", "table": "ResidenceRoom", "order": 8}}, {"pk": 250, "model": "survey_browser.answeroption", "fields": {"unique_name": "Hallway,ResidenceRoom,room_type,True", "option": "Hallway", "is_default": true, "field": "room_type", "table": "ResidenceRoom", "order": 9}}, {"pk": 251, "model": "survey_browser.answeroption", "fields": {"unique_name": "Kitchen,ResidenceRoom,room_type,True", "option": "Kitchen", "is_default": true, "field": "room_type", "table": "ResidenceRoom", "order": 10}}, {"pk": 252, "model": "survey_browser.answeroption", "fields": {"unique_name": "Laundry Room,ResidenceRoom,room_type,True", "option": "Laundry Room", "is_default": true, "field": "room_type", "table": "ResidenceRoom", "order": 11}}, {"pk": 253, "model": "survey_browser.answeroption", "fields": {"unique_name": "Library,ResidenceRoom,room_type,True", "option": "Library", "is_default": true, "field": "room_type", "table": "ResidenceRoom", "order": 12}}, {"pk": 254, "model": "survey_browser.answeroption", "fields": {"unique_name": "Living Room,ResidenceRoom,room_type,True", "option": "Living Room", "is_default": true, "field": "room_type", "table": "ResidenceRoom", "order": 13}}, {"pk": 255, "model": "survey_browser.answeroption", "fields": {"unique_name": "Master Bath,ResidenceRoom,room_type,True", "option": "Master Bath", "is_default": true, "field": "room_type", "table": "ResidenceRoom", "order": 14}}, {"pk": 256, "model": "survey_browser.answeroption", "fields": {"unique_name": "Master Bedroom,ResidenceRoom,room_type,True", "option": "Master Bedroom", "is_default": true, "field": "room_type", "table": "ResidenceRoom", "order": 15}}, {"pk": 257, "model": "survey_browser.answeroption", "fields": {"unique_name": "Office,ResidenceRoom,room_type,True", "option": "Office", "is_default": true, "field": "room_type", "table": "ResidenceRoom", "order": 16}}, {"pk": 258, "model": "survey_browser.answeroption", "fields": {"unique_name": "Outbuilding,ResidenceRoom,room_type,True", "option": "Outbuilding", "is_default": true, "field": "room_type", "table": "ResidenceRoom", "order": 17}}, {"pk": 259, "model": "survey_browser.answeroption", "fields": {"unique_name": "Porch/Deck,ResidenceRoom,room_type,True", "option": "Porch/Deck", "is_default": true, "field": "room_type", "table": "ResidenceRoom", "order": 18}}, {"pk": 260, "model": "survey_browser.answeroption", "fields": {"unique_name": "Rec Room,ResidenceRoom,room_type,True", "option": "Rec Room", "is_default": true, "field": "room_type", "table": "ResidenceRoom", "order": 19}}, {"pk": 261, "model": "survey_browser.answeroption", "fields": {"unique_name": "Storage Room,ResidenceRoom,room_type,True", "option": "Storage Room", "is_default": true, "field": "room_type", "table": "ResidenceRoom", "order": 20}}, {"pk": 262, "model": "survey_browser.answeroption", "fields": {"unique_name": "Sunroom,ResidenceRoom,room_type,True", "option": "Sunroom", "is_default": true, "field": "room_type", "table": "ResidenceRoom", "order": 21}}, {"pk": 263, "model": "survey_browser.answeroption", "fields": {"unique_name": "Workshop,ResidenceRoom,room_type,True", "option": "Workshop", "is_default": true, "field": "room_type", "table": "ResidenceRoom", "order": 22}}, {"pk": 264, "model": "survey_browser.answeroption", "fields": {"unique_name": "Other,ResidenceRoom,room_type,True", "option": "Other", "is_default": true, "field": "room_type", "table": "ResidenceRoom", "order": 23}}, {"pk": 265, "model": "survey_browser.answeroption", "fields": {"unique_name": "Basement,ResidenceRoom,location,True", "option": "Basement", "is_default": true, "field": "location", "table": "ResidenceRoom", "order": 1}}, {"pk": 266, "model": "survey_browser.answeroption", "fields": {"unique_name": "1st Floor,ResidenceRoom,location,True", "option": "1st Floor", "is_default": true, "field": "location", "table": "ResidenceRoom", "order": 2}}, {"pk": 267, "model": "survey_browser.answeroption", "fields": {"unique_name": "2nd Floor,ResidenceRoom,location,True", "option": "2nd Floor", "is_default": true, "field": "location", "table": "ResidenceRoom", "order": 3}}, {"pk": 268, "model": "survey_browser.answeroption", "fields": {"unique_name": "3rd Floor,ResidenceRoom,location,True", "option": "3rd Floor", "is_default": true, "field": "location", "table": "ResidenceRoom", "order": 4}}, {"pk": 269, "model": "survey_browser.answeroption", "fields": {"unique_name": "Attic,ResidenceRoom,location,True", "option": "Attic", "is_default": true, "field": "location", "table": "ResidenceRoom", "order": 5}}, {"pk": 270, "model": "survey_browser.answeroption", "fields": {"unique_name": "Exterior,ResidenceRoom,location,True", "option": "Exterior", "is_default": true, "field": "location", "table": "ResidenceRoom", "order": 6}}, {"pk": 271, "model": "survey_browser.answeroption", "fields": {"unique_name": "Other,ResidenceRoom,location,True", "option": "Other", "is_default": true, "field": "location", "table": "ResidenceRoom", "order": 7}}, {"pk": 272, "model": "survey_browser.answeroption", "fields": {"unique_name": "Carpet,ResidenceRoom,floor_type,True", "option": "Carpet", "is_default": true, "field": "floor_type", "table": "ResidenceRoom", "order": 1}}, {"pk": 273, "model": "survey_browser.answeroption", "fields": {"unique_name": "Hardwood,ResidenceRoom,floor_type,True", "option": "Hardwood", "is_default": true, "field": "floor_type", "table": "ResidenceRoom", "order": 2}}, {"pk": 274, "model": "survey_browser.answeroption", "fields": {"unique_name": "Tile,ResidenceRoom,floor_type,True", "option": "Tile", "is_default": true, "field": "floor_type", "table": "ResidenceRoom", "order": 3}}, {"pk": 275, "model": "survey_browser.answeroption", "fields": {"unique_name": "Vinyl,ResidenceRoom,floor_type,True", "option": "Vinyl", "is_default": true, "field": "floor_type", "table": "ResidenceRoom", "order": 4}}, {"pk": 276, "model": "survey_browser.answeroption", "fields": {"unique_name": "Concrete,ResidenceRoom,floor_type,True", "option": "Concrete", "is_default": true, "field": "floor_type", "table": "ResidenceRoom", "order": 5}}, {"pk": 277, "model": "survey_browser.answeroption", "fields": {"unique_name": "Other,ResidenceRoom,floor_type,True", "option": "Other", "is_default": true, "field": "floor_type", "table": "ResidenceRoom", "order": 6}}, {"pk": 278, "model": "survey_browser.answeroption", "fields": {"unique_name": "Several Times A Day,ResidenceRoom,use_freq,True", "option": "Several Times A Day", "is_default": true, "field": "use_freq", "table": "ResidenceRoom", "order": 1}}, {"pk": 279, "model": "survey_browser.answeroption", "fields": {"unique_name": "Daily,ResidenceRoom,use_freq,True", "option": "Daily", "is_default": true, "field": "use_freq", "table": "ResidenceRoom", "order": 2}}, {"pk": 280, "model": "survey_browser.answeroption", "fields": {"unique_name": "Weekly,ResidenceRoom,use_freq,True", "option": "Weekly", "is_default": true, "field": "use_freq", "table": "ResidenceRoom", "order": 3}}, {"pk": 281, "model": "survey_browser.answeroption", "fields": {"unique_name": "Monthly,ResidenceRoom,use_freq,True", "option": "Monthly", "is_default": true, "field": "use_freq", "table": "ResidenceRoom", "order": 4}}, {"pk": 282, "model": "survey_browser.answeroption", "fields": {"unique_name": "Rarely,ResidenceRoom,use_freq,True", "option": "Rarely", "is_default": true, "field": "use_freq", "table": "ResidenceRoom", "order": 5}}, {"pk": 283, "model": "survey_browser.answeroption", "fields": {"unique_name": "Never,ResidenceRoom,use_freq,True", "option": "Never", "is_default": true, "field": "use_freq", "table": "ResidenceRoom", "order": 6}}, {"pk": 284, "model": "survey_browser.answeroption", "fields": {"unique_name": "power,ResidenceRoom,connections,True", "option": "power", "is_default": true, "field": "connections", "table": "ResidenceRoom", "order": 1}}, {"pk": 285, "model": "survey_browser.answeroption", "fields": {"unique_name": "phone,ResidenceRoom,connections,True", "option": "phone", "is_default": true, "field": "connections", "table": "ResidenceRoom", "order": 2}}, {"pk": 286, "model": "survey_browser.answeroption", "fields": {"unique_name": "cable,ResidenceRoom,connections,True", "option": "cable", "is_default": true, "field": "connections", "table": "ResidenceRoom", "order": 3}}, {"pk": 287, "model": "survey_browser.answeroption", "fields": {"unique_name": "Basement to 1st floor,ResidenceInteriorStair,location_description,True", "option": "Basement to 1st floor", "is_default": true, "field": "location_description", "table": "ResidenceInteriorStair", "order": 1}}, {"pk": 288, "model": "survey_browser.answeroption", "fields": {"unique_name": "1st floor to 2nd floor,ResidenceInteriorStair,location_description,True", "option": "1st floor to 2nd floor", "is_default": true, "field": "location_description", "table": "ResidenceInteriorStair", "order": 2}}, {"pk": 289, "model": "survey_browser.answeroption", "fields": {"unique_name": "2nd floor to 3rd floor,ResidenceInteriorStair,location_description,True", "option": "2nd floor to 3rd floor", "is_default": true, "field": "location_description", "table": "ResidenceInteriorStair", "order": 3}}, {"pk": 290, "model": "survey_browser.answeroption", "fields": {"unique_name": "To attic,ResidenceInteriorStair,location_description,True", "option": "To attic", "is_default": true, "field": "location_description", "table": "ResidenceInteriorStair", "order": 4}}, {"pk": 291, "model": "survey_browser.answeroption", "fields": {"unique_name": "Straight,ResidenceInteriorStair,t_stairs,True", "option": "Straight", "is_default": true, "field": "t_stairs", "table": "ResidenceInteriorStair", "order": 1}}, {"pk": 292, "model": "survey_browser.answeroption", "fields": {"unique_name": "Landing(s),ResidenceInteriorStair,t_stairs,True", "option": "Landing(s)", "is_default": true, "field": "t_stairs", "table": "ResidenceInteriorStair", "order": 2}}, {"pk": 293, "model": "survey_browser.answeroption", "fields": {"unique_name": "Spiral,ResidenceInteriorStair,t_stairs,True", "option": "Spiral", "is_default": true, "field": "t_stairs", "table": "ResidenceInteriorStair", "order": 3}}, {"pk": 294, "model": "survey_browser.answeroption", "fields": {"unique_name": "Folding,ResidenceInteriorStair,t_stairs,True", "option": "Folding", "is_default": true, "field": "t_stairs", "table": "ResidenceInteriorStair", "order": 4}}, {"pk": 295, "model": "survey_browser.answeroption", "fields": {"unique_name": "Ladder,ResidenceInteriorStair,t_stairs,True", "option": "Ladder", "is_default": true, "field": "t_stairs", "table": "ResidenceInteriorStair", "order": 5}}, {"pk": 296, "model": "survey_browser.answeroption", "fields": {"unique_name": "Other,ResidenceInteriorStair,t_stairs,True", "option": "Other", "is_default": true, "field": "t_stairs", "table": "ResidenceInteriorStair", "order": 6}}, {"pk": 297, "model": "survey_browser.answeroption", "fields": {"unique_name": "Dial-up,HomeInventory,type_of_internet,True", "option": "Dial-up", "is_default": true, "field": "type_of_internet", "table": "HomeInventory", "order": 1}}, {"pk": 298, "model": "survey_browser.answeroption", "fields": {"unique_name": "Broadband (Cable, DSL, Clear, etc.),HomeInventory,type_of_internet,True", "option": "Broadband (Cable, DSL, Clear, etc.)", "is_default": true, "field": "type_of_internet", "table": "HomeInventory", "order": 2}}, {"pk": 299, "model": "survey_browser.answeroption", "fields": {"unique_name": "Not sure,HomeInventory,type_of_internet,True", "option": "Not sure", "is_default": true, "field": "type_of_internet", "table": "HomeInventory", "order": 3}}, {"pk": 300, "model": "survey_browser.answeroption", "fields": {"unique_name": "Attic,HomeInventory,home_features,True", "option": "Attic", "is_default": true, "field": "home_features", "table": "HomeInventory", "order": 1}}, {"pk": 301, "model": "survey_browser.answeroption", "fields": {"unique_name": "Basement,HomeInventory,home_features,True", "option": "Basement", "is_default": true, "field": "home_features", "table": "HomeInventory", "order": 2}}, {"pk": 302, "model": "survey_browser.answeroption", "fields": {"unique_name": "Crawlspace foundation,HomeInventory,home_features,True", "option": "Crawlspace foundation", "is_default": true, "field": "home_features", "table": "HomeInventory", "order": 3}}, {"pk": 303, "model": "survey_browser.answeroption", "fields": {"unique_name": "Slab foundation,HomeInventory,home_features,True", "option": "Slab foundation", "is_default": true, "field": "home_features", "table": "HomeInventory", "order": 4}}, {"pk": 304, "model": "survey_browser.answeroption", "fields": {"unique_name": "Swimming pool (in-ground),HomeInventory,home_features,True", "option": "Swimming pool (in-ground)", "is_default": true, "field": "home_features", "table": "HomeInventory", "order": 5}}, {"pk": 305, "model": "survey_browser.answeroption", "fields": {"unique_name": "Swimming pool (above ground),HomeInventory,home_features,True", "option": "Swimming pool (above ground)", "is_default": true, "field": "home_features", "table": "HomeInventory", "order": 6}}, {"pk": 306, "model": "survey_browser.answeroption", "fields": {"unique_name": "Hot tub,HomeInventory,home_features,True", "option": "Hot tub", "is_default": true, "field": "home_features", "table": "HomeInventory", "order": 7}}, {"pk": 307, "model": "survey_browser.answeroption", "fields": {"unique_name": "Central A/C,HomeInventory,home_cooling,True", "option": "Central A/C", "is_default": true, "field": "home_cooling", "table": "HomeInventory", "order": 1}}, {"pk": 308, "model": "survey_browser.answeroption", "fields": {"unique_name": "Portable A/C,HomeInventory,home_cooling,True", "option": "Portable A/C", "is_default": true, "field": "home_cooling", "table": "HomeInventory", "order": 2}}, {"pk": 309, "model": "survey_browser.answeroption", "fields": {"unique_name": "Window A/C,HomeInventory,home_cooling,True", "option": "Window A/C", "is_default": true, "field": "home_cooling", "table": "HomeInventory", "order": 3}}, {"pk": 310, "model": "survey_browser.answeroption", "fields": {"unique_name": "No A/C (includes fans, etc.),HomeInventory,home_cooling,True", "option": "No A/C (includes fans, etc.)", "is_default": true, "field": "home_cooling", "table": "HomeInventory", "order": 4}}, {"pk": 311, "model": "survey_browser.answeroption", "fields": {"unique_name": "Other,HomeInventory,home_cooling,True", "option": "Other", "is_default": true, "field": "home_cooling", "table": "HomeInventory", "order": 5}}, {"pk": 312, "model": "survey_browser.answeroption", "fields": {"unique_name": "Central heat,HomeInventory,home_heating,True", "option": "Central heat", "is_default": true, "field": "home_heating", "table": "HomeInventory", "order": 1}}, {"pk": 313, "model": "survey_browser.answeroption", "fields": {"unique_name": "Fireplace/wood stove,HomeInventory,home_heating,True", "option": "Fireplace/wood stove", "is_default": true, "field": "home_heating", "table": "HomeInventory", "order": 2}}, {"pk": 314, "model": "survey_browser.answeroption", "fields": {"unique_name": "Portable heater(s),HomeInventory,home_heating,True", "option": "Portable heater(s)", "is_default": true, "field": "home_heating", "table": "HomeInventory", "order": 3}}, {"pk": 315, "model": "survey_browser.answeroption", "fields": {"unique_name": "Radiator(s),HomeInventory,home_heating,True", "option": "Radiator(s)", "is_default": true, "field": "home_heating", "table": "HomeInventory", "order": 4}}, {"pk": 316, "model": "survey_browser.answeroption", "fields": {"unique_name": "Other,HomeInventory,home_heating,True", "option": "Other", "is_default": true, "field": "home_heating", "table": "HomeInventory", "order": 5}}, {"pk": 317, "model": "survey_browser.answeroption", "fields": {"unique_name": "Twin,HomeInventory,bed_size,True", "option": "Twin", "is_default": true, "field": "bed_size", "table": "HomeInventory", "order": 1}}, {"pk": 318, "model": "survey_browser.answeroption", "fields": {"unique_name": "Double,HomeInventory,bed_size,True", "option": "Double", "is_default": true, "field": "bed_size", "table": "HomeInventory", "order": 2}}, {"pk": 319, "model": "survey_browser.answeroption", "fields": {"unique_name": "Queen,HomeInventory,bed_size,True", "option": "Queen", "is_default": true, "field": "bed_size", "table": "HomeInventory", "order": 3}}, {"pk": 320, "model": "survey_browser.answeroption", "fields": {"unique_name": "King,HomeInventory,bed_size,True", "option": "King", "is_default": true, "field": "bed_size", "table": "HomeInventory", "order": 4}}, {"pk": 321, "model": "survey_browser.answeroption", "fields": {"unique_name": "California King,HomeInventory,bed_size,True", "option": "California King", "is_default": true, "field": "bed_size", "table": "HomeInventory", "order": 5}}, {"pk": 322, "model": "survey_browser.answeroption", "fields": {"unique_name": "Other,HomeInventory,bed_size,True", "option": "Other", "is_default": true, "field": "bed_size", "table": "HomeInventory", "order": 6}}, {"pk": 323, "model": "survey_browser.answeroption", "fields": {"unique_name": "Wood,ResidenceRoom,floor_type,False", "option": "Wood", "is_default": false, "field": "floor_type", "table": "ResidenceRoom", "order": null}}, {"pk": 324, "model": "survey_browser.answeroption", "fields": {"unique_name": "Parquay,ResidenceRoom,floor_type,False", "option": "Parquay", "is_default": false, "field": "floor_type", "table": "ResidenceRoom", "order": null}}, {"pk": 325, "model": "survey_browser.answeroption", "fields": {"unique_name": "Pantry,ResidenceRoom,room_type,False", "option": "Pantry", "is_default": false, "field": "room_type", "table": "ResidenceRoom", "order": null}}, {"pk": 326, "model": "survey_browser.answeroption", "fields": {"unique_name": "Not observed,ResidenceRoom,floor_type,False", "option": "Not observed", "is_default": false, "field": "floor_type", "table": "ResidenceRoom", "order": null}}, {"pk": 327, "model": "survey_browser.answeroption", "fields": {"unique_name": "Carport,ResidenceEntrance,location,False", "option": "Carport", "is_default": false, "field": "location", "table": "ResidenceEntrance", "order": null}}, {"pk": 328, "model": "survey_browser.answeroption", "fields": {"unique_name": ",ResidenceEntrance,t_stairs,False", "option": "", "is_default": false, "field": "t_stairs", "table": "ResidenceEntrance", "order": null}}, {"pk": 329, "model": "survey_browser.answeroption", "fields": {"unique_name": "Man Cave,ResidenceRoom,room_type,False", "option": "Man Cave", "is_default": false, "field": "room_type", "table": "ResidenceRoom", "order": null}}, {"pk": 330, "model": "survey_browser.answeroption", "fields": {"unique_name": "Friend,ParticipantInductionVolatile,perm_residents,False", "option": "Friend", "is_default": false, "field": "perm_residents", "table": "ParticipantInductionVolatile", "order": null}}, {"pk": 331, "model": "survey_browser.answeroption", "fields": {"unique_name": "Full time Business Manager,ParticipantInductionVolatile,current_occupation,False", "option": "Full time Business Manager", "is_default": false, "field": "current_occupation", "table": "ParticipantInductionVolatile", "order": null}}, {"pk": 332, "model": "survey_browser.answeroption", "fields": {"unique_name": "NA,HomeInventory,type_of_internet,False", "option": "NA", "is_default": false, "field": "type_of_internet", "table": "HomeInventory", "order": null}}, {"pk": 333, "model": "survey_browser.answeroption", "fields": {"unique_name": "Retired ,ParticipantInductionVolatile,current_occupation,False", "option": "Retired ", "is_default": false, "field": "current_occupation", "table": "ParticipantInductionVolatile", "order": null}}, {"pk": 334, "model": "survey_browser.answeroption", "fields": {"unique_name": "NA,ParticipantMedicalCondition,condition_onset,False", "option": "NA", "is_default": false, "field": "condition_onset", "table": "ParticipantMedicalCondition", "order": null}}, {"pk": 335, "model": "survey_browser.answeroption", "fields": {"unique_name": "Full time engineer,ParticipantInductionVolatile,current_occupation,False", "option": "Full time engineer", "is_default": false, "field": "current_occupation", "table": "ParticipantInductionVolatile", "order": null}}, {"pk": 336, "model": "survey_browser.answeroption", "fields": {"unique_name": "2 sprays /nostril 1x/day,ParticipantMedication,dose_frequency,False", "option": "2 sprays /nostril 1x/day", "is_default": false, "field": "dose_frequency", "table": "ParticipantMedication", "order": null}}, {"pk": 337, "model": "survey_browser.answeroption", "fields": {"unique_name": " 3 times a week,ParticipantMedication,dose_frequency,False", "option": " 3 times a week", "is_default": false, "field": "dose_frequency", "table": "ParticipantMedication", "order": null}}, {"pk": 338, "model": "survey_browser.answeroption", "fields": {"unique_name": "Once a month,ParticipantMedication,dose_frequency,False", "option": "Once a month", "is_default": false, "field": "dose_frequency", "table": "ParticipantMedication", "order": null}}, {"pk": 339, "model": "survey_browser.answeroption", "fields": {"unique_name": "10.0,ParticipantMedication,dose_frequency,False", "option": "10.0", "is_default": false, "field": "dose_frequency", "table": "ParticipantMedication", "order": null}}, {"pk": 340, "model": "survey_browser.answeroption", "fields": {"unique_name": "3 times a week,ParticipantMedication,dose_frequency,False", "option": "3 times a week", "is_default": false, "field": "dose_frequency", "table": "ParticipantMedication", "order": null}}, {"pk": 341, "model": "survey_browser.answeroption", "fields": {"unique_name": "3 times a week (alternate days from antibiotics),ParticipantMedication,dose_frequency,False", "option": "3 times a week (alternate days from antibiotics)", "is_default": false, "field": "dose_frequency", "table": "ParticipantMedication", "order": null}}, {"pk": 342, "model": "survey_browser.answeroption", "fields": {"unique_name": "Part time bookkeeper,ParticipantInductionVolatile,current_occupation,False", "option": "Part time bookkeeper", "is_default": false, "field": "current_occupation", "table": "ParticipantInductionVolatile", "order": null}}, {"pk": 343, "model": "survey_browser.answeroption", "fields": {"unique_name": ",ParticipantInductionStatic,gender,False", "option": "", "is_default": false, "field": "gender", "table": "ParticipantInductionStatic", "order": null}}, {"pk": 344, "model": "survey_browser.answeroption", "fields": {"unique_name": "weekly,ParticipantMedication,dose_frequency,False", "option": "weekly", "is_default": false, "field": "dose_frequency", "table": "ParticipantMedication", "order": null}}, {"pk": 345, "model": "survey_browser.answeroption", "fields": {"unique_name": "at night ,ParticipantMedication,dose_frequency,False", "option": "at night ", "is_default": false, "field": "dose_frequency", "table": "ParticipantMedication", "order": null}}, {"pk": 346, "model": "survey_browser.answeroption", "fields": {"unique_name": "Full time Accountant,ParticipantInductionVolatile,current_occupation,False", "option": "Full time Accountant", "is_default": false, "field": "current_occupation", "table": "ParticipantInductionVolatile", "order": null}}, {"pk": 1, "model": "survey_browser.questionoption", "fields": {"unique_name": "SPMSQDate", "option": "What is the day, month, and year?", "short_name": "", "is_default": true, "field": "question", "table": "SPMSQ_question", "order": 1}}, {"pk": 2, "model": "survey_browser.questionoption", "fields": {"unique_name": "SPMSQDay", "option": "What is the day of the week?", "short_name": "", "is_default": true, "field": "question", "table": "SPMSQ_question", "order": 2}}, {"pk": 3, "model": "survey_browser.questionoption", "fields": {"unique_name": "SPMSQPlace", "option": "Whis is the name of this place?", "short_name": "", "is_default": true, "field": "question", "table": "SPMSQ_question", "order": 3}}, {"pk": 4, "model": "survey_browser.questionoption", "fields": {"unique_name": "SPMSQPhone", "option": "What is your phone number?", "short_name": "", "is_default": true, "field": "question", "table": "SPMSQ_question", "order": 4}}, {"pk": 5, "model": "survey_browser.questionoption", "fields": {"unique_name": "SPMSQAge", "option": "How old are you?", "short_name": "", "is_default": true, "field": "question", "table": "SPMSQ_question", "order": 5}}, {"pk": 6, "model": "survey_browser.questionoption", "fields": {"unique_name": "SPMSQBorn", "option": "When were you born?", "short_name": "", "is_default": true, "field": "question", "table": "SPMSQ_question", "order": 6}}, {"pk": 7, "model": "survey_browser.questionoption", "fields": {"unique_name": "SPMSQPresident", "option": "Who is the current president?", "short_name": "", "is_default": true, "field": "question", "table": "SPMSQ_question", "order": 7}}, {"pk": 8, "model": "survey_browser.questionoption", "fields": {"unique_name": "SPMSQPrevPres", "option": "Who was the president before him?", "short_name": "", "is_default": true, "field": "question", "table": "SPMSQ_question", "order": 8}}, {"pk": 9, "model": "survey_browser.questionoption", "fields": {"unique_name": "SPMSQMomName", "option": "What was your mother's maiden name?", "short_name": "", "is_default": true, "field": "question", "table": "SPMSQ_question", "order": 9}}, {"pk": 10, "model": "survey_browser.questionoption", "fields": {"unique_name": "SPMSQBackCount", "option": "Can you count backward from 20 by 3's?", "short_name": "", "is_default": true, "field": "question", "table": "SPMSQ_question", "order": 10}}, {"pk": 11, "model": "survey_browser.questionoption", "fields": {"unique_name": "IADLPhone", "option": "Ability to use telephone", "short_name": "IADL Phone", "is_default": true, "field": "question", "table": "IADL_option", "order": 1}}, {"pk": 12, "model": "survey_browser.questionoption", "fields": {"unique_name": "IADLShop", "option": "Shopping", "short_name": "IADL Shopping", "is_default": true, "field": "question", "table": "IADL_option", "order": 2}}, {"pk": 13, "model": "survey_browser.questionoption", "fields": {"unique_name": "IADLFoodPrep", "option": "Food Preparation", "short_name": "IADL Food Preparation", "is_default": true, "field": "question", "table": "IADL_option", "order": 3}}, {"pk": 14, "model": "survey_browser.questionoption", "fields": {"unique_name": "IADLHouse", "option": "Housekeeping", "short_name": "IADL Housekeeping", "is_default": true, "field": "question", "table": "IADL_option", "order": 4}}, {"pk": 15, "model": "survey_browser.questionoption", "fields": {"unique_name": "IADLLaundry", "option": "Laundry", "short_name": "IADL Laundry", "is_default": true, "field": "question", "table": "IADL_option", "order": 5}}, {"pk": 16, "model": "survey_browser.questionoption", "fields": {"unique_name": "IADLTransport", "option": "Mode of Transportation", "short_name": "IADL Mode of Transportation", "is_default": true, "field": "question", "table": "IADL_option", "order": 6}}, {"pk": 17, "model": "survey_browser.questionoption", "fields": {"unique_name": "IADLMed", "option": "Responsibility for own medications", "short_name": "IADL Responsibility for Medications", "is_default": true, "field": "question", "table": "IADL_option", "order": 7}}, {"pk": 18, "model": "survey_browser.questionoption", "fields": {"unique_name": "IADLFinance", "option": "Ability to Handle Finances", "short_name": "IADL Ability to Handle Finances", "is_default": true, "field": "question", "table": "IADL_option", "order": 8}}, {"pk": 19, "model": "survey_browser.questionoption", "fields": {"unique_name": "MedCond_1", "option": "Alzheimer's", "short_name": "", "is_default": true, "field": "condition", "table": "ParticipantMedicalCondition", "order": 1}}, {"pk": 20, "model": "survey_browser.questionoption", "fields": {"unique_name": "MedCond_2", "option": "Arthritis:Osteoarthritis", "short_name": "", "is_default": true, "field": "condition", "table": "ParticipantMedicalCondition", "order": 2}}, {"pk": 21, "model": "survey_browser.questionoption", "fields": {"unique_name": "MedCond_3", "option": "Arthritis:Rheumatoid Arthritis", "short_name": "", "is_default": true, "field": "condition", "table": "ParticipantMedicalCondition", "order": 3}}, {"pk": 22, "model": "survey_browser.questionoption", "fields": {"unique_name": "MedCond_4", "option": "Arthritis:Gout", "short_name": "", "is_default": true, "field": "condition", "table": "ParticipantMedicalCondition", "order": 4}}, {"pk": 23, "model": "survey_browser.questionoption", "fields": {"unique_name": "MedCond_5", "option": "Arthritis:Fibromyalgia", "short_name": "", "is_default": true, "field": "condition", "table": "ParticipantMedicalCondition", "order": 5}}, {"pk": 24, "model": "survey_browser.questionoption", "fields": {"unique_name": "MedCond_6", "option": "Asthma or Bronchitis", "short_name": "", "is_default": true, "field": "condition", "table": "ParticipantMedicalCondition", "order": 6}}, {"pk": 25, "model": "survey_browser.questionoption", "fields": {"unique_name": "MedCond_7", "option": "Balance Problems", "short_name": "", "is_default": true, "field": "condition", "table": "ParticipantMedicalCondition", "order": 7}}, {"pk": 26, "model": "survey_browser.questionoption", "fields": {"unique_name": "MedCond_8", "option": "Cancer", "short_name": "", "is_default": true, "field": "condition", "table": "ParticipantMedicalCondition", "order": 8}}, {"pk": 27, "model": "survey_browser.questionoption", "fields": {"unique_name": "MedCond_9", "option": "Chronic Obstructive Pulmonary Disease (COPD)", "short_name": "", "is_default": true, "field": "condition", "table": "ParticipantMedicalCondition", "order": 9}}, {"pk": 28, "model": "survey_browser.questionoption", "fields": {"unique_name": "MedCond_10", "option": "Deafness", "short_name": "", "is_default": true, "field": "condition", "table": "ParticipantMedicalCondition", "order": 10}}, {"pk": 29, "model": "survey_browser.questionoption", "fields": {"unique_name": "MedCond_11", "option": "Hardness of Hearing", "short_name": "", "is_default": true, "field": "condition", "table": "ParticipantMedicalCondition", "order": 11}}, {"pk": 30, "model": "survey_browser.questionoption", "fields": {"unique_name": "MedCond_12", "option": "Eye Conditions:Blindness", "short_name": "", "is_default": true, "field": "condition", "table": "ParticipantMedicalCondition", "order": 12}}, {"pk": 31, "model": "survey_browser.questionoption", "fields": {"unique_name": "MedCond_13", "option": "Eye Conditions:Cataracts", "short_name": "", "is_default": true, "field": "condition", "table": "ParticipantMedicalCondition", "order": 13}}, {"pk": 32, "model": "survey_browser.questionoption", "fields": {"unique_name": "MedCond_14", "option": "Eye Conditions:Glaucoma", "short_name": "", "is_default": true, "field": "condition", "table": "ParticipantMedicalCondition", "order": 14}}, {"pk": 33, "model": "survey_browser.questionoption", "fields": {"unique_name": "MedCond_15", "option": "Eye Conditions:Low Vision", "short_name": "", "is_default": true, "field": "condition", "table": "ParticipantMedicalCondition", "order": 15}}, {"pk": 34, "model": "survey_browser.questionoption", "fields": {"unique_name": "MedCond_16", "option": "Dementia", "short_name": "", "is_default": true, "field": "condition", "table": "ParticipantMedicalCondition", "order": 16}}, {"pk": 35, "model": "survey_browser.questionoption", "fields": {"unique_name": "MedCond_17", "option": "Depression", "short_name": "", "is_default": true, "field": "condition", "table": "ParticipantMedicalCondition", "order": 17}}, {"pk": 36, "model": "survey_browser.questionoption", "fields": {"unique_name": "MedCond_18", "option": "Diabetes", "short_name": "", "is_default": true, "field": "condition", "table": "ParticipantMedicalCondition", "order": 18}}, {"pk": 37, "model": "survey_browser.questionoption", "fields": {"unique_name": "MedCond_19", "option": "Enlarged Prostate", "short_name": "", "is_default": true, "field": "condition", "table": "ParticipantMedicalCondition", "order": 19}}, {"pk": 38, "model": "survey_browser.questionoption", "fields": {"unique_name": "MedCond_20", "option": "Epilepsy", "short_name": "", "is_default": true, "field": "condition", "table": "ParticipantMedicalCondition", "order": 20}}, {"pk": 39, "model": "survey_browser.questionoption", "fields": {"unique_name": "MedCond_21", "option": "Fall Injuries", "short_name": "", "is_default": true, "field": "condition", "table": "ParticipantMedicalCondition", "order": 21}}, {"pk": 40, "model": "survey_browser.questionoption", "fields": {"unique_name": "MedCond_22", "option": "Heart Disease / Cardiovascular Disease", "short_name": "", "is_default": true, "field": "condition", "table": "ParticipantMedicalCondition", "order": 22}}, {"pk": 41, "model": "survey_browser.questionoption", "fields": {"unique_name": "MedCond_23", "option": "High Cholesterol", "short_name": "", "is_default": true, "field": "condition", "table": "ParticipantMedicalCondition", "order": 23}}, {"pk": 42, "model": "survey_browser.questionoption", "fields": {"unique_name": "MedCond_24", "option": "Hypertension / High Blood Pressure", "short_name": "", "is_default": true, "field": "condition", "table": "ParticipantMedicalCondition", "order": 24}}, {"pk": 43, "model": "survey_browser.questionoption", "fields": {"unique_name": "MedCond_25", "option": "Hypotension / Low Blood Pressure", "short_name": "", "is_default": true, "field": "condition", "table": "ParticipantMedicalCondition", "order": 25}}, {"pk": 44, "model": "survey_browser.questionoption", "fields": {"unique_name": "MedCond_26", "option": "Osteoporosis", "short_name": "", "is_default": true, "field": "condition", "table": "ParticipantMedicalCondition", "order": 26}}, {"pk": 45, "model": "survey_browser.questionoption", "fields": {"unique_name": "MedCond_27", "option": "Parkinson's Disease", "short_name": "", "is_default": true, "field": "condition", "table": "ParticipantMedicalCondition", "order": 27}}, {"pk": 46, "model": "survey_browser.questionoption", "fields": {"unique_name": "MedCond_28", "option": "Plantar Fasciitis", "short_name": "", "is_default": true, "field": "condition", "table": "ParticipantMedicalCondition", "order": 28}}, {"pk": 47, "model": "survey_browser.questionoption", "fields": {"unique_name": "MedCond_29", "option": "Renal Disease / Kidney and Bladder Problems", "short_name": "", "is_default": true, "field": "condition", "table": "ParticipantMedicalCondition", "order": 29}}, {"pk": 48, "model": "survey_browser.questionoption", "fields": {"unique_name": "MedCond_30", "option": "Stroke", "short_name": "", "is_default": true, "field": "condition", "table": "ParticipantMedicalCondition", "order": 30}}, {"pk": 49, "model": "survey_browser.questionoption", "fields": {"unique_name": "MoveAbility1_1", "option": "Functional Movement Abilities: Difficulty:How difficult is it for you to get in or out of a low chair?", "short_name": "Get in/out chair", "is_default": true, "field": "question", "table": "ScaleQuestionAndOption", "order": 1}}, {"pk": 50, "model": "survey_browser.questionoption", "fields": {"unique_name": "MoveAbility1_2", "option": "Functional Movement Abilities: Difficulty:How difficult is it for you to open medicine bottles or jars?", "short_name": "Open bottles/jars", "is_default": true, "field": "question", "table": "ScaleQuestionAndOption", "order": 2}}, {"pk": 51, "model": "survey_browser.questionoption", "fields": {"unique_name": "MoveAbility1_3", "option": "Functional Movement Abilities: Difficulty:How difficult is it for you to shop for groceries or other things?", "short_name": "Shop for groceries, etc.", "is_default": true, "field": "question", "table": "ScaleQuestionAndOption", "order": 3}}, {"pk": 52, "model": "survey_browser.questionoption", "fields": {"unique_name": "MoveAbility1_4", "option": "Functional Movement Abilities: Difficulty:How difficult is it for you to climb stairs?", "short_name": "Climb stairs", "is_default": true, "field": "question", "table": "ScaleQuestionAndOption", "order": 4}}, {"pk": 53, "model": "survey_browser.questionoption", "fields": {"unique_name": "MoveAbility1_5", "option": "Functional Movement Abilities: Difficulty:How difficult is it for you to make a tight fist?", "short_name": "Make a fist", "is_default": true, "field": "question", "table": "ScaleQuestionAndOption", "order": 5}}, {"pk": 54, "model": "survey_browser.questionoption", "fields": {"unique_name": "MoveAbility1_6", "option": "Functional Movement Abilities: Difficulty:How difficult is it for you to get in or out of the bathtub or shower?", "short_name": "Get in/out bathtub/shower", "is_default": true, "field": "question", "table": "ScaleQuestionAndOption", "order": 6}}, {"pk": 55, "model": "survey_browser.questionoption", "fields": {"unique_name": "MoveAbility1_7", "option": "Functional Movement Abilities: Difficulty:How difficult is it for you to get comfortable to sleep?", "short_name": "Comfortable to sleep", "is_default": true, "field": "question", "table": "ScaleQuestionAndOption", "order": 7}}, {"pk": 56, "model": "survey_browser.questionoption", "fields": {"unique_name": "MoveAbility1_8", "option": "Functional Movement Abilities: Difficulty:How difficult is it for you to bend or kneel down?", "short_name": "Bend or kneel", "is_default": true, "field": "question", "table": "ScaleQuestionAndOption", "order": 8}}, {"pk": 57, "model": "survey_browser.questionoption", "fields": {"unique_name": "MoveAbility1_9", "option": "Functional Movement Abilities: Difficulty:How difficult is it for you to use buttons, snaps, hooks, or zippers?", "short_name": "Use bottons, snaps, hooks, zippers", "is_default": true, "field": "question", "table": "ScaleQuestionAndOption", "order": 9}}, {"pk": 58, "model": "survey_browser.questionoption", "fields": {"unique_name": "MoveAbility1_10", "option": "Functional Movement Abilities: Difficulty:How difficult is it for you to cut your own fingernails?", "short_name": "Cut fingernails", "is_default": true, "field": "question", "table": "ScaleQuestionAndOption", "order": 10}}, {"pk": 59, "model": "survey_browser.questionoption", "fields": {"unique_name": "MoveAbility1_11", "option": "Functional Movement Abilities: Difficulty:How difficult is it for you to dress yourself?", "short_name": "Dress yourself", "is_default": true, "field": "question", "table": "ScaleQuestionAndOption", "order": 11}}, {"pk": 60, "model": "survey_browser.questionoption", "fields": {"unique_name": "MoveAbility1_12", "option": "Functional Movement Abilities: Difficulty:How difficult is it for you to walk?", "short_name": "Walk", "is_default": true, "field": "question", "table": "ScaleQuestionAndOption", "order": 12}}, {"pk": 61, "model": "survey_browser.questionoption", "fields": {"unique_name": "MoveAbility1_13", "option": "Functional Movement Abilities: Difficulty:How difficult is it for you to get moving after you have been sitting or lying down?", "short_name": "Get moving after rest", "is_default": true, "field": "question", "table": "ScaleQuestionAndOption", "order": 13}}, {"pk": 62, "model": "survey_browser.questionoption", "fields": {"unique_name": "MoveAbility1_14", "option": "Functional Movement Abilities: Difficulty:How difficult is it for you to go out by yourself?", "short_name": "Go out alone", "is_default": true, "field": "question", "table": "ScaleQuestionAndOption", "order": 14}}, {"pk": 63, "model": "survey_browser.questionoption", "fields": {"unique_name": "MoveAbility1_15", "option": "Functional Movement Abilities: Difficulty:How difficult is it for you to drive?", "short_name": "Drive", "is_default": true, "field": "question", "table": "ScaleQuestionAndOption", "order": 15}}, {"pk": 64, "model": "survey_browser.questionoption", "fields": {"unique_name": "MoveAbility1_16", "option": "Functional Movement Abilities: Difficulty:How difficult is it for you to clean yourself after going to the bathroom?", "short_name": "Clean yourself after going to the bathroom", "is_default": true, "field": "question", "table": "ScaleQuestionAndOption", "order": 16}}, {"pk": 65, "model": "survey_browser.questionoption", "fields": {"unique_name": "MoveAbility1_17", "option": "Functional Movement Abilities: Difficulty:How difficult is it for you to turn knobs or levers (for example, to open doors or to roll down car windows)?", "short_name": "Turn knobs or levers", "is_default": true, "field": "question", "table": "ScaleQuestionAndOption", "order": 17}}, {"pk": 66, "model": "survey_browser.questionoption", "fields": {"unique_name": "MoveAbility1_18", "option": "Functional Movement Abilities: Difficulty:How difficult is it for you to write or type?", "short_name": "Write or type", "is_default": true, "field": "question", "table": "ScaleQuestionAndOption", "order": 18}}, {"pk": 67, "model": "survey_browser.questionoption", "fields": {"unique_name": "MoveAbility1_19", "option": "Functional Movement Abilities: Difficulty:How difficult is it for you to pivot?", "short_name": "Pivot", "is_default": true, "field": "question", "table": "ScaleQuestionAndOption", "order": 19}}, {"pk": 68, "model": "survey_browser.questionoption", "fields": {"unique_name": "MoveAbility1_20", "option": "Functional Movement Abilities: Difficulty:How difficult is it for you to do your usual physical recreational activities, such as bicycling, jogging, or walking?", "short_name": "Physical recreational activities", "is_default": true, "field": "question", "table": "ScaleQuestionAndOption", "order": 20}}, {"pk": 69, "model": "survey_browser.questionoption", "fields": {"unique_name": "MoveAbility1_21", "option": "Functional Movement Abilities: Difficulty:How difficult is it for you to do your usual leisure activities, such as hobbies, crafts, gardening, card-playing, or going out with friends?", "short_name": "Leisure activities", "is_default": true, "field": "question", "table": "ScaleQuestionAndOption", "order": 21}}, {"pk": 70, "model": "survey_browser.questionoption", "fields": {"unique_name": "MoveAbility1_22", "option": "Functional Movement Abilities: Difficulty:How difficult is it for you to do light housework or yard work, such as dusting, washing dishes, or watering plants?", "short_name": "Light housework/yardwork", "is_default": true, "field": "question", "table": "ScaleQuestionAndOption", "order": 22}}, {"pk": 71, "model": "survey_browser.questionoption", "fields": {"unique_name": "MoveAbility1_23", "option": "Functional Movement Abilities: Difficulty:How difficult is it for you to do heavy housework or yard work, such as washing floors, vacuuming, or mowing lawns?", "short_name": "Heavy housework/yardwork", "is_default": true, "field": "question", "table": "ScaleQuestionAndOption", "order": 23}}, {"pk": 72, "model": "survey_browser.questionoption", "fields": {"unique_name": "MoveAbility1_24", "option": "Functional Movement Abilities: Difficulty:How difficult is it for you to do your usual work, such as a paid job, housework, or volunteer activities?", "short_name": "Usual work", "is_default": true, "field": "question", "table": "ScaleQuestionAndOption", "order": 24}}, {"pk": 73, "model": "survey_browser.questionoption", "fields": {"unique_name": "MoveAbility1_xx", "option": "Functional Movement Abilities: Difficulty:How difficult is it for you to get in or out of bed?", "short_name": "Get in/out bed", "is_default": true, "field": "question", "table": "ScaleQuestionAndOption", "order": 25}}, {"pk": 74, "model": "survey_browser.questionoption", "fields": {"unique_name": "MoveAbility2_26", "option": "Functional Movement Abilities: Frequency:How often do you walk with a limp?", "short_name": "Walk with limp", "is_default": true, "field": "question", "table": "ScaleQuestionAndOption", "order": 26}}, {"pk": 75, "model": "survey_browser.questionoption", "fields": {"unique_name": "MoveAbility2_27", "option": "Functional Movement Abilities: Frequency:How often do you avoid using your painful limb(s) or back?", "short_name": "Avoid using painful limb", "is_default": true, "field": "question", "table": "ScaleQuestionAndOption", "order": 27}}, {"pk": 76, "model": "survey_browser.questionoption", "fields": {"unique_name": "MoveAbility2_28", "option": "Functional Movement Abilities: Frequency:How often does your leg lock or give-way?", "short_name": "Leg-lock or give-way", "is_default": true, "field": "question", "table": "ScaleQuestionAndOption", "order": 28}}, {"pk": 77, "model": "survey_browser.questionoption", "fields": {"unique_name": "MoveAbility2_29", "option": "Functional Movement Abilities: Frequency:How often do you have problems with concentration?", "short_name": "Concentration problems", "is_default": true, "field": "question", "table": "ScaleQuestionAndOption", "order": 29}}, {"pk": 78, "model": "survey_browser.questionoption", "fields": {"unique_name": "MoveAbility2_30", "option": "Functional Movement Abilities: Frequency:How often does doing too much in one day affect what you do the next day?", "short_name": "Activity one day affects next day", "is_default": true, "field": "question", "table": "ScaleQuestionAndOption", "order": 30}}, {"pk": 79, "model": "survey_browser.questionoption", "fields": {"unique_name": "MoveAbility2_31", "option": "Functional Movement Abilities: Frequency:How often do you act irritable toward those around you (for example, snap at people, give sharp answers, or criticize easily)?", "short_name": "Act irritable", "is_default": true, "field": "question", "table": "ScaleQuestionAndOption", "order": 31}}, {"pk": 80, "model": "survey_browser.questionoption", "fields": {"unique_name": "MoveAbility2_32", "option": "Functional Movement Abilities: Frequency:How often are you tired?", "short_name": "Tired", "is_default": true, "field": "question", "table": "ScaleQuestionAndOption", "order": 32}}, {"pk": 81, "model": "survey_browser.questionoption", "fields": {"unique_name": "MoveAbility2_33", "option": "Functional Movement Abilities: Frequency:How often do you feel disabled?", "short_name": "Feel disabled", "is_default": true, "field": "question", "table": "ScaleQuestionAndOption", "order": 33}}, {"pk": 82, "model": "survey_browser.questionoption", "fields": {"unique_name": "MoveAbility2_34", "option": "Functional Movement Abilities: Frequency:How often do you feel angry or frustrated that you have an injury or arthritis?", "short_name": "Feel angry/frustrated about injury/arthritis", "is_default": true, "field": "question", "table": "ScaleQuestionAndOption", "order": 34}}, {"pk": 83, "model": "survey_browser.questionoption", "fields": {"unique_name": "MoveAbility3_35", "option": "Functional Movement Abilities: Bothered:How much are you bothered by problems using your hands, arms, or legs?", "short_name": "Using hands, arms, legs", "is_default": true, "field": "question", "table": "ScaleQuestionAndOption", "order": 35}}, {"pk": 84, "model": "survey_browser.questionoption", "fields": {"unique_name": "MoveAbility3_36", "option": "Functional Movement Abilities: Bothered:How much are you bothered by problems using your back?", "short_name": "Using back", "is_default": true, "field": "question", "table": "ScaleQuestionAndOption", "order": 36}}, {"pk": 85, "model": "survey_browser.questionoption", "fields": {"unique_name": "MoveAbility3_37", "option": "Functional Movement Abilities: Bothered:How much are you bothered by problems doing work around your home?", "short_name": "Doing work around the home", "is_default": true, "field": "question", "table": "ScaleQuestionAndOption", "order": 37}}, {"pk": 86, "model": "survey_browser.questionoption", "fields": {"unique_name": "MoveAbility3_38", "option": "Functional Movement Abilities: Bothered:How much are you bothered by problems with bathing, dressing, toileting, or other personal care?", "short_name": "Bathing, dressing, toileting, personal care", "is_default": true, "field": "question", "table": "ScaleQuestionAndOption", "order": 38}}, {"pk": 87, "model": "survey_browser.questionoption", "fields": {"unique_name": "MoveAbility3_39", "option": "Functional Movement Abilities: Bothered:How much are you bothered by problems with sleep and rest?", "short_name": "Sleep and rest", "is_default": true, "field": "question", "table": "ScaleQuestionAndOption", "order": 39}}, {"pk": 88, "model": "survey_browser.questionoption", "fields": {"unique_name": "MoveAbility3_40", "option": "Functional Movement Abilities: Bothered:How much are you bothered by problems with leisure or recreational activities?", "short_name": "Leisure or recreational activities", "is_default": true, "field": "question", "table": "ScaleQuestionAndOption", "order": 40}}, {"pk": 89, "model": "survey_browser.questionoption", "fields": {"unique_name": "MoveAbility3_41", "option": "Functional Movement Abilities: Bothered:How much are you bothered by problems with your friends, family, or other important people in your life?", "short_name": "Friends, family, important people", "is_default": true, "field": "question", "table": "ScaleQuestionAndOption", "order": 41}}, {"pk": 90, "model": "survey_browser.questionoption", "fields": {"unique_name": "MoveAbility3_42", "option": "Functional Movement Abilities: Bothered:How much are you bothered by problems with thinking, concentrating, or remembering?", "short_name": "Thinking, concentrating, remembering", "is_default": true, "field": "question", "table": "ScaleQuestionAndOption", "order": 42}}, {"pk": 91, "model": "survey_browser.questionoption", "fields": {"unique_name": "MoveAbility3_43", "option": "Functional Movement Abilities: Bothered:How much are you bothered by problems adjusting or coping with an injury or arthritis?", "short_name": "Adjusting / coping with injury, arthritis", "is_default": true, "field": "question", "table": "ScaleQuestionAndOption", "order": 43}}, {"pk": 92, "model": "survey_browser.questionoption", "fields": {"unique_name": "MoveAbility3_44", "option": "Functional Movement Abilities: Bothered:How much are you bothered by problems doing your usual work?", "short_name": "Usual work", "is_default": true, "field": "question", "table": "ScaleQuestionAndOption", "order": 44}}, {"pk": 93, "model": "survey_browser.questionoption", "fields": {"unique_name": "MoveAbility3_45", "option": "Functional Movement Abilities: Bothered:How much are you bothered by problems with feeling dependent on others?", "short_name": "Feeling dependent on others", "is_default": true, "field": "question", "table": "ScaleQuestionAndOption", "order": 45}}, {"pk": 94, "model": "survey_browser.questionoption", "fields": {"unique_name": "MoveAbility3_46", "option": "Functional Movement Abilities: Bothered:How much are you bothered by problems with stiffness and pain?", "short_name": "Stiffness and pain", "is_default": true, "field": "question", "table": "ScaleQuestionAndOption", "order": 46}}, {"pk": 95, "model": "survey_browser.questionoption", "fields": {"unique_name": "SocialSatis_1", "option": "Satisfaction with Social Roles and Activities: I am satisfied with my ability to do things for my family.", "short_name": "Things for family", "is_default": true, "field": "question", "table": "ScaleQuestionAndOption", "order": 1}}, {"pk": 96, "model": "survey_browser.questionoption", "fields": {"unique_name": "SocialSatis_2", "option": "Satisfaction with Social Roles and Activities: I am satisfied with my ability to do things for fun with others.", "short_name": "Things for fun with others", "is_default": true, "field": "question", "table": "ScaleQuestionAndOption", "order": 2}}, {"pk": 97, "model": "survey_browser.questionoption", "fields": {"unique_name": "SocialSatis_3", "option": "Satisfaction with Social Roles and Activities: I feel good about my ability to do things for my friends.", "short_name": "Things for friends", "is_default": true, "field": "question", "table": "ScaleQuestionAndOption", "order": 3}}, {"pk": 98, "model": "survey_browser.questionoption", "fields": {"unique_name": "SocialSatis_4", "option": "Satisfaction with Social Roles and Activities: I am satisfied with my ability to perform my daily routines.", "short_name": "Perform daily routines", "is_default": true, "field": "question", "table": "ScaleQuestionAndOption", "order": 4}}, {"pk": 99, "model": "survey_browser.questionoption", "fields": {"unique_name": "SocialSatis_5", "option": "Satisfaction with Social Roles and Activities: I am satisfied with my ability to do things for fun outside my home.", "short_name": "Things for fun outside home", "is_default": true, "field": "question", "table": "ScaleQuestionAndOption", "order": 5}}, {"pk": 100, "model": "survey_browser.questionoption", "fields": {"unique_name": "SocialSatis_6", "option": "Satisfaction with Social Roles and Activities: I am satisfied with my ability to meet the needs of my friends.", "short_name": "Meet needs of friends", "is_default": true, "field": "question", "table": "ScaleQuestionAndOption", "order": 6}}, {"pk": 101, "model": "survey_browser.questionoption", "fields": {"unique_name": "SocialSatis_7", "option": "Satisfaction with Social Roles and Activities: I am satisfied with my ability to do the work that is really important to me (include work at home).", "short_name": "Do work that is important to me", "is_default": true, "field": "question", "table": "ScaleQuestionAndOption", "order": 7}}, {"pk": 102, "model": "survey_browser.questionoption", "fields": {"unique_name": "SocialSatis_8", "option": "Satisfaction with Social Roles and Activities: I am satisfied with my ability to meet the needs of my family.", "short_name": "Meet needs of family", "is_default": true, "field": "question", "table": "ScaleQuestionAndOption", "order": 8}}, {"pk": 103, "model": "survey_browser.questionoption", "fields": {"unique_name": "QualityLife1_1", "option": "Quality of Life: How would you rate your quality of life?", "short_name": "Quality of life", "is_default": true, "field": "question", "table": "ScaleQuestionAndOption", "order": 1}}, {"pk": 104, "model": "survey_browser.questionoption", "fields": {"unique_name": "QualityLife2_1", "option": "Quality of Life: How satisfied are you with your health?", "short_name": "Health satisfaction", "is_default": true, "field": "question", "table": "ScaleQuestionAndOption", "order": 2}}, {"pk": 105, "model": "survey_browser.questionoption", "fields": {"unique_name": "QualityLife3_3", "option": "Quality of Life: To what extent do you feel that physical pain prevents you from doing what you need to do?", "short_name": "Feel pain preventing from doing things", "is_default": true, "field": "question", "table": "ScaleQuestionAndOption", "order": 3}}, {"pk": 106, "model": "survey_browser.questionoption", "fields": {"unique_name": "QualityLife3_4", "option": "Quality of Life: How much do you need any medical treatment to function in your daily life?", "short_name": "Need medical treatment to function", "is_default": true, "field": "question", "table": "ScaleQuestionAndOption", "order": 4}}, {"pk": 107, "model": "survey_browser.questionoption", "fields": {"unique_name": "QualityLife3_5", "option": "Quality of Life: How much do you enjoy life?", "short_name": "Enjoy life", "is_default": true, "field": "question", "table": "ScaleQuestionAndOption", "order": 5}}, {"pk": 108, "model": "survey_browser.questionoption", "fields": {"unique_name": "QualityLife3_6", "option": "Quality of Life: To what extent do you feel your life to be meaningful?", "short_name": "Meaningful life", "is_default": true, "field": "question", "table": "ScaleQuestionAndOption", "order": 6}}, {"pk": 109, "model": "survey_browser.questionoption", "fields": {"unique_name": "QualityLife4_7", "option": "Quality of Life: How well are you able to concentrate?", "short_name": "Concentrate", "is_default": true, "field": "question", "table": "ScaleQuestionAndOption", "order": 7}}, {"pk": 110, "model": "survey_browser.questionoption", "fields": {"unique_name": "QualityLife4_8", "option": "Quality of Life: How safe do you feel in your daily life?", "short_name": "Feel safe", "is_default": true, "field": "question", "table": "ScaleQuestionAndOption", "order": 8}}, {"pk": 111, "model": "survey_browser.questionoption", "fields": {"unique_name": "QualityLife4_9", "option": "Quality of Life: How healthy is your physical environment?", "short_name": "Healthy physical environment", "is_default": true, "field": "question", "table": "ScaleQuestionAndOption", "order": 9}}, {"pk": 112, "model": "survey_browser.questionoption", "fields": {"unique_name": "QualityLife5_10", "option": "Quality of Life: Do you have enough energy for everyday life?", "short_name": "Energy for everyday", "is_default": true, "field": "question", "table": "ScaleQuestionAndOption", "order": 10}}, {"pk": 113, "model": "survey_browser.questionoption", "fields": {"unique_name": "QualityLife5_11", "option": "Quality of Life: Are you able to accept your bodily appearance?", "short_name": "Accept bodily appearance", "is_default": true, "field": "question", "table": "ScaleQuestionAndOption", "order": 11}}, {"pk": 114, "model": "survey_browser.questionoption", "fields": {"unique_name": "QualityLife5_12", "option": "Quality of Life: Have you enough money to meet your needs?", "short_name": "Money to meet needs", "is_default": true, "field": "question", "table": "ScaleQuestionAndOption", "order": 12}}, {"pk": 115, "model": "survey_browser.questionoption", "fields": {"unique_name": "QualityLife5_13", "option": "Quality of Life: How available to you is the information that you need in your day-to-day life?", "short_name": "Availability of information", "is_default": true, "field": "question", "table": "ScaleQuestionAndOption", "order": 13}}, {"pk": 116, "model": "survey_browser.questionoption", "fields": {"unique_name": "QualityLife5_14", "option": "Quality of Life: To what extent do you have the opportunity for leisure activities?", "short_name": "Chance for leisure activities", "is_default": true, "field": "question", "table": "ScaleQuestionAndOption", "order": 14}}, {"pk": 117, "model": "survey_browser.questionoption", "fields": {"unique_name": "QualityLife6_15", "option": "Quality of Life: How well are you able to get around?", "short_name": "Able to get around", "is_default": true, "field": "question", "table": "ScaleQuestionAndOption", "order": 15}}, {"pk": 118, "model": "survey_browser.questionoption", "fields": {"unique_name": "QualityLife7_16", "option": "Quality of Life: How satisfied are you with your sleep?", "short_name": "Sleep satisfaction", "is_default": true, "field": "question", "table": "ScaleQuestionAndOption", "order": 16}}, {"pk": 119, "model": "survey_browser.questionoption", "fields": {"unique_name": "QualityLife7_17", "option": "Quality of Life: How satisfied are you with your ability to perform your daily living activities?", "short_name": "Daily activity satisfaction", "is_default": true, "field": "question", "table": "ScaleQuestionAndOption", "order": 17}}, {"pk": 120, "model": "survey_browser.questionoption", "fields": {"unique_name": "QualityLife7_18", "option": "Quality of Life: How satisfied are you with your capacity for work?", "short_name": "Work capacity satisfaction", "is_default": true, "field": "question", "table": "ScaleQuestionAndOption", "order": 18}}, {"pk": 121, "model": "survey_browser.questionoption", "fields": {"unique_name": "QualityLife7_19", "option": "Quality of Life: How satisfied are you with yourself?", "short_name": "Self satisfaction", "is_default": true, "field": "question", "table": "ScaleQuestionAndOption", "order": 19}}, {"pk": 122, "model": "survey_browser.questionoption", "fields": {"unique_name": "QualityLife7_20", "option": "Quality of Life: How satisfied are you with your personal relationships?", "short_name": "Personal relationship satisfaction", "is_default": true, "field": "question", "table": "ScaleQuestionAndOption", "order": 20}}, {"pk": 123, "model": "survey_browser.questionoption", "fields": {"unique_name": "QualityLife7_xx", "option": "Quality of Life: How satisfied are you with your weight?", "short_name": "Weight satisfaction", "is_default": true, "field": "question", "table": "ScaleQuestionAndOption", "order": 21}}, {"pk": 124, "model": "survey_browser.questionoption", "fields": {"unique_name": "QualityLife7_22", "option": "Quality of Life: How satisfied are you with the support you get from your friends?", "short_name": "Social support satisfaction", "is_default": true, "field": "question", "table": "ScaleQuestionAndOption", "order": 22}}, {"pk": 125, "model": "survey_browser.questionoption", "fields": {"unique_name": "QualityLife7_23", "option": "Quality of Life: How satisfied are you with the conditions of your living place?", "short_name": "Living condition satisfaction", "is_default": true, "field": "question", "table": "ScaleQuestionAndOption", "order": 23}}, {"pk": 126, "model": "survey_browser.questionoption", "fields": {"unique_name": "QualityLife7_24", "option": "Quality of Life: How satisfied are you with your access to health services?", "short_name": "Health service access satisfaction", "is_default": true, "field": "question", "table": "ScaleQuestionAndOption", "order": 24}}, {"pk": 127, "model": "survey_browser.questionoption", "fields": {"unique_name": "QualityLife7_25", "option": "Quality of Life: How satisfied are you with your transport?", "short_name": "Transportation satisfaction", "is_default": true, "field": "question", "table": "ScaleQuestionAndOption", "order": 25}}, {"pk": 128, "model": "survey_browser.questionoption", "fields": {"unique_name": "QualityLife8_26", "option": "Quality of Life: How often do you have negative feelings such as blue mood, despair, anxiety, depression?", "short_name": "Negative feelings", "is_default": true, "field": "question", "table": "ScaleQuestionAndOption", "order": 26}}, {"pk": 129, "model": "survey_browser.questionoption", "fields": {"unique_name": "QualityLife9_1", "option": "Last Two Weeks: To what extent do impairments to your senses (e.g., hearing, vision, taste, smell, touch) affect your daily life?", "short_name": "Sensory loss affect daily life", "is_default": true, "field": "question", "table": "ScaleQuestionAndOption", "order": 1}}, {"pk": 130, "model": "survey_browser.questionoption", "fields": {"unique_name": "QualityLife9_2", "option": "Last Two Weeks: To what extent does loss of, for example, hearing, vision, taste, smell, or touch affect your ability to participate in activities?", "short_name": "Sensory loss affect participation", "is_default": true, "field": "question", "table": "ScaleQuestionAndOption", "order": 2}}, {"pk": 131, "model": "survey_browser.questionoption", "fields": {"unique_name": "QualityLife9_3", "option": "Last Two Weeks: How much freedom do you have to make your own decisions?", "short_name": "Sense of freedom", "is_default": true, "field": "question", "table": "ScaleQuestionAndOption", "order": 3}}, {"pk": 132, "model": "survey_browser.questionoption", "fields": {"unique_name": "QualityLife10_4", "option": "Last Two Weeks: To what extent do you feel in control of your future?", "short_name": "Sense of control", "is_default": true, "field": "question", "table": "ScaleQuestionAndOption", "order": 4}}, {"pk": 133, "model": "survey_browser.questionoption", "fields": {"unique_name": "QualityLife10_5", "option": "Last Two Weeks: How much do you feel that the people around you are respectful of your freedom?", "short_name": "Sense of respect for freedom", "is_default": true, "field": "question", "table": "ScaleQuestionAndOption", "order": 5}}, {"pk": 134, "model": "survey_browser.questionoption", "fields": {"unique_name": "QualityLife11_10", "option": "Last Two Weeks: To what extent do problems with your sensory functioning (e.g., hearing, vision, taste, smell, touch) affect your ability to interact with others?", "short_name": "Sensory loss affect interaction with others", "is_default": true, "field": "question", "table": "ScaleQuestionAndOption", "order": 6}}, {"pk": 135, "model": "survey_browser.questionoption", "fields": {"unique_name": "QualityLife11_11", "option": "Last Two Weeks: To what extent are you able to do the things you'd like to do?", "short_name": "Ability to do things you want", "is_default": true, "field": "question", "table": "ScaleQuestionAndOption", "order": 7}}, {"pk": 136, "model": "survey_browser.questionoption", "fields": {"unique_name": "QualityLife12_20", "option": "Last Two Weeks: How would you rate your sensory functioning (e.g., hearing, vision, taste, smell, touch)?", "short_name": "Sensory functioning", "is_default": true, "field": "question", "table": "ScaleQuestionAndOption", "order": 8}}, {"pk": 137, "model": "survey_browser.questionoption", "fields": {"unique_name": "TechUse1_1", "option": "Technology: Consumer Technology Access and Use: Tablet (iPad, etc.)", "short_name": "Tablet", "is_default": true, "field": "question", "table": "ScaleQuestionAndOption", "order": 1}}, {"pk": 138, "model": "survey_browser.questionoption", "fields": {"unique_name": "TechUse1_2", "option": "Technology: Consumer Technology Access and Use: Laptop", "short_name": "Laptop", "is_default": true, "field": "question", "table": "ScaleQuestionAndOption", "order": 2}}, {"pk": 139, "model": "survey_browser.questionoption", "fields": {"unique_name": "TechUse1_3", "option": "Technology: Consumer Technology Access and Use: Desktop (less than 3 years old)", "short_name": "Desktop (< 3 years old)", "is_default": true, "field": "question", "table": "ScaleQuestionAndOption", "order": 3}}, {"pk": 140, "model": "survey_browser.questionoption", "fields": {"unique_name": "TechUse1_4", "option": "Technology: Consumer Technology Access and Use: Desktop (3 or more years old)", "short_name": "Desktop  (3+ years old)", "is_default": true, "field": "question", "table": "ScaleQuestionAndOption", "order": 4}}, {"pk": 141, "model": "survey_browser.questionoption", "fields": {"unique_name": "TechUse1_5", "option": "Technology: Consumer Technology Access and Use: Printer", "short_name": "Printer", "is_default": true, "field": "question", "table": "ScaleQuestionAndOption", "order": 5}}, {"pk": 142, "model": "survey_browser.questionoption", "fields": {"unique_name": "TechUse1_6", "option": "Technology: Consumer Technology Access and Use: Scanner", "short_name": "Scanner", "is_default": true, "field": "question", "table": "ScaleQuestionAndOption", "order": 6}}, {"pk": 143, "model": "survey_browser.questionoption", "fields": {"unique_name": "TechUse1_7", "option": "Technology: Consumer Technology Access and Use: Telephone (fixed/land line)", "short_name": "Telephone", "is_default": true, "field": "question", "table": "ScaleQuestionAndOption", "order": 7}}, {"pk": 144, "model": "survey_browser.questionoption", "fields": {"unique_name": "TechUse1_8", "option": "Technology: Consumer Technology Access and Use: Basic cellular telephone", "short_name": "Telephone", "is_default": true, "field": "question", "table": "ScaleQuestionAndOption", "order": 8}}, {"pk": 145, "model": "survey_browser.questionoption", "fields": {"unique_name": "TechUse1_9", "option": "Technology: Consumer Technology Access and Use: Smartphone (iPhone, Android, etc.)", "short_name": "Telephone", "is_default": true, "field": "question", "table": "ScaleQuestionAndOption", "order": 9}}, {"pk": 146, "model": "survey_browser.questionoption", "fields": {"unique_name": "TechUse2_10", "option": "Technology: Consumer Technology Access and Use: Standard television (CRT)", "short_name": "TV", "is_default": true, "field": "question", "table": "ScaleQuestionAndOption", "order": 10}}, {"pk": 147, "model": "survey_browser.questionoption", "fields": {"unique_name": "TechUse2_11", "option": "Technology: Consumer Technology Access and Use: Flat panel television (LCD, plasma, etc.)", "short_name": "TV", "is_default": true, "field": "question", "table": "ScaleQuestionAndOption", "order": 11}}, {"pk": 148, "model": "survey_browser.questionoption", "fields": {"unique_name": "TechUse2_12", "option": "Technology: Consumer Technology Access and Use: Cable/satellite box (to watch TV)", "short_name": "Cable/satellite box", "is_default": true, "field": "question", "table": "ScaleQuestionAndOption", "order": 12}}, {"pk": 149, "model": "survey_browser.questionoption", "fields": {"unique_name": "TechUse2_13", "option": "Technology: Consumer Technology Access and Use: Digital video recorder (to record TV)", "short_name": "DVR", "is_default": true, "field": "question", "table": "ScaleQuestionAndOption", "order": 13}}, {"pk": 150, "model": "survey_browser.questionoption", "fields": {"unique_name": "TechUse2_14", "option": "Technology: Consumer Technology Access and Use: DVD/Blu-Ray player", "short_name": "DVD/Blu-ray player", "is_default": true, "field": "question", "table": "ScaleQuestionAndOption", "order": 14}}, {"pk": 151, "model": "survey_browser.questionoption", "fields": {"unique_name": "TechUse2_15", "option": "Technology: Consumer Technology Access and Use: Video game console (PlayStation, Wii, etc.)", "short_name": "Video game console", "is_default": true, "field": "question", "table": "ScaleQuestionAndOption", "order": 15}}, {"pk": 152, "model": "survey_browser.questionoption", "fields": {"unique_name": "TechUse3_16", "option": "Technology: Consumer Technology Access and Use: Digital music player (iPod, etc.)", "short_name": "Digital music player", "is_default": true, "field": "question", "table": "ScaleQuestionAndOption", "order": 16}}, {"pk": 153, "model": "survey_browser.questionoption", "fields": {"unique_name": "TechUse3_17", "option": "Technology: Consumer Technology Access and Use: CD player", "short_name": "CD player", "is_default": true, "field": "question", "table": "ScaleQuestionAndOption", "order": 17}}, {"pk": 154, "model": "survey_browser.questionoption", "fields": {"unique_name": "TechUse3_18", "option": "Technology: Consumer Technology Access and Use: Digital (photo) camera", "short_name": "Digital camera", "is_default": true, "field": "question", "table": "ScaleQuestionAndOption", "order": 18}}, {"pk": 155, "model": "survey_browser.questionoption", "fields": {"unique_name": "TechUse3_19", "option": "Technology: Consumer Technology Access and Use: Video camera/camcorder", "short_name": "Video camera", "is_default": true, "field": "question", "table": "ScaleQuestionAndOption", "order": 19}}, {"pk": 156, "model": "survey_browser.questionoption", "fields": {"unique_name": "TechUse3_20", "option": "Technology: Consumer Technology Access and Use: eBook reader (Kindle, Nook, etc.)", "short_name": "eBook reader", "is_default": true, "field": "question", "table": "ScaleQuestionAndOption", "order": 20}}, {"pk": 157, "model": "survey_browser.questionoption", "fields": {"unique_name": "TechUse4_21", "option": "Technology: Consumer Technology Access and Use: Stove/oven", "short_name": "Stove/oven", "is_default": true, "field": "question", "table": "ScaleQuestionAndOption", "order": 21}}, {"pk": 158, "model": "survey_browser.questionoption", "fields": {"unique_name": "TechUse4_22", "option": "Technology: Consumer Technology Access and Use: Microwave oven", "short_name": "Microwave", "is_default": true, "field": "question", "table": "ScaleQuestionAndOption", "order": 22}}, {"pk": 159, "model": "survey_browser.questionoption", "fields": {"unique_name": "TechUse4_23", "option": "Technology: Consumer Technology Access and Use: Dishwasher", "short_name": "Dishwasher", "is_default": true, "field": "question", "table": "ScaleQuestionAndOption", "order": 23}}, {"pk": 160, "model": "survey_browser.questionoption", "fields": {"unique_name": "TechUse4_24", "option": "Technology: Consumer Technology Access and Use: Coffee maker", "short_name": "Coffee maker", "is_default": true, "field": "question", "table": "ScaleQuestionAndOption", "order": 24}}, {"pk": 161, "model": "survey_browser.questionoption", "fields": {"unique_name": "TechUse4_25", "option": "Technology: Consumer Technology Access and Use: Washer/dryer", "short_name": "Washer/dryer", "is_default": true, "field": "question", "table": "ScaleQuestionAndOption", "order": 25}}, {"pk": 162, "model": "survey_browser.questionoption", "fields": {"unique_name": "TechUse4_26", "option": "Technology: Consumer Technology Access and Use: Vacuum cleaner", "short_name": "Vacuum cleaner", "is_default": true, "field": "question", "table": "ScaleQuestionAndOption", "order": 26}}, {"pk": 163, "model": "survey_browser.questionoption", "fields": {"unique_name": "TechUse4_27", "option": "Technology: Consumer Technology Access and Use: Programmable thermostat", "short_name": "Programmable thermostat", "is_default": true, "field": "question", "table": "ScaleQuestionAndOption", "order": 27}}, {"pk": 164, "model": "survey_browser.questionoption", "fields": {"unique_name": "TechPurpose_1", "option": "Technology: Consumer Technology Personal Access and Use: Digital video recorder (to record TV): Manually recording TV programs as they are broadcast", "short_name": "Frequency:Record live TV on DVR", "is_default": true, "field": "question", "table": "ScaleQuestionAndOption", "order": 1}}, {"pk": 165, "model": "survey_browser.questionoption", "fields": {"unique_name": "TechPurpose_6", "option": "Technology: Consumer Technology Personal Access and Use: Digital video recorder (to record TV): Program the device to record a TV program at a later time", "short_name": "Frequency:Record future TV on DVR", "is_default": true, "field": "question", "table": "ScaleQuestionAndOption", "order": 2}}, {"pk": 166, "model": "survey_browser.questionoption", "fields": {"unique_name": "TechPurpose_7", "option": "Technology: Consumer Technology Personal Access and Use: Stove/oven: Use the oven's digital timer", "short_name": "Frequency:Use oven digital timer", "is_default": true, "field": "question", "table": "ScaleQuestionAndOption", "order": 3}}, {"pk": 167, "model": "survey_browser.questionoption", "fields": {"unique_name": "TechPurpose_8", "option": "Technology: Consumer Technology Personal Access and Use: Stove/oven: Program the oven to automatically start or stop at a later time", "short_name": "Frequency:Program oven to start/stop at later time", "is_default": true, "field": "question", "table": "ScaleQuestionAndOption", "order": 4}}, {"pk": 168, "model": "survey_browser.questionoption", "fields": {"unique_name": "TechPurpose_10", "option": "Technology: Consumer Technology Personal Access and Use: Coffee maker: Program the coffee maker to automatically brew coffee at a later time", "short_name": "Frequency:Program coffee maker", "is_default": true, "field": "question", "table": "ScaleQuestionAndOption", "order": 5}}, {"pk": 169, "model": "survey_browser.questionoption", "fields": {"unique_name": "TechPurpose_16", "option": "Technology: Consumer Technology Personal Access and Use: Microwave oven: Use 1-touch controls (Popcorn, Reheat, 1-minute key, etc.)", "short_name": "Frequency:Use 1-touch microwave controls", "is_default": true, "field": "question", "table": "ScaleQuestionAndOption", "order": 6}}, {"pk": 170, "model": "survey_browser.questionoption", "fields": {"unique_name": "TechPurpose_17", "option": "Technology: Consumer Technology Personal Access and Use: Microwave oven: Program the microwave to cook at a desired power level or to a desired temperature", "short_name": "Frequency:Program microwave to cook at desired power/temp", "is_default": true, "field": "question", "table": "ScaleQuestionAndOption", "order": 7}}, {"pk": 171, "model": "survey_browser.questionoption", "fields": {"unique_name": "TechPurpose_21", "option": "Technology: Consumer Technology Personal Access and Use: Programmable thermostat: Adjust the temperature manually", "short_name": "Frequency:Adjust programmable thermostat manually", "is_default": true, "field": "question", "table": "ScaleQuestionAndOption", "order": 8}}, {"pk": 172, "model": "survey_browser.questionoption", "fields": {"unique_name": "TechPurpose_22", "option": "Technology: Consumer Technology Personal Access and Use: Programmable thermostat: Program the thermostat to adjust the temperature automatically according to a schedule", "short_name": "Frequency:Program thermostat to adjust temp automatically", "is_default": true, "field": "question", "table": "ScaleQuestionAndOption", "order": 9}}, {"pk": 173, "model": "survey_browser.questionoption", "fields": {"unique_name": "PhonePurpose_1", "option": "Technology: Computer and Cellular Phone Use: Cell: Talking on the phone", "short_name": "Talking", "is_default": true, "field": "question", "table": "ScaleQuestionAndOption", "order": 1}}, {"pk": 174, "model": "survey_browser.questionoption", "fields": {"unique_name": "PhonePurpose_2", "option": "Technology: Computer and Cellular Phone Use: Cell: Text messaging (SMS) or instant messaging", "short_name": "Texting", "is_default": true, "field": "question", "table": "ScaleQuestionAndOption", "order": 2}}, {"pk": 175, "model": "survey_browser.questionoption", "fields": {"unique_name": "PhonePurpose_3", "option": "Technology: Computer and Cellular Phone Use: Cell: Email", "short_name": "Email", "is_default": true, "field": "question", "table": "ScaleQuestionAndOption", "order": 3}}, {"pk": 176, "model": "survey_browser.questionoption", "fields": {"unique_name": "PhonePurpose_4", "option": "Technology: Computer and Cellular Phone Use: Cell: Social networking (Facebook, Twitter, message boards, etc.)", "short_name": "Social networking", "is_default": true, "field": "question", "table": "ScaleQuestionAndOption", "order": 4}}, {"pk": 177, "model": "survey_browser.questionoption", "fields": {"unique_name": "PhonePurpose_5", "option": "Technology: Computer and Cellular Phone Use: Cell: Obtaining news or weather information", "short_name": "News/weather", "is_default": true, "field": "question", "table": "ScaleQuestionAndOption", "order": 5}}, {"pk": 178, "model": "survey_browser.questionoption", "fields": {"unique_name": "PhonePurpose_6", "option": "Technology: Computer and Cellular Phone Use: Cell: Obtaining leisure or hobby information (sports, dining, travel, lifestyle, etc.)", "short_name": "Leisure/hobby info", "is_default": true, "field": "question", "table": "ScaleQuestionAndOption", "order": 6}}, {"pk": 179, "model": "survey_browser.questionoption", "fields": {"unique_name": "PhonePurpose_7", "option": "Technology: Computer and Cellular Phone Use: Cell: Searching for information (Google, Bing, etc.)", "short_name": "Information (web search)", "is_default": true, "field": "question", "table": "ScaleQuestionAndOption", "order": 7}}, {"pk": 180, "model": "survey_browser.questionoption", "fields": {"unique_name": "PhonePurpose_8", "option": "Technology: Computer and Cellular Phone Use: Cell: Personal entertainment (video, music, games, etc.)", "short_name": "Personal entertainment (video, games, etc.)", "is_default": true, "field": "question", "table": "ScaleQuestionAndOption", "order": 8}}, {"pk": 181, "model": "survey_browser.questionoption", "fields": {"unique_name": "PhonePurpose_9", "option": "Technology: Computer and Cellular Phone Use: Cell: Productivity (office apps, calendar, to-do list, etc.)", "short_name": "Productivity (calendar, to-do, etc.)", "is_default": true, "field": "question", "table": "ScaleQuestionAndOption", "order": 9}}, {"pk": 182, "model": "survey_browser.questionoption", "fields": {"unique_name": "PhonePurpose_10", "option": "Technology: Computer and Cellular Phone Use: Cell: Taking or viewing photos/video", "short_name": "Photos/video", "is_default": true, "field": "question", "table": "ScaleQuestionAndOption", "order": 10}}, {"pk": 183, "model": "survey_browser.questionoption", "fields": {"unique_name": "PhonePurpose_11", "option": "Technology: Computer and Cellular Phone Use: Cell: Maps, GPS, navigation", "short_name": "Maps,GPS,naviation", "is_default": true, "field": "question", "table": "ScaleQuestionAndOption", "order": 11}}, {"pk": 184, "model": "survey_browser.questionoption", "fields": {"unique_name": "PhonePurpose_12", "option": "Technology: Computer and Cellular Phone Use: Cell: Shopping", "short_name": "Shopping", "is_default": true, "field": "question", "table": "ScaleQuestionAndOption", "order": 12}}, {"pk": 185, "model": "survey_browser.questionoption", "fields": {"unique_name": "PCPurpose_1", "option": "Technology: Computer and Cellular Phone Use: Computer: Instant messaging or other communications (Skype, video conferencing, etc.)", "short_name": "Instant messaging (Skype, video conference, etc.)", "is_default": true, "field": "question", "table": "ScaleQuestionAndOption", "order": 1}}, {"pk": 186, "model": "survey_browser.questionoption", "fields": {"unique_name": "PCPurpose_2", "option": "Technology: Computer and Cellular Phone Use: Computer: Email", "short_name": "Email", "is_default": true, "field": "question", "table": "ScaleQuestionAndOption", "order": 2}}, {"pk": 187, "model": "survey_browser.questionoption", "fields": {"unique_name": "PCPurpose_3", "option": "Technology: Computer and Cellular Phone Use: Computer: Social networking (Facebook, Twitter, message boards, etc.)", "short_name": "Social networking", "is_default": true, "field": "question", "table": "ScaleQuestionAndOption", "order": 3}}, {"pk": 188, "model": "survey_browser.questionoption", "fields": {"unique_name": "PCPurpose_4", "option": "Technology: Computer and Cellular Phone Use: Computer: Personal entertainment (video, music, games, etc.)", "short_name": "Personal entertainment (video, games, etc.)", "is_default": true, "field": "question", "table": "ScaleQuestionAndOption", "order": 4}}, {"pk": 189, "model": "survey_browser.questionoption", "fields": {"unique_name": "PCPurpose_5", "option": "Technology: Computer and Cellular Phone Use: Computer: Photo or video management or editing", "short_name": "Photos/video", "is_default": true, "field": "question", "table": "ScaleQuestionAndOption", "order": 5}}, {"pk": 190, "model": "survey_browser.questionoption", "fields": {"unique_name": "PCPurpose_6", "option": "Technology: Computer and Cellular Phone Use: Computer: Productivity (office apps, calendar, to-do list, etc.)", "short_name": "Productivity (calendar, to-do, etc.)", "is_default": true, "field": "question", "table": "ScaleQuestionAndOption", "order": 6}}, {"pk": 191, "model": "survey_browser.questionoption", "fields": {"unique_name": "PCPurpose_7", "option": "Technology: Computer and Cellular Phone Use: Computer: Obtaining news or weather information", "short_name": "News/weather", "is_default": true, "field": "question", "table": "ScaleQuestionAndOption", "order": 7}}, {"pk": 192, "model": "survey_browser.questionoption", "fields": {"unique_name": "PCPurpose_8", "option": "Technology: Computer and Cellular Phone Use: Computer: Obtaining leisure or hobby information (sports, dining, travel, lifestyle, etc.)", "short_name": "Leisure/hobby info", "is_default": true, "field": "question", "table": "ScaleQuestionAndOption", "order": 8}}, {"pk": 193, "model": "survey_browser.questionoption", "fields": {"unique_name": "PCPurpose_9", "option": "Technology: Computer and Cellular Phone Use: Computer: Searching for information (Google, Bing, etc.)", "short_name": "Information (web search)", "is_default": true, "field": "question", "table": "ScaleQuestionAndOption", "order": 9}}, {"pk": 194, "model": "survey_browser.questionoption", "fields": {"unique_name": "PCPurpose_10", "option": "Technology: Computer and Cellular Phone Use: Computer: Maps and directions", "short_name": "Maps,GPS,naviation", "is_default": true, "field": "question", "table": "ScaleQuestionAndOption", "order": 10}}, {"pk": 195, "model": "survey_browser.questionoption", "fields": {"unique_name": "PCPurpose_11", "option": "Technology: Computer and Cellular Phone Use: Computer: Shopping", "short_name": "Shopping", "is_default": true, "field": "question", "table": "ScaleQuestionAndOption", "order": 11}}, {"pk": 196, "model": "survey_browser.questionoption", "fields": {"unique_name": "HealthTechUse_1", "option": "Technology: Health Technology Access and Use: Listed Technologies: Adjustable bed", "short_name": "Adjustable bed", "is_default": true, "field": "question", "table": "ScaleQuestionAndOption", "order": 1}}, {"pk": 197, "model": "survey_browser.questionoption", "fields": {"unique_name": "HealthTechUse_2", "option": "Technology: Health Technology Access and Use: Listed Technologies: Blood glucose monitor", "short_name": "Blood glucose monitor", "is_default": true, "field": "question", "table": "ScaleQuestionAndOption", "order": 2}}, {"pk": 198, "model": "survey_browser.questionoption", "fields": {"unique_name": "HealthTechUse_3", "option": "Technology: Health Technology Access and Use: Listed Technologies: Blood pressure monitor", "short_name": "Blood pressure monitor", "is_default": true, "field": "question", "table": "ScaleQuestionAndOption", "order": 3}}, {"pk": 199, "model": "survey_browser.questionoption", "fields": {"unique_name": "HealthTechUse_4", "option": "Technology: Health Technology Access and Use: Listed Technologies: Digital scale", "short_name": "Digital scale", "is_default": true, "field": "question", "table": "ScaleQuestionAndOption", "order": 4}}, {"pk": 200, "model": "survey_browser.questionoption", "fields": {"unique_name": "HealthTechUse_5", "option": "Technology: Health Technology Access and Use: Listed Technologies: Digital thermometer", "short_name": "Digital thermometer", "is_default": true, "field": "question", "table": "ScaleQuestionAndOption", "order": 5}}, {"pk": 201, "model": "survey_browser.questionoption", "fields": {"unique_name": "HealthTechUse_6", "option": "Technology: Health Technology Access and Use: Listed Technologies: Heart rate monitor", "short_name": "Heart rate monitor", "is_default": true, "field": "question", "table": "ScaleQuestionAndOption", "order": 6}}, {"pk": 202, "model": "survey_browser.questionoption", "fields": {"unique_name": "HealthTechUse_7", "option": "Technology: Health Technology Access and Use: Listed Technologies: Pedometer", "short_name": "Pedomoter", "is_default": true, "field": "question", "table": "ScaleQuestionAndOption", "order": 7}}, {"pk": 203, "model": "survey_browser.questionoption", "fields": {"unique_name": "HealthTechUse_8", "option": "Technology: Health Technology Access and Use: Listed Technologies: Wearable emergency alert device", "short_name": "Emergency alert device", "is_default": true, "field": "question", "table": "ScaleQuestionAndOption", "order": 8}}, {"pk": 204, "model": "survey_browser.questionoption", "fields": {"unique_name": "ConfidenceTech_1", "option": "Technology: Confidence with Technology: if there were no one around to tell me what to do as I go.", "short_name": "No one around to help", "is_default": true, "field": "question", "table": "ScaleQuestionAndOption", "order": 1}}, {"pk": 205, "model": "survey_browser.questionoption", "fields": {"unique_name": "ConfidenceTech_2", "option": "Technology: Confidence with Technology: if I had never used a product like it before.", "short_name": "Never used anything like it before", "is_default": true, "field": "question", "table": "ScaleQuestionAndOption", "order": 2}}, {"pk": 206, "model": "survey_browser.questionoption", "fields": {"unique_name": "ConfidenceTech_3", "option": "Technology: Confidence with Technology: if I had only the product manuals for reference.", "short_name": "Had product manuals", "is_default": true, "field": "question", "table": "ScaleQuestionAndOption", "order": 3}}, {"pk": 207, "model": "survey_browser.questionoption", "fields": {"unique_name": "ConfidenceTech_4", "option": "Technology: Confidence with Technology: if I had seen someone else using it before trying it myself.", "short_name": "Seen someone else using it", "is_default": true, "field": "question", "table": "ScaleQuestionAndOption", "order": 4}}, {"pk": 208, "model": "survey_browser.questionoption", "fields": {"unique_name": "ConfidenceTech_5", "option": "Technology: Confidence with Technology: if I could call someone for help if I got stuck.", "short_name": "Could call for help", "is_default": true, "field": "question", "table": "ScaleQuestionAndOption", "order": 5}}, {"pk": 209, "model": "survey_browser.questionoption", "fields": {"unique_name": "ConfidenceTech_6", "option": "Technology: Confidence with Technology: if someone else had helped me get started.", "short_name": "Someone helped to get started", "is_default": true, "field": "question", "table": "ScaleQuestionAndOption", "order": 6}}, {"pk": 210, "model": "survey_browser.questionoption", "fields": {"unique_name": "ConfidenceTech_7", "option": "Technology: Confidence with Technology: if I had a lot of time to complete the job for which the product was provided.", "short_name": "Ample time", "is_default": true, "field": "question", "table": "ScaleQuestionAndOption", "order": 7}}, {"pk": 211, "model": "survey_browser.questionoption", "fields": {"unique_name": "ConfidenceTech_8", "option": "Technology: Confidence with Technology: if I had just the built-in help facility for assistance.", "short_name": "Had built-in help", "is_default": true, "field": "question", "table": "ScaleQuestionAndOption", "order": 8}}, {"pk": 212, "model": "survey_browser.questionoption", "fields": {"unique_name": "ConfidenceTech_9", "option": "Technology: Confidence with Technology: if someone showed me how to do it first.", "short_name": "Showed how by someone else", "is_default": true, "field": "question", "table": "ScaleQuestionAndOption", "order": 9}}, {"pk": 213, "model": "survey_browser.questionoption", "fields": {"unique_name": "ConfidenceTech_10", "option": "Technology: Confidence with Technology: if I had used similar products before this one to do the same job.", "short_name": "Used similar products", "is_default": true, "field": "question", "table": "ScaleQuestionAndOption", "order": 10}}, {"pk": 214, "model": "survey_browser.questionoption", "fields": {"unique_name": "AttIT_1", "option": "Technology: Attitudes Toward Information Technology: The way you pursue your hobbies or interests.", "short_name": "Improve:Pursue hobbies/interests", "is_default": true, "field": "question", "table": "ScaleQuestionAndOption", "order": 1}}, {"pk": 215, "model": "survey_browser.questionoption", "fields": {"unique_name": "AttIT_2", "option": "Technology: Attitudes Toward Information Technology: Your ability to do your job.", "short_name": "Improve:Ability to do job", "is_default": true, "field": "question", "table": "ScaleQuestionAndOption", "order": 2}}, {"pk": 216, "model": "survey_browser.questionoption", "fields": {"unique_name": "AttIT_3", "option": "Technology: Attitudes Toward Information Technology: Your ability to learn new things.", "short_name": "Improve:Ability to learn new things", "is_default": true, "field": "question", "table": "ScaleQuestionAndOption", "order": 3}}, {"pk": 217, "model": "survey_browser.questionoption", "fields": {"unique_name": "AttIT_4", "option": "Technology: Attitudes Toward Information Technology: Your ability to keep in touch with friends and family.", "short_name": "Improve:Ability to keep in touch with friends/family", "is_default": true, "field": "question", "table": "ScaleQuestionAndOption", "order": 4}}, {"pk": 218, "model": "survey_browser.questionoption", "fields": {"unique_name": "AttIT_5", "option": "Technology: Attitudes Toward Information Technology: Your ability to share your ideas and creations with others.", "short_name": "Improve:Ability to share ideas", "is_default": true, "field": "question", "table": "ScaleQuestionAndOption", "order": 5}}, {"pk": 219, "model": "survey_browser.questionoption", "fields": {"unique_name": "AttIT_6", "option": "Technology: Attitudes Toward Information Technology: Your ability to work with others in your community or in groups you belong to.", "short_name": "Improve:Ability to work with others", "is_default": true, "field": "question", "table": "ScaleQuestionAndOption", "order": 6}}, {"pk": 220, "model": "survey_browser.questionoption", "fields": {"unique_name": "Technology: Health Technology Access and Use: Additional Technologies: heating pad,ScaleQuestionAndOption,question,False", "option": "Technology: Health Technology Access and Use: Additional Technologies: heating pad", "short_name": "", "is_default": false, "field": "question", "table": "ScaleQuestionAndOption", "order": null}}, {"pk": 1, "model": "survey_browser.participantcontactinstance", "fields": {"participant": 1, "date_of_test": "2012-03-29"}}, {"pk": 2, "model": "survey_browser.participantcontactinstance", "fields": {"participant": 2, "date_of_test": "2012-03-29"}}, {"pk": 3, "model": "survey_browser.participantcontactinstance", "fields": {"participant": 3, "date_of_test": "2012-03-29"}}, {"pk": 4, "model": "survey_browser.participantcontactinstance", "fields": {"participant": 4, "date_of_test": "2012-03-29"}}, {"pk": 5, "model": "survey_browser.participantcontactinstance", "fields": {"participant": 5, "date_of_test": "2012-03-29"}}, {"pk": 6, "model": "survey_browser.participantcontactinstance", "fields": {"participant": 6, "date_of_test": "2012-04-27"}}, {"pk": 7, "model": "survey_browser.participantcontactinstance", "fields": {"participant": 7, "date_of_test": "2012-05-11"}}, {"pk": 8, "model": "survey_browser.participantcontactinstance", "fields": {"participant": 8, "date_of_test": "2012-04-27"}}, {"pk": 9, "model": "survey_browser.participantcontactinstance", "fields": {"participant": 9, "date_of_test": "2012-04-27"}}, {"pk": 10, "model": "survey_browser.participantcontactinstance", "fields": {"participant": 10, "date_of_test": "2012-05-11"}}, {"pk": 11, "model": "survey_browser.participantcontactinstance", "fields": {"participant": 11, "date_of_test": "2012-08-09"}}, {"pk": 12, "model": "survey_browser.participantcontactinstance", "fields": {"participant": 4, "date_of_test": "2012-08-09"}}, {"pk": 13, "model": "survey_browser.participantcontactinstance", "fields": {"participant": 12, "date_of_test": "2012-08-09"}}, {"pk": 14, "model": "survey_browser.participantcontactinstance", "fields": {"participant": 13, "date_of_test": "2012-08-08"}}, {"pk": 15, "model": "survey_browser.participantcontactinstance", "fields": {"participant": 14, "date_of_test": "2012-08-01"}}, {"pk": 16, "model": "survey_browser.participantcontactinstance", "fields": {"participant": 15, "date_of_test": "2012-06-26"}}, {"pk": 17, "model": "survey_browser.participantcontactinstance", "fields": {"participant": 16, "date_of_test": "2012-06-24"}}, {"pk": 18, "model": "survey_browser.participantcontactinstance", "fields": {"participant": 17, "date_of_test": "2012-06-24"}}, {"pk": 19, "model": "survey_browser.participantcontactinstance", "fields": {"participant": 18, "date_of_test": "2012-06-25"}}, {"pk": 20, "model": "survey_browser.participantcontactinstance", "fields": {"participant": 19, "date_of_test": "2012-07-10"}}, {"pk": 1, "model": "survey_browser.spmsq_question", "fields": {"question": 1, "correct": true}}, {"pk": 2, "model": "survey_browser.spmsq_question", "fields": {"question": 1, "correct": false}}, {"pk": 3, "model": "survey_browser.spmsq_question", "fields": {"question": 2, "correct": true}}, {"pk": 4, "model": "survey_browser.spmsq_question", "fields": {"question": 2, "correct": false}}, {"pk": 5, "model": "survey_browser.spmsq_question", "fields": {"question": 3, "correct": true}}, {"pk": 6, "model": "survey_browser.spmsq_question", "fields": {"question": 3, "correct": false}}, {"pk": 7, "model": "survey_browser.spmsq_question", "fields": {"question": 4, "correct": true}}, {"pk": 8, "model": "survey_browser.spmsq_question", "fields": {"question": 4, "correct": false}}, {"pk": 9, "model": "survey_browser.spmsq_question", "fields": {"question": 5, "correct": true}}, {"pk": 10, "model": "survey_browser.spmsq_question", "fields": {"question": 5, "correct": false}}, {"pk": 11, "model": "survey_browser.spmsq_question", "fields": {"question": 6, "correct": true}}, {"pk": 12, "model": "survey_browser.spmsq_question", "fields": {"question": 6, "correct": false}}, {"pk": 13, "model": "survey_browser.spmsq_question", "fields": {"question": 7, "correct": true}}, {"pk": 14, "model": "survey_browser.spmsq_question", "fields": {"question": 7, "correct": false}}, {"pk": 15, "model": "survey_browser.spmsq_question", "fields": {"question": 8, "correct": true}}, {"pk": 16, "model": "survey_browser.spmsq_question", "fields": {"question": 8, "correct": false}}, {"pk": 17, "model": "survey_browser.spmsq_question", "fields": {"question": 9, "correct": true}}, {"pk": 18, "model": "survey_browser.spmsq_question", "fields": {"question": 9, "correct": false}}, {"pk": 19, "model": "survey_browser.spmsq_question", "fields": {"question": 10, "correct": true}}, {"pk": 20, "model": "survey_browser.spmsq_question", "fields": {"question": 10, "correct": false}}, {"pk": 1, "model": "survey_browser.spmsq", "fields": {"nerrors": 0, "contact_instance": 1, "questions": [1, 3, 5, 7, 9, 11, 13, 15, 17, 19]}}, {"pk": 2, "model": "survey_browser.spmsq", "fields": {"nerrors": 0, "contact_instance": 2, "questions": [1, 3, 5, 7, 9, 11, 13, 15, 17, 19]}}, {"pk": 3, "model": "survey_browser.spmsq", "fields": {"nerrors": 0, "contact_instance": 3, "questions": [1, 3, 5, 7, 9, 11, 13, 15, 17, 19]}}, {"pk": 4, "model": "survey_browser.spmsq", "fields": {"nerrors": 1, "contact_instance": 4, "questions": [1, 3, 5, 7, 9, 11, 13, 15, 17, 20]}}, {"pk": 5, "model": "survey_browser.spmsq", "fields": {"nerrors": 0, "contact_instance": 5, "questions": [1, 3, 5, 7, 9, 11, 13, 15, 17, 19]}}, {"pk": 1, "model": "survey_browser.iadl_option", "fields": {"score": 1, "question": 11, "option": 1, "order": 1}}, {"pk": 2, "model": "survey_browser.iadl_option", "fields": {"score": 1, "question": 11, "option": 2, "order": 2}}, {"pk": 3, "model": "survey_browser.iadl_option", "fields": {"score": 1, "question": 11, "option": 3, "order": 3}}, {"pk": 4, "model": "survey_browser.iadl_option", "fields": {"score": 0, "question": 11, "option": 4, "order": 4}}, {"pk": 5, "model": "survey_browser.iadl_option", "fields": {"score": 1, "question": 12, "option": 5, "order": 1}}, {"pk": 6, "model": "survey_browser.iadl_option", "fields": {"score": 0, "question": 12, "option": 6, "order": 2}}, {"pk": 7, "model": "survey_browser.iadl_option", "fields": {"score": 0, "question": 12, "option": 7, "order": 3}}, {"pk": 8, "model": "survey_browser.iadl_option", "fields": {"score": 0, "question": 12, "option": 8, "order": 4}}, {"pk": 9, "model": "survey_browser.iadl_option", "fields": {"score": 1, "question": 13, "option": 9, "order": 1}}, {"pk": 10, "model": "survey_browser.iadl_option", "fields": {"score": 0, "question": 13, "option": 10, "order": 2}}, {"pk": 11, "model": "survey_browser.iadl_option", "fields": {"score": 0, "question": 13, "option": 11, "order": 3}}, {"pk": 12, "model": "survey_browser.iadl_option", "fields": {"score": 0, "question": 13, "option": 12, "order": 4}}, {"pk": 13, "model": "survey_browser.iadl_option", "fields": {"score": 1, "question": 14, "option": 13, "order": 1}}, {"pk": 14, "model": "survey_browser.iadl_option", "fields": {"score": 1, "question": 14, "option": 14, "order": 2}}, {"pk": 15, "model": "survey_browser.iadl_option", "fields": {"score": 1, "question": 14, "option": 15, "order": 3}}, {"pk": 16, "model": "survey_browser.iadl_option", "fields": {"score": 1, "question": 14, "option": 16, "order": 4}}, {"pk": 17, "model": "survey_browser.iadl_option", "fields": {"score": 0, "question": 14, "option": 17, "order": 5}}, {"pk": 18, "model": "survey_browser.iadl_option", "fields": {"score": 1, "question": 15, "option": 18, "order": 1}}, {"pk": 19, "model": "survey_browser.iadl_option", "fields": {"score": 1, "question": 15, "option": 19, "order": 2}}, {"pk": 20, "model": "survey_browser.iadl_option", "fields": {"score": 0, "question": 15, "option": 20, "order": 3}}, {"pk": 21, "model": "survey_browser.iadl_option", "fields": {"score": 1, "question": 16, "option": 21, "order": 1}}, {"pk": 22, "model": "survey_browser.iadl_option", "fields": {"score": 1, "question": 16, "option": 22, "order": 2}}, {"pk": 23, "model": "survey_browser.iadl_option", "fields": {"score": 1, "question": 16, "option": 23, "order": 3}}, {"pk": 24, "model": "survey_browser.iadl_option", "fields": {"score": 0, "question": 16, "option": 24, "order": 4}}, {"pk": 25, "model": "survey_browser.iadl_option", "fields": {"score": 0, "question": 16, "option": 25, "order": 5}}, {"pk": 26, "model": "survey_browser.iadl_option", "fields": {"score": 1, "question": 17, "option": 26, "order": 1}}, {"pk": 27, "model": "survey_browser.iadl_option", "fields": {"score": 0, "question": 17, "option": 27, "order": 2}}, {"pk": 28, "model": "survey_browser.iadl_option", "fields": {"score": 0, "question": 17, "option": 28, "order": 3}}, {"pk": 29, "model": "survey_browser.iadl_option", "fields": {"score": 1, "question": 18, "option": 29, "order": 1}}, {"pk": 30, "model": "survey_browser.iadl_option", "fields": {"score": 1, "question": 18, "option": 30, "order": 2}}, {"pk": 31, "model": "survey_browser.iadl_option", "fields": {"score": 0, "question": 18, "option": 31, "order": 3}}, {"pk": 1, "model": "survey_browser.iadl", "fields": {"contact_instance": 1, "score": 8, "questions": [1, 5, 9, 13, 18, 21, 26, 29]}}, {"pk": 2, "model": "survey_browser.iadl", "fields": {"contact_instance": 2, "score": 8, "questions": [1, 5, 9, 13, 18, 21, 26, 29]}}, {"pk": 3, "model": "survey_browser.iadl", "fields": {"contact_instance": 3, "score": 8, "questions": [1, 5, 9, 13, 18, 21, 26, 29]}}, {"pk": 4, "model": "survey_browser.iadl", "fields": {"contact_instance": 4, "score": 8, "questions": [1, 5, 9, 13, 18, 21, 26, 29]}}, {"pk": 5, "model": "survey_browser.iadl", "fields": {"contact_instance": 5, "score": 8, "questions": [1, 5, 9, 13, 18, 21, 26, 29]}}, {"pk": 1, "model": "survey_browser.tugtrail", "fields": {"order": 0, "time": null}}, {"pk": 2, "model": "survey_browser.tugtrail", "fields": {"order": 1, "time": null}}, {"pk": 3, "model": "survey_browser.tugtrail", "fields": {"order": 2, "time": null}}, {"pk": 4, "model": "survey_browser.tugtrail", "fields": {"order": 0, "time": null}}, {"pk": 5, "model": "survey_browser.tugtrail", "fields": {"order": 1, "time": null}}, {"pk": 6, "model": "survey_browser.tugtrail", "fields": {"order": 2, "time": null}}, {"pk": 7, "model": "survey_browser.tugtrail", "fields": {"order": 0, "time": null}}, {"pk": 8, "model": "survey_browser.tugtrail", "fields": {"order": 1, "time": null}}, {"pk": 9, "model": "survey_browser.tugtrail", "fields": {"order": 2, "time": null}}, {"pk": 10, "model": "survey_browser.tugtrail", "fields": {"order": 0, "time": null}}, {"pk": 11, "model": "survey_browser.tugtrail", "fields": {"order": 1, "time": null}}, {"pk": 12, "model": "survey_browser.tugtrail", "fields": {"order": 2, "time": null}}, {"pk": 13, "model": "survey_browser.tugtrail", "fields": {"order": 0, "time": null}}, {"pk": 14, "model": "survey_browser.tugtrail", "fields": {"order": 1, "time": null}}, {"pk": 15, "model": "survey_browser.tugtrail", "fields": {"order": 2, "time": null}}, {"pk": 1, "model": "survey_browser.tug", "fields": {"contact_instance": 1, "mobility_rating": 32, "average": null, "times": [1, 2, 3], "fall_risk": 36}}, {"pk": 2, "model": "survey_browser.tug", "fields": {"contact_instance": 2, "mobility_rating": 32, "average": null, "times": [4, 5, 6], "fall_risk": 36}}, {"pk": 3, "model": "survey_browser.tug", "fields": {"contact_instance": 3, "mobility_rating": 32, "average": null, "times": [7, 8, 9], "fall_risk": 36}}, {"pk": 4, "model": "survey_browser.tug", "fields": {"contact_instance": 4, "mobility_rating": 32, "average": null, "times": [10, 11, 12], "fall_risk": 36}}, {"pk": 5, "model": "survey_browser.tug", "fields": {"contact_instance": 5, "mobility_rating": 32, "average": null, "times": [13, 14, 15], "fall_risk": 36}}, {"pk": 1, "model": "survey_browser.participantinductionstatic", "fields": {"participant": 11, "us_citizen": true, "gender": 42, "racial_origin": [43], "retirement_year": null, "racial_origin_comments": "White comments: , ", "hisp_latino": 37}}, {"pk": 2, "model": "survey_browser.participantinductionstatic", "fields": {"participant": 4, "us_citizen": true, "gender": 42, "racial_origin": [43], "retirement_year": 1995, "racial_origin_comments": "White comments: , ", "hisp_latino": 37}}, {"pk": 3, "model": "survey_browser.participantinductionstatic", "fields": {"participant": 12, "us_citizen": true, "gender": 41, "racial_origin": [43], "retirement_year": null, "racial_origin_comments": "White comments: , ", "hisp_latino": 37}}, {"pk": 4, "model": "survey_browser.participantinductionstatic", "fields": {"participant": 13, "us_citizen": true, "gender": 42, "racial_origin": [43], "retirement_year": 2007, "racial_origin_comments": "White comments: , ", "hisp_latino": 37}}, {"pk": 5, "model": "survey_browser.participantinductionstatic", "fields": {"participant": 14, "us_citizen": true, "gender": 343, "racial_origin": [43], "retirement_year": null, "racial_origin_comments": "White comments: , ", "hisp_latino": 37}}, {"pk": 6, "model": "survey_browser.participantinductionstatic", "fields": {"participant": 15, "us_citizen": true, "gender": 42, "racial_origin": [43], "retirement_year": 2000, "racial_origin_comments": "White comments: , ", "hisp_latino": 37}}, {"pk": 7, "model": "survey_browser.participantinductionstatic", "fields": {"participant": 16, "us_citizen": true, "gender": 41, "racial_origin": [43], "retirement_year": 1996, "racial_origin_comments": "White comments: , ", "hisp_latino": 37}}, {"pk": 8, "model": "survey_browser.participantinductionstatic", "fields": {"participant": 17, "us_citizen": true, "gender": 41, "racial_origin": [43], "retirement_year": null, "racial_origin_comments": "White comments: , ", "hisp_latino": 37}}, {"pk": 9, "model": "survey_browser.participantinductionstatic", "fields": {"participant": 18, "us_citizen": true, "gender": 42, "racial_origin": [43], "retirement_year": null, "racial_origin_comments": "White comments: , ", "hisp_latino": 37}}, {"pk": 10, "model": "survey_browser.participantinductionstatic", "fields": {"participant": 19, "us_citizen": true, "gender": 42, "racial_origin": [47], "retirement_year": 1992, "racial_origin_comments": "Chinese comments: , ", "hisp_latino": 37}}, {"pk": 1, "model": "survey_browser.participantinductionvolatile", "fields": {"current_occupation": [331], "perm_residents": [70, 330], "leave_home_freq": 100, "marital_status": 65, "housing_type": 74, "n_perm_residents": 3, "contact_instance": 11, "household_income": 85, "type_of_internet": 298, "leave_home_reasons": [103, 104, 105, 106, 107], "education_level": 60, "limited_tranport": false, "occupation_status": [92], "has_home_internet": true, "has_wireless_internet": true}}, {"pk": 2, "model": "survey_browser.participantinductionvolatile", "fields": {"current_occupation": [333], "perm_residents": [69], "leave_home_freq": 100, "marital_status": 68, "housing_type": 74, "n_perm_residents": 1, "contact_instance": 12, "household_income": 82, "type_of_internet": 332, "leave_home_reasons": [104, 105, 106, 107], "education_level": 59, "limited_tranport": false, "occupation_status": [97], "has_home_internet": false, "has_wireless_internet": false}}, {"pk": 3, "model": "survey_browser.participantinductionvolatile", "fields": {"current_occupation": [335], "perm_residents": [70], "leave_home_freq": 101, "marital_status": 65, "housing_type": 74, "n_perm_residents": 2, "contact_instance": 13, "household_income": 89, "type_of_internet": 298, "leave_home_reasons": [103, 104, 105, 106, 107, 108], "education_level": 63, "limited_tranport": false, "occupation_status": [92], "has_home_internet": true, "has_wireless_internet": true}}, {"pk": 4, "model": "survey_browser.participantinductionvolatile", "fields": {"current_occupation": [333], "perm_residents": [71, 73], "leave_home_freq": 98, "marital_status": 68, "housing_type": 74, "n_perm_residents": 8, "contact_instance": 14, "household_income": 90, "type_of_internet": 299, "leave_home_reasons": [107], "education_level": 58, "limited_tranport": true, "occupation_status": [97], "has_home_internet": true, "has_wireless_internet": true}}, {"pk": 5, "model": "survey_browser.participantinductionvolatile", "fields": {"current_occupation": [342], "perm_residents": [70], "leave_home_freq": 100, "marital_status": 65, "housing_type": 74, "n_perm_residents": 2, "contact_instance": 15, "household_income": 85, "type_of_internet": 298, "leave_home_reasons": [103, 104, 105, 106, 107, 108], "education_level": 62, "limited_tranport": false, "occupation_status": [93], "has_home_internet": true, "has_wireless_internet": true}}, {"pk": 6, "model": "survey_browser.participantinductionvolatile", "fields": {"current_occupation": [333], "perm_residents": [72], "leave_home_freq": 101, "marital_status": 68, "housing_type": 74, "n_perm_residents": 4, "contact_instance": 16, "household_income": 85, "type_of_internet": 298, "leave_home_reasons": [104, 105, 107], "education_level": 61, "limited_tranport": false, "occupation_status": [96, 97], "has_home_internet": true, "has_wireless_internet": false}}, {"pk": 7, "model": "survey_browser.participantinductionvolatile", "fields": {"current_occupation": [333], "perm_residents": [70], "leave_home_freq": 101, "marital_status": 65, "housing_type": 74, "n_perm_residents": 2, "contact_instance": 17, "household_income": 89, "type_of_internet": 298, "leave_home_reasons": [104, 105, 106, 107, 108], "education_level": 60, "limited_tranport": false, "occupation_status": [97], "has_home_internet": true, "has_wireless_internet": true}}, {"pk": 8, "model": "survey_browser.participantinductionvolatile", "fields": {"current_occupation": [346], "perm_residents": [70], "leave_home_freq": 101, "marital_status": 65, "housing_type": 74, "n_perm_residents": 2, "contact_instance": 18, "household_income": 88, "type_of_internet": 298, "leave_home_reasons": [103, 104, 105, 106, 107], "education_level": 61, "limited_tranport": false, "occupation_status": [92], "has_home_internet": true, "has_wireless_internet": true}}, {"pk": 9, "model": "survey_browser.participantinductionvolatile", "fields": {"current_occupation": [], "perm_residents": [70], "leave_home_freq": 100, "marital_status": 65, "housing_type": 74, "n_perm_residents": 2, "contact_instance": 19, "household_income": 87, "type_of_internet": 298, "leave_home_reasons": [104, 105, 106, 107], "education_level": 61, "limited_tranport": true, "occupation_status": [95], "has_home_internet": true, "has_wireless_internet": true}}, {"pk": 10, "model": "survey_browser.participantinductionvolatile", "fields": {"current_occupation": [333], "perm_residents": [70], "leave_home_freq": 100, "marital_status": 65, "housing_type": 75, "n_perm_residents": 2, "contact_instance": 20, "household_income": 89, "type_of_internet": 298, "leave_home_reasons": [104, 105, 107], "education_level": 61, "limited_tranport": false, "occupation_status": [97], "has_home_internet": true, "has_wireless_internet": false}}, {"pk": 1, "model": "survey_browser.participantsurgeries", "fields": {"t_surgery": "Wisdom Teeth Out", "year": 1975}}, {"pk": 2, "model": "survey_browser.participantsurgeries", "fields": {"t_surgery": "Thyroidectomy", "year": 1968}}, {"pk": 3, "model": "survey_browser.participantsurgeries", "fields": {"t_surgery": "elbow", "year": 1973}}, {"pk": 4, "model": "survey_browser.participantsurgeries", "fields": {"t_surgery": "sinus", "year": 1992}}, {"pk": 5, "model": "survey_browser.participantsurgeries", "fields": {"t_surgery": "knee", "year": 2000}}, {"pk": 6, "model": "survey_browser.participantsurgeries", "fields": {"t_surgery": "Vein", "year": 1960}}, {"pk": 7, "model": "survey_browser.participantsurgeries", "fields": {"t_surgery": "benign cyst removed from left breast", "year": 1986}}, {"pk": 8, "model": "survey_browser.participantsurgeries", "fields": {"t_surgery": "tubal ligation", "year": 1993}}, {"pk": 9, "model": "survey_browser.participantsurgeries", "fields": {"t_surgery": "appendectomy", "year": 1960}}, {"pk": 10, "model": "survey_browser.participantsurgeries", "fields": {"t_surgery": "cyst on ovary", "year": 1960}}, {"pk": 11, "model": "survey_browser.participantsurgeries", "fields": {"t_surgery": "cyst on partid gland", "year": 1960}}, {"pk": 12, "model": "survey_browser.participantsurgeries", "fields": {"t_surgery": "Aneurysm in aortic root repaired", "year": 2001}}, {"pk": 13, "model": "survey_browser.participantsurgeries", "fields": {"t_surgery": "Hernia", "year": 1988}}, {"pk": 14, "model": "survey_browser.participantsurgeries", "fields": {"t_surgery": "Circumcision", "year": 1946}}, {"pk": 15, "model": "survey_browser.participantsurgeries", "fields": {"t_surgery": "Bone graft", "year": 1975}}, {"pk": 16, "model": "survey_browser.participantsurgeries", "fields": {"t_surgery": "Morton's Neuroma", "year": 1990}}, {"pk": 17, "model": "survey_browser.participantsurgeries", "fields": {"t_surgery": "cryosurgery for removing suspected bad cells at tip of cervix", "year": 1980}}, {"pk": 1, "model": "survey_browser.participantmedicalcondition", "fields": {"condition_onset": 109, "year_of_onset": null, "condition": 19}}, {"pk": 2, "model": "survey_browser.participantmedicalcondition", "fields": {"condition_onset": 109, "year_of_onset": null, "condition": 20}}, {"pk": 3, "model": "survey_browser.participantmedicalcondition", "fields": {"condition_onset": 109, "year_of_onset": null, "condition": 21}}, {"pk": 4, "model": "survey_browser.participantmedicalcondition", "fields": {"condition_onset": 109, "year_of_onset": null, "condition": 22}}, {"pk": 5, "model": "survey_browser.participantmedicalcondition", "fields": {"condition_onset": 109, "year_of_onset": null, "condition": 23}}, {"pk": 6, "model": "survey_browser.participantmedicalcondition", "fields": {"condition_onset": 109, "year_of_onset": null, "condition": 24}}, {"pk": 7, "model": "survey_browser.participantmedicalcondition", "fields": {"condition_onset": 109, "year_of_onset": null, "condition": 25}}, {"pk": 8, "model": "survey_browser.participantmedicalcondition", "fields": {"condition_onset": 109, "year_of_onset": null, "condition": 26}}, {"pk": 9, "model": "survey_browser.participantmedicalcondition", "fields": {"condition_onset": 109, "year_of_onset": null, "condition": 27}}, {"pk": 10, "model": "survey_browser.participantmedicalcondition", "fields": {"condition_onset": 109, "year_of_onset": null, "condition": 28}}, {"pk": 11, "model": "survey_browser.participantmedicalcondition", "fields": {"condition_onset": 109, "year_of_onset": null, "condition": 29}}, {"pk": 12, "model": "survey_browser.participantmedicalcondition", "fields": {"condition_onset": 109, "year_of_onset": null, "condition": 30}}, {"pk": 13, "model": "survey_browser.participantmedicalcondition", "fields": {"condition_onset": 109, "year_of_onset": null, "condition": 31}}, {"pk": 14, "model": "survey_browser.participantmedicalcondition", "fields": {"condition_onset": 109, "year_of_onset": null, "condition": 32}}, {"pk": 15, "model": "survey_browser.participantmedicalcondition", "fields": {"condition_onset": 109, "year_of_onset": null, "condition": 33}}, {"pk": 16, "model": "survey_browser.participantmedicalcondition", "fields": {"condition_onset": 109, "year_of_onset": null, "condition": 34}}, {"pk": 17, "model": "survey_browser.participantmedicalcondition", "fields": {"condition_onset": 109, "year_of_onset": null, "condition": 35}}, {"pk": 18, "model": "survey_browser.participantmedicalcondition", "fields": {"condition_onset": 109, "year_of_onset": null, "condition": 36}}, {"pk": 19, "model": "survey_browser.participantmedicalcondition", "fields": {"condition_onset": 109, "year_of_onset": null, "condition": 37}}, {"pk": 20, "model": "survey_browser.participantmedicalcondition", "fields": {"condition_onset": 109, "year_of_onset": null, "condition": 38}}, {"pk": 21, "model": "survey_browser.participantmedicalcondition", "fields": {"condition_onset": 109, "year_of_onset": null, "condition": 39}}, {"pk": 22, "model": "survey_browser.participantmedicalcondition", "fields": {"condition_onset": 109, "year_of_onset": null, "condition": 40}}, {"pk": 23, "model": "survey_browser.participantmedicalcondition", "fields": {"condition_onset": 109, "year_of_onset": null, "condition": 41}}, {"pk": 24, "model": "survey_browser.participantmedicalcondition", "fields": {"condition_onset": 109, "year_of_onset": null, "condition": 42}}, {"pk": 25, "model": "survey_browser.participantmedicalcondition", "fields": {"condition_onset": 110, "year_of_onset": 2000, "condition": 43}}, {"pk": 26, "model": "survey_browser.participantmedicalcondition", "fields": {"condition_onset": 109, "year_of_onset": null, "condition": 44}}, {"pk": 27, "model": "survey_browser.participantmedicalcondition", "fields": {"condition_onset": 109, "year_of_onset": null, "condition": 45}}, {"pk": 28, "model": "survey_browser.participantmedicalcondition", "fields": {"condition_onset": 109, "year_of_onset": null, "condition": 46}}, {"pk": 29, "model": "survey_browser.participantmedicalcondition", "fields": {"condition_onset": 109, "year_of_onset": null, "condition": 47}}, {"pk": 30, "model": "survey_browser.participantmedicalcondition", "fields": {"condition_onset": 109, "year_of_onset": null, "condition": 48}}, {"pk": 31, "model": "survey_browser.participantmedicalcondition", "fields": {"condition_onset": 109, "year_of_onset": null, "condition": 19}}, {"pk": 32, "model": "survey_browser.participantmedicalcondition", "fields": {"condition_onset": 110, "year_of_onset": null, "condition": 20}}, {"pk": 33, "model": "survey_browser.participantmedicalcondition", "fields": {"condition_onset": 111, "year_of_onset": null, "condition": 21}}, {"pk": 34, "model": "survey_browser.participantmedicalcondition", "fields": {"condition_onset": 109, "year_of_onset": null, "condition": 22}}, {"pk": 35, "model": "survey_browser.participantmedicalcondition", "fields": {"condition_onset": 110, "year_of_onset": null, "condition": 23}}, {"pk": 36, "model": "survey_browser.participantmedicalcondition", "fields": {"condition_onset": 109, "year_of_onset": null, "condition": 24}}, {"pk": 37, "model": "survey_browser.participantmedicalcondition", "fields": {"condition_onset": 109, "year_of_onset": null, "condition": 25}}, {"pk": 38, "model": "survey_browser.participantmedicalcondition", "fields": {"condition_onset": 109, "year_of_onset": null, "condition": 26}}, {"pk": 39, "model": "survey_browser.participantmedicalcondition", "fields": {"condition_onset": 109, "year_of_onset": null, "condition": 27}}, {"pk": 40, "model": "survey_browser.participantmedicalcondition", "fields": {"condition_onset": 109, "year_of_onset": null, "condition": 28}}, {"pk": 41, "model": "survey_browser.participantmedicalcondition", "fields": {"condition_onset": 109, "year_of_onset": null, "condition": 29}}, {"pk": 42, "model": "survey_browser.participantmedicalcondition", "fields": {"condition_onset": 109, "year_of_onset": null, "condition": 30}}, {"pk": 43, "model": "survey_browser.participantmedicalcondition", "fields": {"condition_onset": 111, "year_of_onset": null, "condition": 31}}, {"pk": 44, "model": "survey_browser.participantmedicalcondition", "fields": {"condition_onset": 109, "year_of_onset": null, "condition": 32}}, {"pk": 45, "model": "survey_browser.participantmedicalcondition", "fields": {"condition_onset": 111, "year_of_onset": null, "condition": 33}}, {"pk": 46, "model": "survey_browser.participantmedicalcondition", "fields": {"condition_onset": 109, "year_of_onset": null, "condition": 34}}, {"pk": 47, "model": "survey_browser.participantmedicalcondition", "fields": {"condition_onset": 334, "year_of_onset": null, "condition": 35}}, {"pk": 48, "model": "survey_browser.participantmedicalcondition", "fields": {"condition_onset": 111, "year_of_onset": null, "condition": 36}}, {"pk": 49, "model": "survey_browser.participantmedicalcondition", "fields": {"condition_onset": 109, "year_of_onset": null, "condition": 37}}, {"pk": 50, "model": "survey_browser.participantmedicalcondition", "fields": {"condition_onset": 109, "year_of_onset": null, "condition": 38}}, {"pk": 51, "model": "survey_browser.participantmedicalcondition", "fields": {"condition_onset": 109, "year_of_onset": null, "condition": 39}}, {"pk": 52, "model": "survey_browser.participantmedicalcondition", "fields": {"condition_onset": 109, "year_of_onset": null, "condition": 40}}, {"pk": 53, "model": "survey_browser.participantmedicalcondition", "fields": {"condition_onset": 110, "year_of_onset": null, "condition": 41}}, {"pk": 54, "model": "survey_browser.participantmedicalcondition", "fields": {"condition_onset": 110, "year_of_onset": null, "condition": 42}}, {"pk": 55, "model": "survey_browser.participantmedicalcondition", "fields": {"condition_onset": 109, "year_of_onset": null, "condition": 43}}, {"pk": 56, "model": "survey_browser.participantmedicalcondition", "fields": {"condition_onset": 109, "year_of_onset": null, "condition": 44}}, {"pk": 57, "model": "survey_browser.participantmedicalcondition", "fields": {"condition_onset": 109, "year_of_onset": null, "condition": 45}}, {"pk": 58, "model": "survey_browser.participantmedicalcondition", "fields": {"condition_onset": 109, "year_of_onset": null, "condition": 46}}, {"pk": 59, "model": "survey_browser.participantmedicalcondition", "fields": {"condition_onset": 109, "year_of_onset": null, "condition": 47}}, {"pk": 60, "model": "survey_browser.participantmedicalcondition", "fields": {"condition_onset": 109, "year_of_onset": null, "condition": 48}}, {"pk": 61, "model": "survey_browser.participantmedicalcondition", "fields": {"condition_onset": 109, "year_of_onset": null, "condition": 19}}, {"pk": 62, "model": "survey_browser.participantmedicalcondition", "fields": {"condition_onset": 111, "year_of_onset": 1990, "condition": 20}}, {"pk": 63, "model": "survey_browser.participantmedicalcondition", "fields": {"condition_onset": 109, "year_of_onset": null, "condition": 21}}, {"pk": 64, "model": "survey_browser.participantmedicalcondition", "fields": {"condition_onset": 109, "year_of_onset": null, "condition": 22}}, {"pk": 65, "model": "survey_browser.participantmedicalcondition", "fields": {"condition_onset": 109, "year_of_onset": null, "condition": 23}}, {"pk": 66, "model": "survey_browser.participantmedicalcondition", "fields": {"condition_onset": 109, "year_of_onset": null, "condition": 24}}, {"pk": 67, "model": "survey_browser.participantmedicalcondition", "fields": {"condition_onset": 109, "year_of_onset": null, "condition": 25}}, {"pk": 68, "model": "survey_browser.participantmedicalcondition", "fields": {"condition_onset": 109, "year_of_onset": null, "condition": 26}}, {"pk": 69, "model": "survey_browser.participantmedicalcondition", "fields": {"condition_onset": 109, "year_of_onset": null, "condition": 27}}, {"pk": 70, "model": "survey_browser.participantmedicalcondition", "fields": {"condition_onset": 109, "year_of_onset": null, "condition": 28}}, {"pk": 71, "model": "survey_browser.participantmedicalcondition", "fields": {"condition_onset": 109, "year_of_onset": null, "condition": 29}}, {"pk": 72, "model": "survey_browser.participantmedicalcondition", "fields": {"condition_onset": 109, "year_of_onset": null, "condition": 30}}, {"pk": 73, "model": "survey_browser.participantmedicalcondition", "fields": {"condition_onset": 109, "year_of_onset": null, "condition": 31}}, {"pk": 74, "model": "survey_browser.participantmedicalcondition", "fields": {"condition_onset": 109, "year_of_onset": null, "condition": 32}}, {"pk": 75, "model": "survey_browser.participantmedicalcondition", "fields": {"condition_onset": 109, "year_of_onset": null, "condition": 33}}, {"pk": 76, "model": "survey_browser.participantmedicalcondition", "fields": {"condition_onset": 109, "year_of_onset": null, "condition": 34}}, {"pk": 77, "model": "survey_browser.participantmedicalcondition", "fields": {"condition_onset": 110, "year_of_onset": 1991, "condition": 35}}, {"pk": 78, "model": "survey_browser.participantmedicalcondition", "fields": {"condition_onset": 109, "year_of_onset": null, "condition": 36}}, {"pk": 79, "model": "survey_browser.participantmedicalcondition", "fields": {"condition_onset": 109, "year_of_onset": null, "condition": 37}}, {"pk": 80, "model": "survey_browser.participantmedicalcondition", "fields": {"condition_onset": 109, "year_of_onset": null, "condition": 38}}, {"pk": 81, "model": "survey_browser.participantmedicalcondition", "fields": {"condition_onset": 109, "year_of_onset": null, "condition": 39}}, {"pk": 82, "model": "survey_browser.participantmedicalcondition", "fields": {"condition_onset": 111, "year_of_onset": 2001, "condition": 40}}, {"pk": 83, "model": "survey_browser.participantmedicalcondition", "fields": {"condition_onset": 110, "year_of_onset": 2000, "condition": 41}}, {"pk": 84, "model": "survey_browser.participantmedicalcondition", "fields": {"condition_onset": 110, "year_of_onset": 2000, "condition": 42}}, {"pk": 85, "model": "survey_browser.participantmedicalcondition", "fields": {"condition_onset": 109, "year_of_onset": null, "condition": 43}}, {"pk": 86, "model": "survey_browser.participantmedicalcondition", "fields": {"condition_onset": 109, "year_of_onset": null, "condition": 44}}, {"pk": 87, "model": "survey_browser.participantmedicalcondition", "fields": {"condition_onset": 109, "year_of_onset": null, "condition": 45}}, {"pk": 88, "model": "survey_browser.participantmedicalcondition", "fields": {"condition_onset": 109, "year_of_onset": null, "condition": 46}}, {"pk": 89, "model": "survey_browser.participantmedicalcondition", "fields": {"condition_onset": 109, "year_of_onset": null, "condition": 47}}, {"pk": 90, "model": "survey_browser.participantmedicalcondition", "fields": {"condition_onset": 109, "year_of_onset": null, "condition": 48}}, {"pk": 91, "model": "survey_browser.participantmedicalcondition", "fields": {"condition_onset": 109, "year_of_onset": null, "condition": 19}}, {"pk": 92, "model": "survey_browser.participantmedicalcondition", "fields": {"condition_onset": 111, "year_of_onset": 2000, "condition": 20}}, {"pk": 93, "model": "survey_browser.participantmedicalcondition", "fields": {"condition_onset": 109, "year_of_onset": null, "condition": 21}}, {"pk": 94, "model": "survey_browser.participantmedicalcondition", "fields": {"condition_onset": 109, "year_of_onset": null, "condition": 22}}, {"pk": 95, "model": "survey_browser.participantmedicalcondition", "fields": {"condition_onset": 109, "year_of_onset": null, "condition": 23}}, {"pk": 96, "model": "survey_browser.participantmedicalcondition", "fields": {"condition_onset": 111, "year_of_onset": 1995, "condition": 24}}, {"pk": 97, "model": "survey_browser.participantmedicalcondition", "fields": {"condition_onset": 111, "year_of_onset": 2011, "condition": 25}}, {"pk": 98, "model": "survey_browser.participantmedicalcondition", "fields": {"condition_onset": 109, "year_of_onset": null, "condition": 26}}, {"pk": 99, "model": "survey_browser.participantmedicalcondition", "fields": {"condition_onset": 111, "year_of_onset": null, "condition": 27}}, {"pk": 100, "model": "survey_browser.participantmedicalcondition", "fields": {"condition_onset": 111, "year_of_onset": 2010, "condition": 28}}, {"pk": 101, "model": "survey_browser.participantmedicalcondition", "fields": {"condition_onset": 111, "year_of_onset": 2008, "condition": 29}}, {"pk": 102, "model": "survey_browser.participantmedicalcondition", "fields": {"condition_onset": 111, "year_of_onset": 2008, "condition": 30}}, {"pk": 103, "model": "survey_browser.participantmedicalcondition", "fields": {"condition_onset": 110, "year_of_onset": 2008, "condition": 31}}, {"pk": 104, "model": "survey_browser.participantmedicalcondition", "fields": {"condition_onset": 109, "year_of_onset": null, "condition": 32}}, {"pk": 105, "model": "survey_browser.participantmedicalcondition", "fields": {"condition_onset": 111, "year_of_onset": 2008, "condition": 33}}, {"pk": 106, "model": "survey_browser.participantmedicalcondition", "fields": {"condition_onset": 109, "year_of_onset": null, "condition": 34}}, {"pk": 107, "model": "survey_browser.participantmedicalcondition", "fields": {"condition_onset": 110, "year_of_onset": null, "condition": 35}}, {"pk": 108, "model": "survey_browser.participantmedicalcondition", "fields": {"condition_onset": 109, "year_of_onset": null, "condition": 36}}, {"pk": 109, "model": "survey_browser.participantmedicalcondition", "fields": {"condition_onset": 109, "year_of_onset": null, "condition": 37}}, {"pk": 110, "model": "survey_browser.participantmedicalcondition", "fields": {"condition_onset": 109, "year_of_onset": null, "condition": 38}}, {"pk": 111, "model": "survey_browser.participantmedicalcondition", "fields": {"condition_onset": 110, "year_of_onset": null, "condition": 39}}, {"pk": 112, "model": "survey_browser.participantmedicalcondition", "fields": {"condition_onset": 111, "year_of_onset": 2009, "condition": 40}}, {"pk": 113, "model": "survey_browser.participantmedicalcondition", "fields": {"condition_onset": 110, "year_of_onset": null, "condition": 41}}, {"pk": 114, "model": "survey_browser.participantmedicalcondition", "fields": {"condition_onset": 111, "year_of_onset": null, "condition": 42}}, {"pk": 115, "model": "survey_browser.participantmedicalcondition", "fields": {"condition_onset": 110, "year_of_onset": null, "condition": 43}}, {"pk": 116, "model": "survey_browser.participantmedicalcondition", "fields": {"condition_onset": 111, "year_of_onset": null, "condition": 44}}, {"pk": 117, "model": "survey_browser.participantmedicalcondition", "fields": {"condition_onset": 109, "year_of_onset": null, "condition": 45}}, {"pk": 118, "model": "survey_browser.participantmedicalcondition", "fields": {"condition_onset": 109, "year_of_onset": null, "condition": 46}}, {"pk": 119, "model": "survey_browser.participantmedicalcondition", "fields": {"condition_onset": 109, "year_of_onset": null, "condition": 47}}, {"pk": 120, "model": "survey_browser.participantmedicalcondition", "fields": {"condition_onset": 109, "year_of_onset": null, "condition": 48}}, {"pk": 121, "model": "survey_browser.participantmedicalcondition", "fields": {"condition_onset": 109, "year_of_onset": null, "condition": 19}}, {"pk": 122, "model": "survey_browser.participantmedicalcondition", "fields": {"condition_onset": 111, "year_of_onset": 2008, "condition": 20}}, {"pk": 123, "model": "survey_browser.participantmedicalcondition", "fields": {"condition_onset": 109, "year_of_onset": null, "condition": 21}}, {"pk": 124, "model": "survey_browser.participantmedicalcondition", "fields": {"condition_onset": 109, "year_of_onset": null, "condition": 22}}, {"pk": 125, "model": "survey_browser.participantmedicalcondition", "fields": {"condition_onset": 109, "year_of_onset": null, "condition": 23}}, {"pk": 126, "model": "survey_browser.participantmedicalcondition", "fields": {"condition_onset": 109, "year_of_onset": null, "condition": 24}}, {"pk": 127, "model": "survey_browser.participantmedicalcondition", "fields": {"condition_onset": 109, "year_of_onset": null, "condition": 25}}, {"pk": 128, "model": "survey_browser.participantmedicalcondition", "fields": {"condition_onset": 109, "year_of_onset": null, "condition": 26}}, {"pk": 129, "model": "survey_browser.participantmedicalcondition", "fields": {"condition_onset": 109, "year_of_onset": null, "condition": 27}}, {"pk": 130, "model": "survey_browser.participantmedicalcondition", "fields": {"condition_onset": 109, "year_of_onset": null, "condition": 28}}, {"pk": 131, "model": "survey_browser.participantmedicalcondition", "fields": {"condition_onset": 109, "year_of_onset": null, "condition": 29}}, {"pk": 132, "model": "survey_browser.participantmedicalcondition", "fields": {"condition_onset": 109, "year_of_onset": null, "condition": 30}}, {"pk": 133, "model": "survey_browser.participantmedicalcondition", "fields": {"condition_onset": 109, "year_of_onset": null, "condition": 31}}, {"pk": 134, "model": "survey_browser.participantmedicalcondition", "fields": {"condition_onset": 109, "year_of_onset": null, "condition": 32}}, {"pk": 135, "model": "survey_browser.participantmedicalcondition", "fields": {"condition_onset": 109, "year_of_onset": null, "condition": 33}}, {"pk": 136, "model": "survey_browser.participantmedicalcondition", "fields": {"condition_onset": 109, "year_of_onset": null, "condition": 34}}, {"pk": 137, "model": "survey_browser.participantmedicalcondition", "fields": {"condition_onset": 110, "year_of_onset": 2007, "condition": 35}}, {"pk": 138, "model": "survey_browser.participantmedicalcondition", "fields": {"condition_onset": 111, "year_of_onset": 2007, "condition": 36}}, {"pk": 139, "model": "survey_browser.participantmedicalcondition", "fields": {"condition_onset": 109, "year_of_onset": null, "condition": 37}}, {"pk": 140, "model": "survey_browser.participantmedicalcondition", "fields": {"condition_onset": 109, "year_of_onset": null, "condition": 38}}, {"pk": 141, "model": "survey_browser.participantmedicalcondition", "fields": {"condition_onset": 110, "year_of_onset": 1998, "condition": 39}}, {"pk": 142, "model": "survey_browser.participantmedicalcondition", "fields": {"condition_onset": 109, "year_of_onset": null, "condition": 40}}, {"pk": 143, "model": "survey_browser.participantmedicalcondition", "fields": {"condition_onset": 110, "year_of_onset": 2007, "condition": 41}}, {"pk": 144, "model": "survey_browser.participantmedicalcondition", "fields": {"condition_onset": 110, "year_of_onset": 2007, "condition": 42}}, {"pk": 145, "model": "survey_browser.participantmedicalcondition", "fields": {"condition_onset": 109, "year_of_onset": null, "condition": 43}}, {"pk": 146, "model": "survey_browser.participantmedicalcondition", "fields": {"condition_onset": 109, "year_of_onset": null, "condition": 44}}, {"pk": 147, "model": "survey_browser.participantmedicalcondition", "fields": {"condition_onset": 109, "year_of_onset": null, "condition": 45}}, {"pk": 148, "model": "survey_browser.participantmedicalcondition", "fields": {"condition_onset": 109, "year_of_onset": null, "condition": 46}}, {"pk": 149, "model": "survey_browser.participantmedicalcondition", "fields": {"condition_onset": 109, "year_of_onset": null, "condition": 47}}, {"pk": 150, "model": "survey_browser.participantmedicalcondition", "fields": {"condition_onset": 109, "year_of_onset": null, "condition": 48}}, {"pk": 151, "model": "survey_browser.participantmedicalcondition", "fields": {"condition_onset": 109, "year_of_onset": null, "condition": 19}}, {"pk": 152, "model": "survey_browser.participantmedicalcondition", "fields": {"condition_onset": 109, "year_of_onset": null, "condition": 20}}, {"pk": 153, "model": "survey_browser.participantmedicalcondition", "fields": {"condition_onset": 109, "year_of_onset": null, "condition": 21}}, {"pk": 154, "model": "survey_browser.participantmedicalcondition", "fields": {"condition_onset": 109, "year_of_onset": null, "condition": 22}}, {"pk": 155, "model": "survey_browser.participantmedicalcondition", "fields": {"condition_onset": 109, "year_of_onset": null, "condition": 23}}, {"pk": 156, "model": "survey_browser.participantmedicalcondition", "fields": {"condition_onset": 109, "year_of_onset": null, "condition": 24}}, {"pk": 157, "model": "survey_browser.participantmedicalcondition", "fields": {"condition_onset": 109, "year_of_onset": null, "condition": 25}}, {"pk": 158, "model": "survey_browser.participantmedicalcondition", "fields": {"condition_onset": 109, "year_of_onset": null, "condition": 26}}, {"pk": 159, "model": "survey_browser.participantmedicalcondition", "fields": {"condition_onset": 109, "year_of_onset": null, "condition": 27}}, {"pk": 160, "model": "survey_browser.participantmedicalcondition", "fields": {"condition_onset": 109, "year_of_onset": null, "condition": 28}}, {"pk": 161, "model": "survey_browser.participantmedicalcondition", "fields": {"condition_onset": 334, "year_of_onset": null, "condition": 29}}, {"pk": 162, "model": "survey_browser.participantmedicalcondition", "fields": {"condition_onset": 334, "year_of_onset": null, "condition": 30}}, {"pk": 163, "model": "survey_browser.participantmedicalcondition", "fields": {"condition_onset": 110, "year_of_onset": 1990, "condition": 31}}, {"pk": 164, "model": "survey_browser.participantmedicalcondition", "fields": {"condition_onset": 334, "year_of_onset": null, "condition": 32}}, {"pk": 165, "model": "survey_browser.participantmedicalcondition", "fields": {"condition_onset": 334, "year_of_onset": null, "condition": 33}}, {"pk": 166, "model": "survey_browser.participantmedicalcondition", "fields": {"condition_onset": 334, "year_of_onset": null, "condition": 34}}, {"pk": 167, "model": "survey_browser.participantmedicalcondition", "fields": {"condition_onset": 334, "year_of_onset": null, "condition": 35}}, {"pk": 168, "model": "survey_browser.participantmedicalcondition", "fields": {"condition_onset": 334, "year_of_onset": null, "condition": 36}}, {"pk": 169, "model": "survey_browser.participantmedicalcondition", "fields": {"condition_onset": 334, "year_of_onset": null, "condition": 37}}, {"pk": 170, "model": "survey_browser.participantmedicalcondition", "fields": {"condition_onset": 334, "year_of_onset": null, "condition": 38}}, {"pk": 171, "model": "survey_browser.participantmedicalcondition", "fields": {"condition_onset": 334, "year_of_onset": null, "condition": 39}}, {"pk": 172, "model": "survey_browser.participantmedicalcondition", "fields": {"condition_onset": 334, "year_of_onset": null, "condition": 40}}, {"pk": 173, "model": "survey_browser.participantmedicalcondition", "fields": {"condition_onset": 334, "year_of_onset": null, "condition": 41}}, {"pk": 174, "model": "survey_browser.participantmedicalcondition", "fields": {"condition_onset": 334, "year_of_onset": null, "condition": 42}}, {"pk": 175, "model": "survey_browser.participantmedicalcondition", "fields": {"condition_onset": 110, "year_of_onset": 1960, "condition": 43}}, {"pk": 176, "model": "survey_browser.participantmedicalcondition", "fields": {"condition_onset": 334, "year_of_onset": null, "condition": 44}}, {"pk": 177, "model": "survey_browser.participantmedicalcondition", "fields": {"condition_onset": 334, "year_of_onset": null, "condition": 45}}, {"pk": 178, "model": "survey_browser.participantmedicalcondition", "fields": {"condition_onset": 334, "year_of_onset": null, "condition": 46}}, {"pk": 179, "model": "survey_browser.participantmedicalcondition", "fields": {"condition_onset": 334, "year_of_onset": null, "condition": 47}}, {"pk": 180, "model": "survey_browser.participantmedicalcondition", "fields": {"condition_onset": 334, "year_of_onset": null, "condition": 48}}, {"pk": 181, "model": "survey_browser.participantmedicalcondition", "fields": {"condition_onset": 109, "year_of_onset": null, "condition": 19}}, {"pk": 182, "model": "survey_browser.participantmedicalcondition", "fields": {"condition_onset": 109, "year_of_onset": null, "condition": 20}}, {"pk": 183, "model": "survey_browser.participantmedicalcondition", "fields": {"condition_onset": 334, "year_of_onset": null, "condition": 21}}, {"pk": 184, "model": "survey_browser.participantmedicalcondition", "fields": {"condition_onset": 334, "year_of_onset": null, "condition": 22}}, {"pk": 185, "model": "survey_browser.participantmedicalcondition", "fields": {"condition_onset": 334, "year_of_onset": null, "condition": 23}}, {"pk": 186, "model": "survey_browser.participantmedicalcondition", "fields": {"condition_onset": 109, "year_of_onset": null, "condition": 24}}, {"pk": 187, "model": "survey_browser.participantmedicalcondition", "fields": {"condition_onset": 109, "year_of_onset": null, "condition": 25}}, {"pk": 188, "model": "survey_browser.participantmedicalcondition", "fields": {"condition_onset": 109, "year_of_onset": null, "condition": 26}}, {"pk": 189, "model": "survey_browser.participantmedicalcondition", "fields": {"condition_onset": 109, "year_of_onset": null, "condition": 27}}, {"pk": 190, "model": "survey_browser.participantmedicalcondition", "fields": {"condition_onset": 109, "year_of_onset": null, "condition": 28}}, {"pk": 191, "model": "survey_browser.participantmedicalcondition", "fields": {"condition_onset": 111, "year_of_onset": 2010, "condition": 29}}, {"pk": 192, "model": "survey_browser.participantmedicalcondition", "fields": {"condition_onset": 334, "year_of_onset": null, "condition": 30}}, {"pk": 193, "model": "survey_browser.participantmedicalcondition", "fields": {"condition_onset": 110, "year_of_onset": 2010, "condition": 31}}, {"pk": 194, "model": "survey_browser.participantmedicalcondition", "fields": {"condition_onset": 109, "year_of_onset": null, "condition": 32}}, {"pk": 195, "model": "survey_browser.participantmedicalcondition", "fields": {"condition_onset": 109, "year_of_onset": null, "condition": 33}}, {"pk": 196, "model": "survey_browser.participantmedicalcondition", "fields": {"condition_onset": 109, "year_of_onset": null, "condition": 34}}, {"pk": 197, "model": "survey_browser.participantmedicalcondition", "fields": {"condition_onset": 109, "year_of_onset": null, "condition": 35}}, {"pk": 198, "model": "survey_browser.participantmedicalcondition", "fields": {"condition_onset": 109, "year_of_onset": null, "condition": 36}}, {"pk": 199, "model": "survey_browser.participantmedicalcondition", "fields": {"condition_onset": 109, "year_of_onset": null, "condition": 37}}, {"pk": 200, "model": "survey_browser.participantmedicalcondition", "fields": {"condition_onset": 109, "year_of_onset": null, "condition": 38}}, {"pk": 201, "model": "survey_browser.participantmedicalcondition", "fields": {"condition_onset": 109, "year_of_onset": null, "condition": 39}}, {"pk": 202, "model": "survey_browser.participantmedicalcondition", "fields": {"condition_onset": 110, "year_of_onset": 2000, "condition": 40}}, {"pk": 203, "model": "survey_browser.participantmedicalcondition", "fields": {"condition_onset": 111, "year_of_onset": 1998, "condition": 41}}, {"pk": 204, "model": "survey_browser.participantmedicalcondition", "fields": {"condition_onset": 111, "year_of_onset": 1979, "condition": 42}}, {"pk": 205, "model": "survey_browser.participantmedicalcondition", "fields": {"condition_onset": 109, "year_of_onset": null, "condition": 43}}, {"pk": 206, "model": "survey_browser.participantmedicalcondition", "fields": {"condition_onset": 109, "year_of_onset": null, "condition": 44}}, {"pk": 207, "model": "survey_browser.participantmedicalcondition", "fields": {"condition_onset": 109, "year_of_onset": null, "condition": 45}}, {"pk": 208, "model": "survey_browser.participantmedicalcondition", "fields": {"condition_onset": 109, "year_of_onset": null, "condition": 46}}, {"pk": 209, "model": "survey_browser.participantmedicalcondition", "fields": {"condition_onset": 109, "year_of_onset": null, "condition": 47}}, {"pk": 210, "model": "survey_browser.participantmedicalcondition", "fields": {"condition_onset": 109, "year_of_onset": null, "condition": 48}}, {"pk": 211, "model": "survey_browser.participantmedicalcondition", "fields": {"condition_onset": 109, "year_of_onset": null, "condition": 19}}, {"pk": 212, "model": "survey_browser.participantmedicalcondition", "fields": {"condition_onset": 109, "year_of_onset": null, "condition": 20}}, {"pk": 213, "model": "survey_browser.participantmedicalcondition", "fields": {"condition_onset": 109, "year_of_onset": null, "condition": 21}}, {"pk": 214, "model": "survey_browser.participantmedicalcondition", "fields": {"condition_onset": 109, "year_of_onset": null, "condition": 22}}, {"pk": 215, "model": "survey_browser.participantmedicalcondition", "fields": {"condition_onset": 109, "year_of_onset": null, "condition": 23}}, {"pk": 216, "model": "survey_browser.participantmedicalcondition", "fields": {"condition_onset": 109, "year_of_onset": null, "condition": 24}}, {"pk": 217, "model": "survey_browser.participantmedicalcondition", "fields": {"condition_onset": 109, "year_of_onset": null, "condition": 25}}, {"pk": 218, "model": "survey_browser.participantmedicalcondition", "fields": {"condition_onset": 109, "year_of_onset": null, "condition": 26}}, {"pk": 219, "model": "survey_browser.participantmedicalcondition", "fields": {"condition_onset": 109, "year_of_onset": null, "condition": 27}}, {"pk": 220, "model": "survey_browser.participantmedicalcondition", "fields": {"condition_onset": 109, "year_of_onset": null, "condition": 28}}, {"pk": 221, "model": "survey_browser.participantmedicalcondition", "fields": {"condition_onset": 109, "year_of_onset": null, "condition": 29}}, {"pk": 222, "model": "survey_browser.participantmedicalcondition", "fields": {"condition_onset": 334, "year_of_onset": null, "condition": 30}}, {"pk": 223, "model": "survey_browser.participantmedicalcondition", "fields": {"condition_onset": 334, "year_of_onset": null, "condition": 31}}, {"pk": 224, "model": "survey_browser.participantmedicalcondition", "fields": {"condition_onset": 111, "year_of_onset": 2010, "condition": 32}}, {"pk": 225, "model": "survey_browser.participantmedicalcondition", "fields": {"condition_onset": 111, "year_of_onset": 2010, "condition": 33}}, {"pk": 226, "model": "survey_browser.participantmedicalcondition", "fields": {"condition_onset": 109, "year_of_onset": null, "condition": 34}}, {"pk": 227, "model": "survey_browser.participantmedicalcondition", "fields": {"condition_onset": 109, "year_of_onset": null, "condition": 35}}, {"pk": 228, "model": "survey_browser.participantmedicalcondition", "fields": {"condition_onset": 109, "year_of_onset": null, "condition": 36}}, {"pk": 229, "model": "survey_browser.participantmedicalcondition", "fields": {"condition_onset": 109, "year_of_onset": null, "condition": 37}}, {"pk": 230, "model": "survey_browser.participantmedicalcondition", "fields": {"condition_onset": 109, "year_of_onset": null, "condition": 38}}, {"pk": 231, "model": "survey_browser.participantmedicalcondition", "fields": {"condition_onset": 109, "year_of_onset": null, "condition": 39}}, {"pk": 232, "model": "survey_browser.participantmedicalcondition", "fields": {"condition_onset": 109, "year_of_onset": null, "condition": 40}}, {"pk": 233, "model": "survey_browser.participantmedicalcondition", "fields": {"condition_onset": 110, "year_of_onset": null, "condition": 41}}, {"pk": 234, "model": "survey_browser.participantmedicalcondition", "fields": {"condition_onset": 110, "year_of_onset": null, "condition": 42}}, {"pk": 235, "model": "survey_browser.participantmedicalcondition", "fields": {"condition_onset": 109, "year_of_onset": null, "condition": 43}}, {"pk": 236, "model": "survey_browser.participantmedicalcondition", "fields": {"condition_onset": 109, "year_of_onset": null, "condition": 44}}, {"pk": 237, "model": "survey_browser.participantmedicalcondition", "fields": {"condition_onset": 109, "year_of_onset": null, "condition": 45}}, {"pk": 238, "model": "survey_browser.participantmedicalcondition", "fields": {"condition_onset": 110, "year_of_onset": 2000, "condition": 46}}, {"pk": 239, "model": "survey_browser.participantmedicalcondition", "fields": {"condition_onset": 109, "year_of_onset": null, "condition": 47}}, {"pk": 240, "model": "survey_browser.participantmedicalcondition", "fields": {"condition_onset": 109, "year_of_onset": null, "condition": 48}}, {"pk": 241, "model": "survey_browser.participantmedicalcondition", "fields": {"condition_onset": 109, "year_of_onset": null, "condition": 19}}, {"pk": 242, "model": "survey_browser.participantmedicalcondition", "fields": {"condition_onset": 109, "year_of_onset": null, "condition": 20}}, {"pk": 243, "model": "survey_browser.participantmedicalcondition", "fields": {"condition_onset": 109, "year_of_onset": null, "condition": 21}}, {"pk": 244, "model": "survey_browser.participantmedicalcondition", "fields": {"condition_onset": 109, "year_of_onset": null, "condition": 22}}, {"pk": 245, "model": "survey_browser.participantmedicalcondition", "fields": {"condition_onset": 109, "year_of_onset": null, "condition": 23}}, {"pk": 246, "model": "survey_browser.participantmedicalcondition", "fields": {"condition_onset": 109, "year_of_onset": null, "condition": 24}}, {"pk": 247, "model": "survey_browser.participantmedicalcondition", "fields": {"condition_onset": 109, "year_of_onset": null, "condition": 25}}, {"pk": 248, "model": "survey_browser.participantmedicalcondition", "fields": {"condition_onset": 109, "year_of_onset": null, "condition": 26}}, {"pk": 249, "model": "survey_browser.participantmedicalcondition", "fields": {"condition_onset": 109, "year_of_onset": null, "condition": 27}}, {"pk": 250, "model": "survey_browser.participantmedicalcondition", "fields": {"condition_onset": 109, "year_of_onset": null, "condition": 28}}, {"pk": 251, "model": "survey_browser.participantmedicalcondition", "fields": {"condition_onset": 111, "year_of_onset": 2000, "condition": 29}}, {"pk": 252, "model": "survey_browser.participantmedicalcondition", "fields": {"condition_onset": 109, "year_of_onset": null, "condition": 30}}, {"pk": 253, "model": "survey_browser.participantmedicalcondition", "fields": {"condition_onset": 109, "year_of_onset": null, "condition": 31}}, {"pk": 254, "model": "survey_browser.participantmedicalcondition", "fields": {"condition_onset": 109, "year_of_onset": null, "condition": 32}}, {"pk": 255, "model": "survey_browser.participantmedicalcondition", "fields": {"condition_onset": 109, "year_of_onset": null, "condition": 33}}, {"pk": 256, "model": "survey_browser.participantmedicalcondition", "fields": {"condition_onset": 109, "year_of_onset": null, "condition": 34}}, {"pk": 257, "model": "survey_browser.participantmedicalcondition", "fields": {"condition_onset": 109, "year_of_onset": null, "condition": 35}}, {"pk": 258, "model": "survey_browser.participantmedicalcondition", "fields": {"condition_onset": 109, "year_of_onset": null, "condition": 36}}, {"pk": 259, "model": "survey_browser.participantmedicalcondition", "fields": {"condition_onset": 109, "year_of_onset": null, "condition": 37}}, {"pk": 260, "model": "survey_browser.participantmedicalcondition", "fields": {"condition_onset": 109, "year_of_onset": null, "condition": 38}}, {"pk": 261, "model": "survey_browser.participantmedicalcondition", "fields": {"condition_onset": 110, "year_of_onset": 2007, "condition": 39}}, {"pk": 262, "model": "survey_browser.participantmedicalcondition", "fields": {"condition_onset": 109, "year_of_onset": null, "condition": 40}}, {"pk": 263, "model": "survey_browser.participantmedicalcondition", "fields": {"condition_onset": 110, "year_of_onset": 2011, "condition": 41}}, {"pk": 264, "model": "survey_browser.participantmedicalcondition", "fields": {"condition_onset": 109, "year_of_onset": null, "condition": 42}}, {"pk": 265, "model": "survey_browser.participantmedicalcondition", "fields": {"condition_onset": 109, "year_of_onset": null, "condition": 43}}, {"pk": 266, "model": "survey_browser.participantmedicalcondition", "fields": {"condition_onset": 111, "year_of_onset": 2011, "condition": 44}}, {"pk": 267, "model": "survey_browser.participantmedicalcondition", "fields": {"condition_onset": 109, "year_of_onset": null, "condition": 45}}, {"pk": 268, "model": "survey_browser.participantmedicalcondition", "fields": {"condition_onset": 109, "year_of_onset": null, "condition": 46}}, {"pk": 269, "model": "survey_browser.participantmedicalcondition", "fields": {"condition_onset": 109, "year_of_onset": null, "condition": 47}}, {"pk": 270, "model": "survey_browser.participantmedicalcondition", "fields": {"condition_onset": 109, "year_of_onset": null, "condition": 48}}, {"pk": 271, "model": "survey_browser.participantmedicalcondition", "fields": {"condition_onset": 109, "year_of_onset": null, "condition": 19}}, {"pk": 272, "model": "survey_browser.participantmedicalcondition", "fields": {"condition_onset": 109, "year_of_onset": null, "condition": 20}}, {"pk": 273, "model": "survey_browser.participantmedicalcondition", "fields": {"condition_onset": 109, "year_of_onset": null, "condition": 21}}, {"pk": 274, "model": "survey_browser.participantmedicalcondition", "fields": {"condition_onset": 109, "year_of_onset": null, "condition": 22}}, {"pk": 275, "model": "survey_browser.participantmedicalcondition", "fields": {"condition_onset": 109, "year_of_onset": null, "condition": 23}}, {"pk": 276, "model": "survey_browser.participantmedicalcondition", "fields": {"condition_onset": 109, "year_of_onset": null, "condition": 24}}, {"pk": 277, "model": "survey_browser.participantmedicalcondition", "fields": {"condition_onset": 109, "year_of_onset": null, "condition": 25}}, {"pk": 278, "model": "survey_browser.participantmedicalcondition", "fields": {"condition_onset": 109, "year_of_onset": null, "condition": 26}}, {"pk": 279, "model": "survey_browser.participantmedicalcondition", "fields": {"condition_onset": 109, "year_of_onset": null, "condition": 27}}, {"pk": 280, "model": "survey_browser.participantmedicalcondition", "fields": {"condition_onset": 109, "year_of_onset": null, "condition": 28}}, {"pk": 281, "model": "survey_browser.participantmedicalcondition", "fields": {"condition_onset": 109, "year_of_onset": null, "condition": 29}}, {"pk": 282, "model": "survey_browser.participantmedicalcondition", "fields": {"condition_onset": 109, "year_of_onset": null, "condition": 30}}, {"pk": 283, "model": "survey_browser.participantmedicalcondition", "fields": {"condition_onset": 109, "year_of_onset": null, "condition": 31}}, {"pk": 284, "model": "survey_browser.participantmedicalcondition", "fields": {"condition_onset": 109, "year_of_onset": null, "condition": 32}}, {"pk": 285, "model": "survey_browser.participantmedicalcondition", "fields": {"condition_onset": 109, "year_of_onset": null, "condition": 33}}, {"pk": 286, "model": "survey_browser.participantmedicalcondition", "fields": {"condition_onset": 109, "year_of_onset": null, "condition": 34}}, {"pk": 287, "model": "survey_browser.participantmedicalcondition", "fields": {"condition_onset": 109, "year_of_onset": null, "condition": 35}}, {"pk": 288, "model": "survey_browser.participantmedicalcondition", "fields": {"condition_onset": 109, "year_of_onset": null, "condition": 36}}, {"pk": 289, "model": "survey_browser.participantmedicalcondition", "fields": {"condition_onset": 109, "year_of_onset": null, "condition": 37}}, {"pk": 290, "model": "survey_browser.participantmedicalcondition", "fields": {"condition_onset": 109, "year_of_onset": null, "condition": 38}}, {"pk": 291, "model": "survey_browser.participantmedicalcondition", "fields": {"condition_onset": 109, "year_of_onset": null, "condition": 39}}, {"pk": 292, "model": "survey_browser.participantmedicalcondition", "fields": {"condition_onset": 109, "year_of_onset": null, "condition": 40}}, {"pk": 293, "model": "survey_browser.participantmedicalcondition", "fields": {"condition_onset": 334, "year_of_onset": null, "condition": 41}}, {"pk": 294, "model": "survey_browser.participantmedicalcondition", "fields": {"condition_onset": 109, "year_of_onset": null, "condition": 42}}, {"pk": 295, "model": "survey_browser.participantmedicalcondition", "fields": {"condition_onset": 109, "year_of_onset": null, "condition": 43}}, {"pk": 296, "model": "survey_browser.participantmedicalcondition", "fields": {"condition_onset": 109, "year_of_onset": null, "condition": 44}}, {"pk": 297, "model": "survey_browser.participantmedicalcondition", "fields": {"condition_onset": 109, "year_of_onset": null, "condition": 45}}, {"pk": 298, "model": "survey_browser.participantmedicalcondition", "fields": {"condition_onset": 109, "year_of_onset": null, "condition": 46}}, {"pk": 299, "model": "survey_browser.participantmedicalcondition", "fields": {"condition_onset": 109, "year_of_onset": null, "condition": 47}}, {"pk": 300, "model": "survey_browser.participantmedicalcondition", "fields": {"condition_onset": 109, "year_of_onset": null, "condition": 48}}, {"pk": 1, "model": "survey_browser.participantmedication", "fields": {"medication_name": "Advil", "dose_units": "NA", "dose_amt": 0.0, "dose_frequency": 128, "med_reason": "Back", "is_prescription": false, "notes": "1 tablet", "med_duration": 90, "side_effects": ""}}, {"pk": 2, "model": "survey_browser.participantmedication", "fields": {"medication_name": "Advil PM", "dose_units": "NA", "dose_amt": 0.0, "dose_frequency": 128, "med_reason": "Sleep", "is_prescription": false, "notes": "1 tablet", "med_duration": 730, "side_effects": ""}}, {"pk": 3, "model": "survey_browser.participantmedication", "fields": {"medication_name": "Vitamin C Plus", "dose_units": "NA", "dose_amt": 0.0, "dose_frequency": 128, "med_reason": "Health", "is_prescription": false, "notes": "1 tablet, 500 mg", "med_duration": 1095, "side_effects": ""}}, {"pk": 4, "model": "survey_browser.participantmedication", "fields": {"medication_name": "Calcium Magnesium D", "dose_units": "NA", "dose_amt": 0.0, "dose_frequency": 128, "med_reason": "Health", "is_prescription": false, "notes": "1 tablet, 250 mg", "med_duration": 1095, "side_effects": ""}}, {"pk": 5, "model": "survey_browser.participantmedication", "fields": {"medication_name": "Cimi Fem", "dose_units": "NA", "dose_amt": 0.0, "dose_frequency": 128, "med_reason": "Night Sweats", "is_prescription": false, "notes": "1 tablet, 80 mb", "med_duration": 730, "side_effects": ""}}, {"pk": 6, "model": "survey_browser.participantmedication", "fields": {"medication_name": "Lisinopril", "dose_units": "NA", "dose_amt": 0.0, "dose_frequency": 128, "med_reason": "blood pressure", "is_prescription": true, "notes": "1/2 tablet, 10 mg", "med_duration": 1460, "side_effects": "none"}}, {"pk": 7, "model": "survey_browser.participantmedication", "fields": {"medication_name": "Multaq", "dose_units": "NA", "dose_amt": 0.0, "dose_frequency": 128, "med_reason": "heart rhythm", "is_prescription": true, "notes": "1 tablet, 500 mg", "med_duration": 730, "side_effects": "none"}}, {"pk": 8, "model": "survey_browser.participantmedication", "fields": {"medication_name": "Thyroid", "dose_units": "NA", "dose_amt": 0.0, "dose_frequency": 128, "med_reason": "low thyroid", "is_prescription": true, "notes": "1 tablet, 2 grs", "med_duration": 14600, "side_effects": "none"}}, {"pk": 9, "model": "survey_browser.participantmedication", "fields": {"medication_name": "Glyburide", "dose_units": "NA", "dose_amt": 0.0, "dose_frequency": 129, "med_reason": "diabetes", "is_prescription": true, "notes": "2 tablets, 5 mg", "med_duration": 4380, "side_effects": "none"}}, {"pk": 10, "model": "survey_browser.participantmedication", "fields": {"medication_name": "Metoprolol", "dose_units": "NA", "dose_amt": 0.0, "dose_frequency": 129, "med_reason": "heart rhythm ", "is_prescription": true, "notes": "1/2 tablet, 25 mg", "med_duration": 730, "side_effects": "drowsy"}}, {"pk": 11, "model": "survey_browser.participantmedication", "fields": {"medication_name": "Warfarin", "dose_units": "NA", "dose_amt": 0.0, "dose_frequency": 128, "med_reason": "blood thinner", "is_prescription": true, "notes": "1 tablet", "med_duration": 730, "side_effects": "none"}}, {"pk": 12, "model": "survey_browser.participantmedication", "fields": {"medication_name": "Tramadol", "dose_units": "NA", "dose_amt": 0.0, "dose_frequency": 132, "med_reason": "arthritic pain", "is_prescription": true, "notes": "1 tablet", "med_duration": 365, "side_effects": "drowsy"}}, {"pk": 13, "model": "survey_browser.participantmedication", "fields": {"medication_name": "Flaxseed oil", "dose_units": "NA", "dose_amt": 0.0, "dose_frequency": 128, "med_reason": "", "is_prescription": false, "notes": "2 tablets", "med_duration": 2190, "side_effects": "None"}}, {"pk": 14, "model": "survey_browser.participantmedication", "fields": {"medication_name": "Fish oil", "dose_units": "NA", "dose_amt": 0.0, "dose_frequency": 128, "med_reason": "", "is_prescription": false, "notes": "3 tablets", "med_duration": 2190, "side_effects": "None"}}, {"pk": 15, "model": "survey_browser.participantmedication", "fields": {"medication_name": "Vitamin", "dose_units": "NA", "dose_amt": 0.0, "dose_frequency": 128, "med_reason": "", "is_prescription": false, "notes": "1 tablet", "med_duration": 7300, "side_effects": "None"}}, {"pk": 16, "model": "survey_browser.participantmedication", "fields": {"medication_name": "Nitroglycerin", "dose_units": "NA", "dose_amt": 0.0, "dose_frequency": 132, "med_reason": "heart issues", "is_prescription": true, "notes": "0.4mg", "med_duration": 2190, "side_effects": "headache"}}, {"pk": 17, "model": "survey_browser.participantmedication", "fields": {"medication_name": "Hydrochlorothzide", "dose_units": "NA", "dose_amt": 0.0, "dose_frequency": 128, "med_reason": "blood pressure", "is_prescription": true, "notes": "12.5 mg", "med_duration": 2190, "side_effects": ""}}, {"pk": 18, "model": "survey_browser.participantmedication", "fields": {"medication_name": "Toprol XL ", "dose_units": "NA", "dose_amt": 0.0, "dose_frequency": 128, "med_reason": "cholesterol", "is_prescription": true, "notes": "25 mg,", "med_duration": 2190, "side_effects": ""}}, {"pk": 19, "model": "survey_browser.participantmedication", "fields": {"medication_name": "Crestor", "dose_units": "NA", "dose_amt": 0.0, "dose_frequency": 128, "med_reason": "cholesterol", "is_prescription": true, "notes": "5 mg", "med_duration": 2190, "side_effects": ""}}, {"pk": 20, "model": "survey_browser.participantmedication", "fields": {"medication_name": "Singular ", "dose_units": "NA", "dose_amt": 0.0, "dose_frequency": 128, "med_reason": "alergy", "is_prescription": true, "notes": "10 mg", "med_duration": 1460, "side_effects": ""}}, {"pk": 21, "model": "survey_browser.participantmedication", "fields": {"medication_name": "Protonix DR", "dose_units": "NA", "dose_amt": 0.0, "dose_frequency": 128, "med_reason": "acid reflux", "is_prescription": true, "notes": "40 mg ", "med_duration": 1095, "side_effects": ""}}, {"pk": 22, "model": "survey_browser.participantmedication", "fields": {"medication_name": "Flonase ", "dose_units": "NA", "dose_amt": 0.0, "dose_frequency": 336, "med_reason": "alergy", "is_prescription": true, "notes": "0.05%,", "med_duration": 1095, "side_effects": ""}}, {"pk": 23, "model": "survey_browser.participantmedication", "fields": {"medication_name": "Multi-Vitamin ", "dose_units": "NA", "dose_amt": 0.0, "dose_frequency": 128, "med_reason": "", "is_prescription": false, "notes": "?", "med_duration": 3650, "side_effects": ""}}, {"pk": 24, "model": "survey_browser.participantmedication", "fields": {"medication_name": "Fish Oil", "dose_units": "NA", "dose_amt": 0.0, "dose_frequency": 129, "med_reason": "", "is_prescription": false, "notes": "1200 mg", "med_duration": 2190, "side_effects": ""}}, {"pk": 25, "model": "survey_browser.participantmedication", "fields": {"medication_name": "Alpha Lipoic Acid ", "dose_units": "NA", "dose_amt": 0.0, "dose_frequency": 128, "med_reason": "", "is_prescription": false, "notes": "100 mg", "med_duration": 1825, "side_effects": ""}}, {"pk": 26, "model": "survey_browser.participantmedication", "fields": {"medication_name": "GTF Chromium ", "dose_units": "NA", "dose_amt": 0.0, "dose_frequency": 128, "med_reason": "", "is_prescription": false, "notes": "200 mcg", "med_duration": 1825, "side_effects": ""}}, {"pk": 27, "model": "survey_browser.participantmedication", "fields": {"medication_name": "Aspirin ", "dose_units": "NA", "dose_amt": 0.0, "dose_frequency": 129, "med_reason": "heart", "is_prescription": false, "notes": "81 mg", "med_duration": 3650, "side_effects": ""}}, {"pk": 28, "model": "survey_browser.participantmedication", "fields": {"medication_name": "Milk Thistle Extract ", "dose_units": "NA", "dose_amt": 0.0, "dose_frequency": 128, "med_reason": "", "is_prescription": false, "notes": "175 mg", "med_duration": 0, "side_effects": ""}}, {"pk": 29, "model": "survey_browser.participantmedication", "fields": {"medication_name": "Azithromycin", "dose_units": "NA", "dose_amt": 0.0, "dose_frequency": 337, "med_reason": "Mycobacterium avium complex", "is_prescription": true, "notes": "1 tablet, 500 mg", "med_duration": 90, "side_effects": "none"}}, {"pk": 30, "model": "survey_browser.participantmedication", "fields": {"medication_name": "Nasonex", "dose_units": "NA", "dose_amt": 0.0, "dose_frequency": 128, "med_reason": "Asthma", "is_prescription": true, "notes": "2 sprays", "med_duration": 1095, "side_effects": "none"}}, {"pk": 31, "model": "survey_browser.participantmedication", "fields": {"medication_name": "Flovent HFA", "dose_units": "NA", "dose_amt": 0.0, "dose_frequency": 129, "med_reason": "Asthma", "is_prescription": true, "notes": "2 puffs, 110 mcg", "med_duration": 1095, "side_effects": "none"}}, {"pk": 32, "model": "survey_browser.participantmedication", "fields": {"medication_name": "Singulair", "dose_units": "NA", "dose_amt": 0.0, "dose_frequency": 128, "med_reason": "Asthma", "is_prescription": true, "notes": "1 tablet, 10 mg", "med_duration": 1095, "side_effects": "none"}}, {"pk": 33, "model": "survey_browser.participantmedication", "fields": {"medication_name": "Lisinopril HCT", "dose_units": "NA", "dose_amt": 0.0, "dose_frequency": 129, "med_reason": "Blood Pressure", "is_prescription": true, "notes": "2 tablets, 12.5 mg", "med_duration": 1825, "side_effects": "none"}}, {"pk": 34, "model": "survey_browser.participantmedication", "fields": {"medication_name": "Atenolol", "dose_units": "NA", "dose_amt": 0.0, "dose_frequency": 128, "med_reason": "Heart", "is_prescription": true, "notes": "1/2 tablet, 25 mg", "med_duration": 270, "side_effects": "none"}}, {"pk": 35, "model": "survey_browser.participantmedication", "fields": {"medication_name": "Nifedipine ER", "dose_units": "NA", "dose_amt": 0.0, "dose_frequency": 128, "med_reason": "Heart", "is_prescription": true, "notes": "1 tablet, 60 mg", "med_duration": 0, "side_effects": "none"}}, {"pk": 36, "model": "survey_browser.participantmedication", "fields": {"medication_name": "Celexa", "dose_units": "NA", "dose_amt": 0.0, "dose_frequency": 128, "med_reason": "Anti-depressant", "is_prescription": true, "notes": "1 tablet, 40 mg", "med_duration": 60, "side_effects": "drowsiness"}}, {"pk": 37, "model": "survey_browser.participantmedication", "fields": {"medication_name": "Voltaren", "dose_units": "NA", "dose_amt": 0.0, "dose_frequency": 129, "med_reason": "Bone Strength", "is_prescription": true, "notes": "1 tablet, 75 mg", "med_duration": 60, "side_effects": "drowsiness"}}, {"pk": 38, "model": "survey_browser.participantmedication", "fields": {"medication_name": "Lasix", "dose_units": "NA", "dose_amt": 0.0, "dose_frequency": 129, "med_reason": "swelling", "is_prescription": true, "notes": "1 tablet, 20 mg", "med_duration": 3650, "side_effects": ""}}, {"pk": 39, "model": "survey_browser.participantmedication", "fields": {"medication_name": "B12 Injection", "dose_units": "NA", "dose_amt": 0.0, "dose_frequency": 338, "med_reason": "", "is_prescription": true, "notes": "1000 mg", "med_duration": 1095, "side_effects": ""}}, {"pk": 40, "model": "survey_browser.participantmedication", "fields": {"medication_name": "2", "dose_units": "NA", "dose_amt": 0.0, "dose_frequency": 339, "med_reason": "0.0", "is_prescription": true, "notes": "", "med_duration": 0, "side_effects": "Fioricet 50/325/40"}}, {"pk": 41, "model": "survey_browser.participantmedication", "fields": {"medication_name": "Fioricet 50/325/40", "dose_units": "NA", "dose_amt": 0.0, "dose_frequency": 132, "med_reason": "headache", "is_prescription": true, "notes": "1 tablet", "med_duration": 365, "side_effects": ""}}, {"pk": 42, "model": "survey_browser.participantmedication", "fields": {"medication_name": "Avelox", "dose_units": "NA", "dose_amt": 0.0, "dose_frequency": 340, "med_reason": "Mycobacterium avium complex", "is_prescription": true, "notes": "1 tablet, 400 mg", "med_duration": 0, "side_effects": "diarrhea"}}, {"pk": 43, "model": "survey_browser.participantmedication", "fields": {"medication_name": "Ethambutol HCL", "dose_units": "NA", "dose_amt": 0.0, "dose_frequency": 340, "med_reason": "Mycobacterium avium complex", "is_prescription": true, "notes": "5 tablets, 400 mg", "med_duration": 0, "side_effects": "bothers stomach"}}, {"pk": 44, "model": "survey_browser.participantmedication", "fields": {"medication_name": "Glucosamine/chondroitin", "dose_units": "NA", "dose_amt": 0.0, "dose_frequency": 129, "med_reason": "Joint pain", "is_prescription": false, "notes": "1 tablet", "med_duration": 0, "side_effects": "none"}}, {"pk": 45, "model": "survey_browser.participantmedication", "fields": {"medication_name": "Multivitamin", "dose_units": "NA", "dose_amt": 0.0, "dose_frequency": 128, "med_reason": "Health", "is_prescription": false, "notes": "1 tablet", "med_duration": 0, "side_effects": "none"}}, {"pk": 46, "model": "survey_browser.participantmedication", "fields": {"medication_name": "Fish Oil", "dose_units": "NA", "dose_amt": 0.0, "dose_frequency": 128, "med_reason": "Heart health", "is_prescription": false, "notes": "1 tablet, 1200 mg", "med_duration": 0, "side_effects": "none"}}, {"pk": 47, "model": "survey_browser.participantmedication", "fields": {"medication_name": "Aspirin", "dose_units": "NA", "dose_amt": 0.0, "dose_frequency": 128, "med_reason": "Heart health", "is_prescription": false, "notes": "1 tablet, 81 mg", "med_duration": 0, "side_effects": "none"}}, {"pk": 48, "model": "survey_browser.participantmedication", "fields": {"medication_name": "Calcium, Maganesium, Zinc", "dose_units": "NA", "dose_amt": 0.0, "dose_frequency": 341, "med_reason": "General health", "is_prescription": false, "notes": "1 tablet", "med_duration": 0, "side_effects": "none"}}, {"pk": 49, "model": "survey_browser.participantmedication", "fields": {"medication_name": "PreserVision Eye Vitamins", "dose_units": "NA", "dose_amt": 0.0, "dose_frequency": 129, "med_reason": "Eye health", "is_prescription": false, "notes": "1 tablet", "med_duration": 1460, "side_effects": "none"}}, {"pk": 50, "model": "survey_browser.participantmedication", "fields": {"medication_name": "synthroid", "dose_units": "NA", "dose_amt": 0.0, "dose_frequency": 128, "med_reason": "low tsh/thyroid", "is_prescription": true, "notes": "1 @ 100 mcg", "med_duration": 9125, "side_effects": ""}}, {"pk": 51, "model": "survey_browser.participantmedication", "fields": {"medication_name": "fosamax", "dose_units": "NA", "dose_amt": 0.0, "dose_frequency": 344, "med_reason": "bone density", "is_prescription": true, "notes": "1 @ 35 mg", "med_duration": 730, "side_effects": ""}}, {"pk": 52, "model": "survey_browser.participantmedication", "fields": {"medication_name": "ambien", "dose_units": "NA", "dose_amt": 0.0, "dose_frequency": 128, "med_reason": "sleep", "is_prescription": true, "notes": "1 @ 10 mg", "med_duration": 730, "side_effects": "makes me sleepy"}}, {"pk": 53, "model": "survey_browser.participantmedication", "fields": {"medication_name": "metformin HCL FR", "dose_units": "NA", "dose_amt": 0.0, "dose_frequency": 128, "med_reason": "diabetes", "is_prescription": true, "notes": "1 @ 500 mg", "med_duration": 1700, "side_effects": ""}}, {"pk": 54, "model": "survey_browser.participantmedication", "fields": {"medication_name": "glimepiride", "dose_units": "NA", "dose_amt": 0.0, "dose_frequency": 128, "med_reason": "diabetes", "is_prescription": true, "notes": "1 @ 2 mg", "med_duration": 1700, "side_effects": ""}}, {"pk": 55, "model": "survey_browser.participantmedication", "fields": {"medication_name": "mobic", "dose_units": "NA", "dose_amt": 0.0, "dose_frequency": 128, "med_reason": "arthritis pain", "is_prescription": true, "notes": "1 @ 15 mg", "med_duration": 730, "side_effects": ""}}, {"pk": 56, "model": "survey_browser.participantmedication", "fields": {"medication_name": "lipitor", "dose_units": "NA", "dose_amt": 0.0, "dose_frequency": 128, "med_reason": "cholesterol", "is_prescription": true, "notes": "1 @ 20 mg", "med_duration": 1460, "side_effects": ""}}, {"pk": 57, "model": "survey_browser.participantmedication", "fields": {"medication_name": "lisinopril", "dose_units": "NA", "dose_amt": 0.0, "dose_frequency": 128, "med_reason": "blood pressure", "is_prescription": true, "notes": "1 @ 10 mg", "med_duration": 1460, "side_effects": ""}}, {"pk": 58, "model": "survey_browser.participantmedication", "fields": {"medication_name": "propecia", "dose_units": "NA", "dose_amt": 0.0, "dose_frequency": 128, "med_reason": "hair loss", "is_prescription": true, "notes": "1 @ 1 mg", "med_duration": 1825, "side_effects": ""}}, {"pk": 59, "model": "survey_browser.participantmedication", "fields": {"medication_name": "zoloft hcl", "dose_units": "NA", "dose_amt": 0.0, "dose_frequency": 128, "med_reason": "stress, anxiety", "is_prescription": true, "notes": "1 @ 100 mg", "med_duration": 1825, "side_effects": ""}}, {"pk": 60, "model": "survey_browser.participantmedication", "fields": {"medication_name": "tylenol", "dose_units": "NA", "dose_amt": 0.0, "dose_frequency": 132, "med_reason": "pain", "is_prescription": false, "notes": "1 @ 500 mg", "med_duration": 10950, "side_effects": ""}}, {"pk": 61, "model": "survey_browser.participantmedication", "fields": {"medication_name": "fish oil", "dose_units": "NA", "dose_amt": 0.0, "dose_frequency": 129, "med_reason": "heart health", "is_prescription": false, "notes": "1 @ 1000 mg", "med_duration": 1825, "side_effects": ""}}, {"pk": 62, "model": "survey_browser.participantmedication", "fields": {"medication_name": "calcium citrate + d3", "dose_units": "NA", "dose_amt": 0.0, "dose_frequency": 129, "med_reason": "bone health", "is_prescription": false, "notes": "1 @ 400", "med_duration": 5475, "side_effects": ""}}, {"pk": 63, "model": "survey_browser.participantmedication", "fields": {"medication_name": "osteo bi-flex", "dose_units": "NA", "dose_amt": 0.0, "dose_frequency": 129, "med_reason": "joints", "is_prescription": false, "notes": "1 @ triple strength", "med_duration": 730, "side_effects": ""}}, {"pk": 64, "model": "survey_browser.participantmedication", "fields": {"medication_name": "cranberry fruit", "dose_units": "NA", "dose_amt": 0.0, "dose_frequency": 128, "med_reason": "urinary tract & other health", "is_prescription": false, "notes": "1 @ 930 mg", "med_duration": 730, "side_effects": ""}}, {"pk": 65, "model": "survey_browser.participantmedication", "fields": {"medication_name": "cinnamon", "dose_units": "NA", "dose_amt": 0.0, "dose_frequency": 128, "med_reason": "circulatory health, metabolism", "is_prescription": false, "notes": "1 @ 1000 mg", "med_duration": 1095, "side_effects": ""}}, {"pk": 66, "model": "survey_browser.participantmedication", "fields": {"medication_name": "turmeric", "dose_units": "NA", "dose_amt": 0.0, "dose_frequency": 128, "med_reason": "antioxidant", "is_prescription": false, "notes": "1 @ 500 mg", "med_duration": 730, "side_effects": ""}}, {"pk": 67, "model": "survey_browser.participantmedication", "fields": {"medication_name": "progesterone", "dose_units": "NA", "dose_amt": 0.0, "dose_frequency": 128, "med_reason": "sleep", "is_prescription": true, "notes": "1 cap", "med_duration": 1825, "side_effects": ""}}, {"pk": 68, "model": "survey_browser.participantmedication", "fields": {"medication_name": "armour thyroid", "dose_units": "NA", "dose_amt": 0.0, "dose_frequency": 128, "med_reason": "", "is_prescription": true, "notes": "1 tablet", "med_duration": 14600, "side_effects": ""}}, {"pk": 69, "model": "survey_browser.participantmedication", "fields": {"medication_name": "estrao, test. dhea", "dose_units": "NA", "dose_amt": 0.0, "dose_frequency": 128, "med_reason": "harmone balance", "is_prescription": true, "notes": "1 cap", "med_duration": 1825, "side_effects": ""}}, {"pk": 70, "model": "survey_browser.participantmedication", "fields": {"medication_name": "evening primrose oil", "dose_units": "NA", "dose_amt": 0.0, "dose_frequency": 345, "med_reason": "", "is_prescription": false, "notes": "2 cap", "med_duration": 3650, "side_effects": ""}}, {"pk": 71, "model": "survey_browser.participantmedication", "fields": {"medication_name": "pineal                                     ", "dose_units": "NA", "dose_amt": 0.0, "dose_frequency": 128, "med_reason": "sleep", "is_prescription": false, "notes": "2 tablets", "med_duration": 1825, "side_effects": ""}}, {"pk": 72, "model": "survey_browser.participantmedication", "fields": {"medication_name": "dsf formula                           ", "dose_units": "NA", "dose_amt": 0.0, "dose_frequency": 132, "med_reason": "adrenal support", "is_prescription": false, "notes": "1 tablet", "med_duration": 3650, "side_effects": ""}}, {"pk": 73, "model": "survey_browser.participantmedication", "fields": {"medication_name": "Immune", "dose_units": "NA", "dose_amt": 0.0, "dose_frequency": 128, "med_reason": "", "is_prescription": false, "notes": "1 cap", "med_duration": 0, "side_effects": ""}}, {"pk": 74, "model": "survey_browser.participantmedication", "fields": {"medication_name": "multi vit", "dose_units": "NA", "dose_amt": 0.0, "dose_frequency": 128, "med_reason": "", "is_prescription": false, "notes": "", "med_duration": 0, "side_effects": ""}}, {"pk": 75, "model": "survey_browser.participantmedication", "fields": {"medication_name": "d 3", "dose_units": "NA", "dose_amt": 0.0, "dose_frequency": 129, "med_reason": "to stay healthy", "is_prescription": false, "notes": "1 cap", "med_duration": 3650, "side_effects": ""}}, {"pk": 76, "model": "survey_browser.participantmedication", "fields": {"medication_name": "calc", "dose_units": "NA", "dose_amt": 0.0, "dose_frequency": 129, "med_reason": "", "is_prescription": false, "notes": "1 cap", "med_duration": 3650, "side_effects": ""}}, {"pk": 77, "model": "survey_browser.participantmedication", "fields": {"medication_name": "magnesium", "dose_units": "NA", "dose_amt": 0.0, "dose_frequency": 128, "med_reason": "", "is_prescription": false, "notes": "1 tablespoon", "med_duration": 5475, "side_effects": ""}}, {"pk": 78, "model": "survey_browser.participantmedication", "fields": {"medication_name": "Lisinoprilhctz", "dose_units": "NA", "dose_amt": 0.0, "dose_frequency": 128, "med_reason": "hypertension", "is_prescription": true, "notes": "1 tablet 20/25", "med_duration": 1095, "side_effects": ""}}, {"pk": 79, "model": "survey_browser.participantmedication", "fields": {"medication_name": "atenolol", "dose_units": "NA", "dose_amt": 0.0, "dose_frequency": 129, "med_reason": "hypertension", "is_prescription": true, "notes": "1 tablet 50mg", "med_duration": 730, "side_effects": ""}}, {"pk": 80, "model": "survey_browser.participantmedication", "fields": {"medication_name": "simvastatin", "dose_units": "NA", "dose_amt": 0.0, "dose_frequency": 128, "med_reason": "cholesterol", "is_prescription": true, "notes": " 1 tablet 40mg", "med_duration": 910, "side_effects": ""}}, {"pk": 81, "model": "survey_browser.participantmedication", "fields": {"medication_name": "potassium", "dose_units": "NA", "dose_amt": 0.0, "dose_frequency": 130, "med_reason": "low potassium in system", "is_prescription": true, "notes": "1 tablet cc8meq", "med_duration": 730, "side_effects": ""}}, {"pk": 82, "model": "survey_browser.participantmedication", "fields": {"medication_name": "baby aspirin", "dose_units": "NA", "dose_amt": 0.0, "dose_frequency": 128, "med_reason": "", "is_prescription": true, "notes": "1 tablet 80mg", "med_duration": 2190, "side_effects": ""}}, {"pk": 83, "model": "survey_browser.participantmedication", "fields": {"medication_name": "tamsulosin hcl", "dose_units": "NA", "dose_amt": 0.0, "dose_frequency": 128, "med_reason": "bladder", "is_prescription": true, "notes": "1 tablet 0.4mg", "med_duration": 545, "side_effects": ""}}, {"pk": 84, "model": "survey_browser.participantmedication", "fields": {"medication_name": "calcium", "dose_units": "NA", "dose_amt": 0.0, "dose_frequency": 128, "med_reason": "bones", "is_prescription": true, "notes": "1 tablet 500mg", "med_duration": 2190, "side_effects": ""}}, {"pk": 85, "model": "survey_browser.participantmedication", "fields": {"medication_name": "multivitamin", "dose_units": "NA", "dose_amt": 0.0, "dose_frequency": 128, "med_reason": "general health", "is_prescription": true, "notes": "t tablet", "med_duration": 3650, "side_effects": ""}}, {"pk": 86, "model": "survey_browser.participantmedication", "fields": {"medication_name": "tamsulosin", "dose_units": "NA", "dose_amt": 0.0, "dose_frequency": 128, "med_reason": "Swollen prostate", "is_prescription": true, "notes": "1,.4mg", "med_duration": 730, "side_effects": "No"}}, {"pk": 87, "model": "survey_browser.participantmedication", "fields": {"medication_name": "fluorometholone", "dose_units": "NA", "dose_amt": 0.0, "dose_frequency": 128, "med_reason": "Eye inflamation", "is_prescription": true, "notes": "1 drop, left eye", "med_duration": 1095, "side_effects": "no"}}, {"pk": 88, "model": "survey_browser.participantmedication", "fields": {"medication_name": "brimonidine", "dose_units": "NA", "dose_amt": 0.0, "dose_frequency": 130, "med_reason": "Glocoma", "is_prescription": true, "notes": "1 drop, both eyes", "med_duration": 730, "side_effects": "No"}}, {"pk": 89, "model": "survey_browser.participantmedication", "fields": {"medication_name": "dorzolamide/Timolol", "dose_units": "NA", "dose_amt": 0.0, "dose_frequency": 129, "med_reason": "Glocoma", "is_prescription": true, "notes": "1drop,both 1 drop left", "med_duration": 730, "side_effects": "NO"}}, {"pk": 90, "model": "survey_browser.participantmedication", "fields": {"medication_name": "Vagifem", "dose_units": "NA", "dose_amt": 0.0, "dose_frequency": null, "med_reason": "post-menopause", "is_prescription": true, "notes": "1 tablet, 10 mcg", "med_duration": 730, "side_effects": "None"}}, {"pk": 91, "model": "survey_browser.participantmedication", "fields": {"medication_name": "Calcium ", "dose_units": "NA", "dose_amt": 0.0, "dose_frequency": 128, "med_reason": "osteoporosis", "is_prescription": false, "notes": "1 tablet, 600 mg", "med_duration": 365, "side_effects": "None"}}, {"pk": 92, "model": "survey_browser.participantmedication", "fields": {"medication_name": "Evista", "dose_units": "NA", "dose_amt": 0.0, "dose_frequency": 128, "med_reason": "", "is_prescription": true, "notes": "60 mg", "med_duration": 3650, "side_effects": ""}}, {"pk": 93, "model": "survey_browser.participantmedication", "fields": {"medication_name": "Centrum Silver", "dose_units": "NA", "dose_amt": 0.0, "dose_frequency": 128, "med_reason": "General health", "is_prescription": false, "notes": "1 tablet", "med_duration": 7300, "side_effects": "None"}}, {"pk": 94, "model": "survey_browser.participantmedication", "fields": {"medication_name": "Caltrate", "dose_units": "NA", "dose_amt": 0.0, "dose_frequency": 128, "med_reason": "Bone health", "is_prescription": false, "notes": "1 tablet  600 mg + D", "med_duration": 5475, "side_effects": "None"}}, {"pk": 95, "model": "survey_browser.participantmedication", "fields": {"medication_name": "Calcium Citrate", "dose_units": "NA", "dose_amt": 0.0, "dose_frequency": 128, "med_reason": "Bone health", "is_prescription": false, "notes": "1 tablet 500 mg, D & minerals", "med_duration": 5475, "side_effects": "None"}}, {"pk": 96, "model": "survey_browser.participantmedication", "fields": {"medication_name": "Vitamin C - Ester-C", "dose_units": "NA", "dose_amt": 0.0, "dose_frequency": 128, "med_reason": "Immunity support", "is_prescription": false, "notes": "500 mg", "med_duration": 7300, "side_effects": "None"}}, {"pk": 97, "model": "survey_browser.participantmedication", "fields": {"medication_name": "Nordic Complete Omega-3.6.9", "dose_units": "NA", "dose_amt": 0.0, "dose_frequency": 129, "med_reason": "immunity support", "is_prescription": false, "notes": "1000 mg fish oil & borage oil", "med_duration": 365, "side_effects": "None"}}, {"pk": 1, "model": "survey_browser.participantmobilityhealth", "fields": {"physical_activity": 125, "ht_in": 67.0, "surgeries": [1], "contact_instance": 11, "medications": [1, 2, 3, 4, 5], "wt_lbs": 225.0, "assistive_devices": [], "medical_conditions": [1, 2, 3, 4, 5, 6, 7, 8, 9, 10, 11, 12, 13, 14, 15, 16, 17, 18, 19, 20, 21, 22, 23, 24, 25, 26, 27, 28, 29, 30], "mobility_aids": []}}, {"pk": 2, "model": "survey_browser.participantmobilityhealth", "fields": {"physical_activity": 126, "ht_in": 66.0, "surgeries": [2], "contact_instance": 12, "medications": [6, 7, 8, 9, 10, 11, 12, 13, 14, 15], "wt_lbs": 180.0, "assistive_devices": [112], "medical_conditions": [31, 32, 33, 34, 35, 36, 37, 38, 39, 40, 41, 42, 43, 44, 45, 46, 47, 48, 49, 50, 51, 52, 53, 54, 55, 56, 57, 58, 59, 60], "mobility_aids": []}}, {"pk": 3, "model": "survey_browser.participantmobilityhealth", "fields": {"physical_activity": 124, "ht_in": 71.0, "surgeries": [3, 4, 5], "contact_instance": 13, "medications": [16, 17, 18, 19, 20, 21, 22, 23, 24, 25, 26, 27, 28], "wt_lbs": 220.0, "assistive_devices": [112], "medical_conditions": [61, 62, 63, 64, 65, 66, 67, 68, 69, 70, 71, 72, 73, 74, 75, 76, 77, 78, 79, 80, 81, 82, 83, 84, 85, 86, 87, 88, 89, 90], "mobility_aids": []}}, {"pk": 4, "model": "survey_browser.participantmobilityhealth", "fields": {"physical_activity": 123, "ht_in": 61.0, "surgeries": [6], "contact_instance": 14, "medications": [29, 30, 31, 32, 33, 34, 35, 36, 37, 38, 39, 40, 41, 42, 43, 44, 45, 46, 47, 48, 49], "wt_lbs": 190.0, "assistive_devices": [112, 114], "medical_conditions": [91, 92, 93, 94, 95, 96, 97, 98, 99, 100, 101, 102, 103, 104, 105, 106, 107, 108, 109, 110, 111, 112, 113, 114, 115, 116, 117, 118, 119, 120], "mobility_aids": [119, 121]}}, {"pk": 5, "model": "survey_browser.participantmobilityhealth", "fields": {"physical_activity": 125, "ht_in": 64.0, "surgeries": [7, 8], "contact_instance": 15, "medications": [50, 51, 52, 53, 54, 55, 56, 57, 58, 59, 60, 61, 62, 63, 64, 65, 66], "wt_lbs": 214.0, "assistive_devices": [112], "medical_conditions": [121, 122, 123, 124, 125, 126, 127, 128, 129, 130, 131, 132, 133, 134, 135, 136, 137, 138, 139, 140, 141, 142, 143, 144, 145, 146, 147, 148, 149, 150], "mobility_aids": []}}, {"pk": 6, "model": "survey_browser.participantmobilityhealth", "fields": {"physical_activity": 126, "ht_in": 67.0, "surgeries": [9, 10, 11], "contact_instance": 16, "medications": [67, 68, 69, 70, 71, 72, 73, 74, 75, 76, 77], "wt_lbs": 115.0, "assistive_devices": [112], "medical_conditions": [151, 152, 153, 154, 155, 156, 157, 158, 159, 160, 161, 162, 163, 164, 165, 166, 167, 168, 169, 170, 171, 172, 173, 174, 175, 176, 177, 178, 179, 180], "mobility_aids": []}}, {"pk": 7, "model": "survey_browser.participantmobilityhealth", "fields": {"physical_activity": 126, "ht_in": 73.0, "surgeries": [12, 13, 14], "contact_instance": 17, "medications": [78, 79, 80, 81, 82, 83, 84, 85], "wt_lbs": 162.0, "assistive_devices": [112], "medical_conditions": [181, 182, 183, 184, 185, 186, 187, 188, 189, 190, 191, 192, 193, 194, 195, 196, 197, 198, 199, 200, 201, 202, 203, 204, 205, 206, 207, 208, 209, 210], "mobility_aids": []}}, {"pk": 8, "model": "survey_browser.participantmobilityhealth", "fields": {"physical_activity": 126, "ht_in": 65.0, "surgeries": [15], "contact_instance": 18, "medications": [86, 87, 88, 89], "wt_lbs": 180.0, "assistive_devices": [112], "medical_conditions": [211, 212, 213, 214, 215, 216, 217, 218, 219, 220, 221, 222, 223, 224, 225, 226, 227, 228, 229, 230, 231, 232, 233, 234, 235, 236, 237, 238, 239, 240], "mobility_aids": []}}, {"pk": 9, "model": "survey_browser.participantmobilityhealth", "fields": {"physical_activity": 123, "ht_in": 61.0, "surgeries": [16], "contact_instance": 19, "medications": [90, 91], "wt_lbs": 118.0, "assistive_devices": [112, 114], "medical_conditions": [241, 242, 243, 244, 245, 246, 247, 248, 249, 250, 251, 252, 253, 254, 255, 256, 257, 258, 259, 260, 261, 262, 263, 264, 265, 266, 267, 268, 269, 270], "mobility_aids": []}}, {"pk": 10, "model": "survey_browser.participantmobilityhealth", "fields": {"physical_activity": 125, "ht_in": 58.0, "surgeries": [17], "contact_instance": 20, "medications": [92, 93, 94, 95, 96, 97], "wt_lbs": 86.0, "assistive_devices": [112], "medical_conditions": [271, 272, 273, 274, 275, 276, 277, 278, 279, 280, 281, 282, 283, 284, 285, 286, 287, 288, 289, 290, 291, 292, 293, 294, 295, 296, 297, 298, 299, 300], "mobility_aids": []}}, {"pk": 1, "model": "survey_browser.scalequestionandoption", "fields": {"question": 49, "option": 133, "order": 1}}, {"pk": 2, "model": "survey_browser.scalequestionandoption", "fields": {"question": 49, "option": 134, "order": 2}}, {"pk": 3, "model": "survey_browser.scalequestionandoption", "fields": {"question": 49, "option": 135, "order": 3}}, {"pk": 4, "model": "survey_browser.scalequestionandoption", "fields": {"question": 49, "option": 136, "order": 4}}, {"pk": 5, "model": "survey_browser.scalequestionandoption", "fields": {"question": 49, "option": 137, "order": 5}}, {"pk": 6, "model": "survey_browser.scalequestionandoption", "fields": {"question": 50, "option": 133, "order": 1}}, {"pk": 7, "model": "survey_browser.scalequestionandoption", "fields": {"question": 50, "option": 134, "order": 2}}, {"pk": 8, "model": "survey_browser.scalequestionandoption", "fields": {"question": 50, "option": 135, "order": 3}}, {"pk": 9, "model": "survey_browser.scalequestionandoption", "fields": {"question": 50, "option": 136, "order": 4}}, {"pk": 10, "model": "survey_browser.scalequestionandoption", "fields": {"question": 50, "option": 137, "order": 5}}, {"pk": 11, "model": "survey_browser.scalequestionandoption", "fields": {"question": 51, "option": 133, "order": 1}}, {"pk": 12, "model": "survey_browser.scalequestionandoption", "fields": {"question": 51, "option": 134, "order": 2}}, {"pk": 13, "model": "survey_browser.scalequestionandoption", "fields": {"question": 51, "option": 135, "order": 3}}, {"pk": 14, "model": "survey_browser.scalequestionandoption", "fields": {"question": 51, "option": 136, "order": 4}}, {"pk": 15, "model": "survey_browser.scalequestionandoption", "fields": {"question": 51, "option": 137, "order": 5}}, {"pk": 16, "model": "survey_browser.scalequestionandoption", "fields": {"question": 52, "option": 133, "order": 1}}, {"pk": 17, "model": "survey_browser.scalequestionandoption", "fields": {"question": 52, "option": 134, "order": 2}}, {"pk": 18, "model": "survey_browser.scalequestionandoption", "fields": {"question": 52, "option": 135, "order": 3}}, {"pk": 19, "model": "survey_browser.scalequestionandoption", "fields": {"question": 52, "option": 136, "order": 4}}, {"pk": 20, "model": "survey_browser.scalequestionandoption", "fields": {"question": 52, "option": 137, "order": 5}}, {"pk": 21, "model": "survey_browser.scalequestionandoption", "fields": {"question": 53, "option": 133, "order": 1}}, {"pk": 22, "model": "survey_browser.scalequestionandoption", "fields": {"question": 53, "option": 134, "order": 2}}, {"pk": 23, "model": "survey_browser.scalequestionandoption", "fields": {"question": 53, "option": 135, "order": 3}}, {"pk": 24, "model": "survey_browser.scalequestionandoption", "fields": {"question": 53, "option": 136, "order": 4}}, {"pk": 25, "model": "survey_browser.scalequestionandoption", "fields": {"question": 53, "option": 137, "order": 5}}, {"pk": 26, "model": "survey_browser.scalequestionandoption", "fields": {"question": 54, "option": 133, "order": 1}}, {"pk": 27, "model": "survey_browser.scalequestionandoption", "fields": {"question": 54, "option": 134, "order": 2}}, {"pk": 28, "model": "survey_browser.scalequestionandoption", "fields": {"question": 54, "option": 135, "order": 3}}, {"pk": 29, "model": "survey_browser.scalequestionandoption", "fields": {"question": 54, "option": 136, "order": 4}}, {"pk": 30, "model": "survey_browser.scalequestionandoption", "fields": {"question": 54, "option": 137, "order": 5}}, {"pk": 31, "model": "survey_browser.scalequestionandoption", "fields": {"question": 55, "option": 133, "order": 1}}, {"pk": 32, "model": "survey_browser.scalequestionandoption", "fields": {"question": 55, "option": 134, "order": 2}}, {"pk": 33, "model": "survey_browser.scalequestionandoption", "fields": {"question": 55, "option": 135, "order": 3}}, {"pk": 34, "model": "survey_browser.scalequestionandoption", "fields": {"question": 55, "option": 136, "order": 4}}, {"pk": 35, "model": "survey_browser.scalequestionandoption", "fields": {"question": 55, "option": 137, "order": 5}}, {"pk": 36, "model": "survey_browser.scalequestionandoption", "fields": {"question": 56, "option": 133, "order": 1}}, {"pk": 37, "model": "survey_browser.scalequestionandoption", "fields": {"question": 56, "option": 134, "order": 2}}, {"pk": 38, "model": "survey_browser.scalequestionandoption", "fields": {"question": 56, "option": 135, "order": 3}}, {"pk": 39, "model": "survey_browser.scalequestionandoption", "fields": {"question": 56, "option": 136, "order": 4}}, {"pk": 40, "model": "survey_browser.scalequestionandoption", "fields": {"question": 56, "option": 137, "order": 5}}, {"pk": 41, "model": "survey_browser.scalequestionandoption", "fields": {"question": 57, "option": 133, "order": 1}}, {"pk": 42, "model": "survey_browser.scalequestionandoption", "fields": {"question": 57, "option": 134, "order": 2}}, {"pk": 43, "model": "survey_browser.scalequestionandoption", "fields": {"question": 57, "option": 135, "order": 3}}, {"pk": 44, "model": "survey_browser.scalequestionandoption", "fields": {"question": 57, "option": 136, "order": 4}}, {"pk": 45, "model": "survey_browser.scalequestionandoption", "fields": {"question": 57, "option": 137, "order": 5}}, {"pk": 46, "model": "survey_browser.scalequestionandoption", "fields": {"question": 58, "option": 133, "order": 1}}, {"pk": 47, "model": "survey_browser.scalequestionandoption", "fields": {"question": 58, "option": 134, "order": 2}}, {"pk": 48, "model": "survey_browser.scalequestionandoption", "fields": {"question": 58, "option": 135, "order": 3}}, {"pk": 49, "model": "survey_browser.scalequestionandoption", "fields": {"question": 58, "option": 136, "order": 4}}, {"pk": 50, "model": "survey_browser.scalequestionandoption", "fields": {"question": 58, "option": 137, "order": 5}}, {"pk": 51, "model": "survey_browser.scalequestionandoption", "fields": {"question": 59, "option": 133, "order": 1}}, {"pk": 52, "model": "survey_browser.scalequestionandoption", "fields": {"question": 59, "option": 134, "order": 2}}, {"pk": 53, "model": "survey_browser.scalequestionandoption", "fields": {"question": 59, "option": 135, "order": 3}}, {"pk": 54, "model": "survey_browser.scalequestionandoption", "fields": {"question": 59, "option": 136, "order": 4}}, {"pk": 55, "model": "survey_browser.scalequestionandoption", "fields": {"question": 59, "option": 137, "order": 5}}, {"pk": 56, "model": "survey_browser.scalequestionandoption", "fields": {"question": 60, "option": 133, "order": 1}}, {"pk": 57, "model": "survey_browser.scalequestionandoption", "fields": {"question": 60, "option": 134, "order": 2}}, {"pk": 58, "model": "survey_browser.scalequestionandoption", "fields": {"question": 60, "option": 135, "order": 3}}, {"pk": 59, "model": "survey_browser.scalequestionandoption", "fields": {"question": 60, "option": 136, "order": 4}}, {"pk": 60, "model": "survey_browser.scalequestionandoption", "fields": {"question": 60, "option": 137, "order": 5}}, {"pk": 61, "model": "survey_browser.scalequestionandoption", "fields": {"question": 61, "option": 133, "order": 1}}, {"pk": 62, "model": "survey_browser.scalequestionandoption", "fields": {"question": 61, "option": 134, "order": 2}}, {"pk": 63, "model": "survey_browser.scalequestionandoption", "fields": {"question": 61, "option": 135, "order": 3}}, {"pk": 64, "model": "survey_browser.scalequestionandoption", "fields": {"question": 61, "option": 136, "order": 4}}, {"pk": 65, "model": "survey_browser.scalequestionandoption", "fields": {"question": 61, "option": 137, "order": 5}}, {"pk": 66, "model": "survey_browser.scalequestionandoption", "fields": {"question": 62, "option": 133, "order": 1}}, {"pk": 67, "model": "survey_browser.scalequestionandoption", "fields": {"question": 62, "option": 134, "order": 2}}, {"pk": 68, "model": "survey_browser.scalequestionandoption", "fields": {"question": 62, "option": 135, "order": 3}}, {"pk": 69, "model": "survey_browser.scalequestionandoption", "fields": {"question": 62, "option": 136, "order": 4}}, {"pk": 70, "model": "survey_browser.scalequestionandoption", "fields": {"question": 62, "option": 137, "order": 5}}, {"pk": 71, "model": "survey_browser.scalequestionandoption", "fields": {"question": 63, "option": 133, "order": 1}}, {"pk": 72, "model": "survey_browser.scalequestionandoption", "fields": {"question": 63, "option": 134, "order": 2}}, {"pk": 73, "model": "survey_browser.scalequestionandoption", "fields": {"question": 63, "option": 135, "order": 3}}, {"pk": 74, "model": "survey_browser.scalequestionandoption", "fields": {"question": 63, "option": 136, "order": 4}}, {"pk": 75, "model": "survey_browser.scalequestionandoption", "fields": {"question": 63, "option": 137, "order": 5}}, {"pk": 76, "model": "survey_browser.scalequestionandoption", "fields": {"question": 64, "option": 133, "order": 1}}, {"pk": 77, "model": "survey_browser.scalequestionandoption", "fields": {"question": 64, "option": 134, "order": 2}}, {"pk": 78, "model": "survey_browser.scalequestionandoption", "fields": {"question": 64, "option": 135, "order": 3}}, {"pk": 79, "model": "survey_browser.scalequestionandoption", "fields": {"question": 64, "option": 136, "order": 4}}, {"pk": 80, "model": "survey_browser.scalequestionandoption", "fields": {"question": 64, "option": 137, "order": 5}}, {"pk": 81, "model": "survey_browser.scalequestionandoption", "fields": {"question": 65, "option": 133, "order": 1}}, {"pk": 82, "model": "survey_browser.scalequestionandoption", "fields": {"question": 65, "option": 134, "order": 2}}, {"pk": 83, "model": "survey_browser.scalequestionandoption", "fields": {"question": 65, "option": 135, "order": 3}}, {"pk": 84, "model": "survey_browser.scalequestionandoption", "fields": {"question": 65, "option": 136, "order": 4}}, {"pk": 85, "model": "survey_browser.scalequestionandoption", "fields": {"question": 65, "option": 137, "order": 5}}, {"pk": 86, "model": "survey_browser.scalequestionandoption", "fields": {"question": 66, "option": 133, "order": 1}}, {"pk": 87, "model": "survey_browser.scalequestionandoption", "fields": {"question": 66, "option": 134, "order": 2}}, {"pk": 88, "model": "survey_browser.scalequestionandoption", "fields": {"question": 66, "option": 135, "order": 3}}, {"pk": 89, "model": "survey_browser.scalequestionandoption", "fields": {"question": 66, "option": 136, "order": 4}}, {"pk": 90, "model": "survey_browser.scalequestionandoption", "fields": {"question": 66, "option": 137, "order": 5}}, {"pk": 91, "model": "survey_browser.scalequestionandoption", "fields": {"question": 67, "option": 133, "order": 1}}, {"pk": 92, "model": "survey_browser.scalequestionandoption", "fields": {"question": 67, "option": 134, "order": 2}}, {"pk": 93, "model": "survey_browser.scalequestionandoption", "fields": {"question": 67, "option": 135, "order": 3}}, {"pk": 94, "model": "survey_browser.scalequestionandoption", "fields": {"question": 67, "option": 136, "order": 4}}, {"pk": 95, "model": "survey_browser.scalequestionandoption", "fields": {"question": 67, "option": 137, "order": 5}}, {"pk": 96, "model": "survey_browser.scalequestionandoption", "fields": {"question": 68, "option": 133, "order": 1}}, {"pk": 97, "model": "survey_browser.scalequestionandoption", "fields": {"question": 68, "option": 134, "order": 2}}, {"pk": 98, "model": "survey_browser.scalequestionandoption", "fields": {"question": 68, "option": 135, "order": 3}}, {"pk": 99, "model": "survey_browser.scalequestionandoption", "fields": {"question": 68, "option": 136, "order": 4}}, {"pk": 100, "model": "survey_browser.scalequestionandoption", "fields": {"question": 68, "option": 137, "order": 5}}, {"pk": 101, "model": "survey_browser.scalequestionandoption", "fields": {"question": 69, "option": 133, "order": 1}}, {"pk": 102, "model": "survey_browser.scalequestionandoption", "fields": {"question": 69, "option": 134, "order": 2}}, {"pk": 103, "model": "survey_browser.scalequestionandoption", "fields": {"question": 69, "option": 135, "order": 3}}, {"pk": 104, "model": "survey_browser.scalequestionandoption", "fields": {"question": 69, "option": 136, "order": 4}}, {"pk": 105, "model": "survey_browser.scalequestionandoption", "fields": {"question": 69, "option": 137, "order": 5}}, {"pk": 106, "model": "survey_browser.scalequestionandoption", "fields": {"question": 70, "option": 133, "order": 1}}, {"pk": 107, "model": "survey_browser.scalequestionandoption", "fields": {"question": 70, "option": 134, "order": 2}}, {"pk": 108, "model": "survey_browser.scalequestionandoption", "fields": {"question": 70, "option": 135, "order": 3}}, {"pk": 109, "model": "survey_browser.scalequestionandoption", "fields": {"question": 70, "option": 136, "order": 4}}, {"pk": 110, "model": "survey_browser.scalequestionandoption", "fields": {"question": 70, "option": 137, "order": 5}}, {"pk": 111, "model": "survey_browser.scalequestionandoption", "fields": {"question": 71, "option": 133, "order": 1}}, {"pk": 112, "model": "survey_browser.scalequestionandoption", "fields": {"question": 71, "option": 134, "order": 2}}, {"pk": 113, "model": "survey_browser.scalequestionandoption", "fields": {"question": 71, "option": 135, "order": 3}}, {"pk": 114, "model": "survey_browser.scalequestionandoption", "fields": {"question": 71, "option": 136, "order": 4}}, {"pk": 115, "model": "survey_browser.scalequestionandoption", "fields": {"question": 71, "option": 137, "order": 5}}, {"pk": 116, "model": "survey_browser.scalequestionandoption", "fields": {"question": 72, "option": 133, "order": 1}}, {"pk": 117, "model": "survey_browser.scalequestionandoption", "fields": {"question": 72, "option": 134, "order": 2}}, {"pk": 118, "model": "survey_browser.scalequestionandoption", "fields": {"question": 72, "option": 135, "order": 3}}, {"pk": 119, "model": "survey_browser.scalequestionandoption", "fields": {"question": 72, "option": 136, "order": 4}}, {"pk": 120, "model": "survey_browser.scalequestionandoption", "fields": {"question": 72, "option": 137, "order": 5}}, {"pk": 121, "model": "survey_browser.scalequestionandoption", "fields": {"question": 73, "option": 133, "order": 1}}, {"pk": 122, "model": "survey_browser.scalequestionandoption", "fields": {"question": 73, "option": 134, "order": 2}}, {"pk": 123, "model": "survey_browser.scalequestionandoption", "fields": {"question": 73, "option": 135, "order": 3}}, {"pk": 124, "model": "survey_browser.scalequestionandoption", "fields": {"question": 73, "option": 136, "order": 4}}, {"pk": 125, "model": "survey_browser.scalequestionandoption", "fields": {"question": 73, "option": 137, "order": 5}}, {"pk": 126, "model": "survey_browser.scalequestionandoption", "fields": {"question": 74, "option": 138, "order": 1}}, {"pk": 127, "model": "survey_browser.scalequestionandoption", "fields": {"question": 74, "option": 139, "order": 2}}, {"pk": 128, "model": "survey_browser.scalequestionandoption", "fields": {"question": 74, "option": 140, "order": 3}}, {"pk": 129, "model": "survey_browser.scalequestionandoption", "fields": {"question": 74, "option": 141, "order": 4}}, {"pk": 130, "model": "survey_browser.scalequestionandoption", "fields": {"question": 74, "option": 142, "order": 5}}, {"pk": 131, "model": "survey_browser.scalequestionandoption", "fields": {"question": 75, "option": 138, "order": 1}}, {"pk": 132, "model": "survey_browser.scalequestionandoption", "fields": {"question": 75, "option": 139, "order": 2}}, {"pk": 133, "model": "survey_browser.scalequestionandoption", "fields": {"question": 75, "option": 140, "order": 3}}, {"pk": 134, "model": "survey_browser.scalequestionandoption", "fields": {"question": 75, "option": 141, "order": 4}}, {"pk": 135, "model": "survey_browser.scalequestionandoption", "fields": {"question": 75, "option": 142, "order": 5}}, {"pk": 136, "model": "survey_browser.scalequestionandoption", "fields": {"question": 76, "option": 138, "order": 1}}, {"pk": 137, "model": "survey_browser.scalequestionandoption", "fields": {"question": 76, "option": 139, "order": 2}}, {"pk": 138, "model": "survey_browser.scalequestionandoption", "fields": {"question": 76, "option": 140, "order": 3}}, {"pk": 139, "model": "survey_browser.scalequestionandoption", "fields": {"question": 76, "option": 141, "order": 4}}, {"pk": 140, "model": "survey_browser.scalequestionandoption", "fields": {"question": 76, "option": 142, "order": 5}}, {"pk": 141, "model": "survey_browser.scalequestionandoption", "fields": {"question": 77, "option": 138, "order": 1}}, {"pk": 142, "model": "survey_browser.scalequestionandoption", "fields": {"question": 77, "option": 139, "order": 2}}, {"pk": 143, "model": "survey_browser.scalequestionandoption", "fields": {"question": 77, "option": 140, "order": 3}}, {"pk": 144, "model": "survey_browser.scalequestionandoption", "fields": {"question": 77, "option": 141, "order": 4}}, {"pk": 145, "model": "survey_browser.scalequestionandoption", "fields": {"question": 77, "option": 142, "order": 5}}, {"pk": 146, "model": "survey_browser.scalequestionandoption", "fields": {"question": 78, "option": 138, "order": 1}}, {"pk": 147, "model": "survey_browser.scalequestionandoption", "fields": {"question": 78, "option": 139, "order": 2}}, {"pk": 148, "model": "survey_browser.scalequestionandoption", "fields": {"question": 78, "option": 140, "order": 3}}, {"pk": 149, "model": "survey_browser.scalequestionandoption", "fields": {"question": 78, "option": 141, "order": 4}}, {"pk": 150, "model": "survey_browser.scalequestionandoption", "fields": {"question": 78, "option": 142, "order": 5}}, {"pk": 151, "model": "survey_browser.scalequestionandoption", "fields": {"question": 79, "option": 138, "order": 1}}, {"pk": 152, "model": "survey_browser.scalequestionandoption", "fields": {"question": 79, "option": 139, "order": 2}}, {"pk": 153, "model": "survey_browser.scalequestionandoption", "fields": {"question": 79, "option": 140, "order": 3}}, {"pk": 154, "model": "survey_browser.scalequestionandoption", "fields": {"question": 79, "option": 141, "order": 4}}, {"pk": 155, "model": "survey_browser.scalequestionandoption", "fields": {"question": 79, "option": 142, "order": 5}}, {"pk": 156, "model": "survey_browser.scalequestionandoption", "fields": {"question": 80, "option": 138, "order": 1}}, {"pk": 157, "model": "survey_browser.scalequestionandoption", "fields": {"question": 80, "option": 139, "order": 2}}, {"pk": 158, "model": "survey_browser.scalequestionandoption", "fields": {"question": 80, "option": 140, "order": 3}}, {"pk": 159, "model": "survey_browser.scalequestionandoption", "fields": {"question": 80, "option": 141, "order": 4}}, {"pk": 160, "model": "survey_browser.scalequestionandoption", "fields": {"question": 80, "option": 142, "order": 5}}, {"pk": 161, "model": "survey_browser.scalequestionandoption", "fields": {"question": 81, "option": 138, "order": 1}}, {"pk": 162, "model": "survey_browser.scalequestionandoption", "fields": {"question": 81, "option": 139, "order": 2}}, {"pk": 163, "model": "survey_browser.scalequestionandoption", "fields": {"question": 81, "option": 140, "order": 3}}, {"pk": 164, "model": "survey_browser.scalequestionandoption", "fields": {"question": 81, "option": 141, "order": 4}}, {"pk": 165, "model": "survey_browser.scalequestionandoption", "fields": {"question": 81, "option": 142, "order": 5}}, {"pk": 166, "model": "survey_browser.scalequestionandoption", "fields": {"question": 82, "option": 138, "order": 1}}, {"pk": 167, "model": "survey_browser.scalequestionandoption", "fields": {"question": 82, "option": 139, "order": 2}}, {"pk": 168, "model": "survey_browser.scalequestionandoption", "fields": {"question": 82, "option": 140, "order": 3}}, {"pk": 169, "model": "survey_browser.scalequestionandoption", "fields": {"question": 82, "option": 141, "order": 4}}, {"pk": 170, "model": "survey_browser.scalequestionandoption", "fields": {"question": 82, "option": 142, "order": 5}}, {"pk": 171, "model": "survey_browser.scalequestionandoption", "fields": {"question": 83, "option": 143, "order": 1}}, {"pk": 172, "model": "survey_browser.scalequestionandoption", "fields": {"question": 83, "option": 144, "order": 2}}, {"pk": 173, "model": "survey_browser.scalequestionandoption", "fields": {"question": 83, "option": 145, "order": 3}}, {"pk": 174, "model": "survey_browser.scalequestionandoption", "fields": {"question": 83, "option": 146, "order": 4}}, {"pk": 175, "model": "survey_browser.scalequestionandoption", "fields": {"question": 83, "option": 147, "order": 5}}, {"pk": 176, "model": "survey_browser.scalequestionandoption", "fields": {"question": 84, "option": 143, "order": 1}}, {"pk": 177, "model": "survey_browser.scalequestionandoption", "fields": {"question": 84, "option": 144, "order": 2}}, {"pk": 178, "model": "survey_browser.scalequestionandoption", "fields": {"question": 84, "option": 145, "order": 3}}, {"pk": 179, "model": "survey_browser.scalequestionandoption", "fields": {"question": 84, "option": 146, "order": 4}}, {"pk": 180, "model": "survey_browser.scalequestionandoption", "fields": {"question": 84, "option": 147, "order": 5}}, {"pk": 181, "model": "survey_browser.scalequestionandoption", "fields": {"question": 85, "option": 143, "order": 1}}, {"pk": 182, "model": "survey_browser.scalequestionandoption", "fields": {"question": 85, "option": 144, "order": 2}}, {"pk": 183, "model": "survey_browser.scalequestionandoption", "fields": {"question": 85, "option": 145, "order": 3}}, {"pk": 184, "model": "survey_browser.scalequestionandoption", "fields": {"question": 85, "option": 146, "order": 4}}, {"pk": 185, "model": "survey_browser.scalequestionandoption", "fields": {"question": 85, "option": 147, "order": 5}}, {"pk": 186, "model": "survey_browser.scalequestionandoption", "fields": {"question": 86, "option": 143, "order": 1}}, {"pk": 187, "model": "survey_browser.scalequestionandoption", "fields": {"question": 86, "option": 144, "order": 2}}, {"pk": 188, "model": "survey_browser.scalequestionandoption", "fields": {"question": 86, "option": 145, "order": 3}}, {"pk": 189, "model": "survey_browser.scalequestionandoption", "fields": {"question": 86, "option": 146, "order": 4}}, {"pk": 190, "model": "survey_browser.scalequestionandoption", "fields": {"question": 86, "option": 147, "order": 5}}, {"pk": 191, "model": "survey_browser.scalequestionandoption", "fields": {"question": 87, "option": 143, "order": 1}}, {"pk": 192, "model": "survey_browser.scalequestionandoption", "fields": {"question": 87, "option": 144, "order": 2}}, {"pk": 193, "model": "survey_browser.scalequestionandoption", "fields": {"question": 87, "option": 145, "order": 3}}, {"pk": 194, "model": "survey_browser.scalequestionandoption", "fields": {"question": 87, "option": 146, "order": 4}}, {"pk": 195, "model": "survey_browser.scalequestionandoption", "fields": {"question": 87, "option": 147, "order": 5}}, {"pk": 196, "model": "survey_browser.scalequestionandoption", "fields": {"question": 88, "option": 143, "order": 1}}, {"pk": 197, "model": "survey_browser.scalequestionandoption", "fields": {"question": 88, "option": 144, "order": 2}}, {"pk": 198, "model": "survey_browser.scalequestionandoption", "fields": {"question": 88, "option": 145, "order": 3}}, {"pk": 199, "model": "survey_browser.scalequestionandoption", "fields": {"question": 88, "option": 146, "order": 4}}, {"pk": 200, "model": "survey_browser.scalequestionandoption", "fields": {"question": 88, "option": 147, "order": 5}}, {"pk": 201, "model": "survey_browser.scalequestionandoption", "fields": {"question": 89, "option": 143, "order": 1}}, {"pk": 202, "model": "survey_browser.scalequestionandoption", "fields": {"question": 89, "option": 144, "order": 2}}, {"pk": 203, "model": "survey_browser.scalequestionandoption", "fields": {"question": 89, "option": 145, "order": 3}}, {"pk": 204, "model": "survey_browser.scalequestionandoption", "fields": {"question": 89, "option": 146, "order": 4}}, {"pk": 205, "model": "survey_browser.scalequestionandoption", "fields": {"question": 89, "option": 147, "order": 5}}, {"pk": 206, "model": "survey_browser.scalequestionandoption", "fields": {"question": 90, "option": 143, "order": 1}}, {"pk": 207, "model": "survey_browser.scalequestionandoption", "fields": {"question": 90, "option": 144, "order": 2}}, {"pk": 208, "model": "survey_browser.scalequestionandoption", "fields": {"question": 90, "option": 145, "order": 3}}, {"pk": 209, "model": "survey_browser.scalequestionandoption", "fields": {"question": 90, "option": 146, "order": 4}}, {"pk": 210, "model": "survey_browser.scalequestionandoption", "fields": {"question": 90, "option": 147, "order": 5}}, {"pk": 211, "model": "survey_browser.scalequestionandoption", "fields": {"question": 91, "option": 143, "order": 1}}, {"pk": 212, "model": "survey_browser.scalequestionandoption", "fields": {"question": 91, "option": 144, "order": 2}}, {"pk": 213, "model": "survey_browser.scalequestionandoption", "fields": {"question": 91, "option": 145, "order": 3}}, {"pk": 214, "model": "survey_browser.scalequestionandoption", "fields": {"question": 91, "option": 146, "order": 4}}, {"pk": 215, "model": "survey_browser.scalequestionandoption", "fields": {"question": 91, "option": 147, "order": 5}}, {"pk": 216, "model": "survey_browser.scalequestionandoption", "fields": {"question": 92, "option": 143, "order": 1}}, {"pk": 217, "model": "survey_browser.scalequestionandoption", "fields": {"question": 92, "option": 144, "order": 2}}, {"pk": 218, "model": "survey_browser.scalequestionandoption", "fields": {"question": 92, "option": 145, "order": 3}}, {"pk": 219, "model": "survey_browser.scalequestionandoption", "fields": {"question": 92, "option": 146, "order": 4}}, {"pk": 220, "model": "survey_browser.scalequestionandoption", "fields": {"question": 92, "option": 147, "order": 5}}, {"pk": 221, "model": "survey_browser.scalequestionandoption", "fields": {"question": 93, "option": 143, "order": 1}}, {"pk": 222, "model": "survey_browser.scalequestionandoption", "fields": {"question": 93, "option": 144, "order": 2}}, {"pk": 223, "model": "survey_browser.scalequestionandoption", "fields": {"question": 93, "option": 145, "order": 3}}, {"pk": 224, "model": "survey_browser.scalequestionandoption", "fields": {"question": 93, "option": 146, "order": 4}}, {"pk": 225, "model": "survey_browser.scalequestionandoption", "fields": {"question": 93, "option": 147, "order": 5}}, {"pk": 226, "model": "survey_browser.scalequestionandoption", "fields": {"question": 94, "option": 143, "order": 1}}, {"pk": 227, "model": "survey_browser.scalequestionandoption", "fields": {"question": 94, "option": 144, "order": 2}}, {"pk": 228, "model": "survey_browser.scalequestionandoption", "fields": {"question": 94, "option": 145, "order": 3}}, {"pk": 229, "model": "survey_browser.scalequestionandoption", "fields": {"question": 94, "option": 146, "order": 4}}, {"pk": 230, "model": "survey_browser.scalequestionandoption", "fields": {"question": 94, "option": 147, "order": 5}}, {"pk": 231, "model": "survey_browser.scalequestionandoption", "fields": {"question": 95, "option": 148, "order": 1}}, {"pk": 232, "model": "survey_browser.scalequestionandoption", "fields": {"question": 95, "option": 149, "order": 2}}, {"pk": 233, "model": "survey_browser.scalequestionandoption", "fields": {"question": 95, "option": 150, "order": 3}}, {"pk": 234, "model": "survey_browser.scalequestionandoption", "fields": {"question": 95, "option": 151, "order": 4}}, {"pk": 235, "model": "survey_browser.scalequestionandoption", "fields": {"question": 95, "option": 152, "order": 5}}, {"pk": 236, "model": "survey_browser.scalequestionandoption", "fields": {"question": 96, "option": 148, "order": 1}}, {"pk": 237, "model": "survey_browser.scalequestionandoption", "fields": {"question": 96, "option": 149, "order": 2}}, {"pk": 238, "model": "survey_browser.scalequestionandoption", "fields": {"question": 96, "option": 150, "order": 3}}, {"pk": 239, "model": "survey_browser.scalequestionandoption", "fields": {"question": 96, "option": 151, "order": 4}}, {"pk": 240, "model": "survey_browser.scalequestionandoption", "fields": {"question": 96, "option": 152, "order": 5}}, {"pk": 241, "model": "survey_browser.scalequestionandoption", "fields": {"question": 97, "option": 148, "order": 1}}, {"pk": 242, "model": "survey_browser.scalequestionandoption", "fields": {"question": 97, "option": 149, "order": 2}}, {"pk": 243, "model": "survey_browser.scalequestionandoption", "fields": {"question": 97, "option": 150, "order": 3}}, {"pk": 244, "model": "survey_browser.scalequestionandoption", "fields": {"question": 97, "option": 151, "order": 4}}, {"pk": 245, "model": "survey_browser.scalequestionandoption", "fields": {"question": 97, "option": 152, "order": 5}}, {"pk": 246, "model": "survey_browser.scalequestionandoption", "fields": {"question": 98, "option": 148, "order": 1}}, {"pk": 247, "model": "survey_browser.scalequestionandoption", "fields": {"question": 98, "option": 149, "order": 2}}, {"pk": 248, "model": "survey_browser.scalequestionandoption", "fields": {"question": 98, "option": 150, "order": 3}}, {"pk": 249, "model": "survey_browser.scalequestionandoption", "fields": {"question": 98, "option": 151, "order": 4}}, {"pk": 250, "model": "survey_browser.scalequestionandoption", "fields": {"question": 98, "option": 152, "order": 5}}, {"pk": 251, "model": "survey_browser.scalequestionandoption", "fields": {"question": 99, "option": 148, "order": 1}}, {"pk": 252, "model": "survey_browser.scalequestionandoption", "fields": {"question": 99, "option": 149, "order": 2}}, {"pk": 253, "model": "survey_browser.scalequestionandoption", "fields": {"question": 99, "option": 150, "order": 3}}, {"pk": 254, "model": "survey_browser.scalequestionandoption", "fields": {"question": 99, "option": 151, "order": 4}}, {"pk": 255, "model": "survey_browser.scalequestionandoption", "fields": {"question": 99, "option": 152, "order": 5}}, {"pk": 256, "model": "survey_browser.scalequestionandoption", "fields": {"question": 100, "option": 148, "order": 1}}, {"pk": 257, "model": "survey_browser.scalequestionandoption", "fields": {"question": 100, "option": 149, "order": 2}}, {"pk": 258, "model": "survey_browser.scalequestionandoption", "fields": {"question": 100, "option": 150, "order": 3}}, {"pk": 259, "model": "survey_browser.scalequestionandoption", "fields": {"question": 100, "option": 151, "order": 4}}, {"pk": 260, "model": "survey_browser.scalequestionandoption", "fields": {"question": 100, "option": 152, "order": 5}}, {"pk": 261, "model": "survey_browser.scalequestionandoption", "fields": {"question": 101, "option": 148, "order": 1}}, {"pk": 262, "model": "survey_browser.scalequestionandoption", "fields": {"question": 101, "option": 149, "order": 2}}, {"pk": 263, "model": "survey_browser.scalequestionandoption", "fields": {"question": 101, "option": 150, "order": 3}}, {"pk": 264, "model": "survey_browser.scalequestionandoption", "fields": {"question": 101, "option": 151, "order": 4}}, {"pk": 265, "model": "survey_browser.scalequestionandoption", "fields": {"question": 101, "option": 152, "order": 5}}, {"pk": 266, "model": "survey_browser.scalequestionandoption", "fields": {"question": 102, "option": 148, "order": 1}}, {"pk": 267, "model": "survey_browser.scalequestionandoption", "fields": {"question": 102, "option": 149, "order": 2}}, {"pk": 268, "model": "survey_browser.scalequestionandoption", "fields": {"question": 102, "option": 150, "order": 3}}, {"pk": 269, "model": "survey_browser.scalequestionandoption", "fields": {"question": 102, "option": 151, "order": 4}}, {"pk": 270, "model": "survey_browser.scalequestionandoption", "fields": {"question": 102, "option": 152, "order": 5}}, {"pk": 271, "model": "survey_browser.scalequestionandoption", "fields": {"question": 103, "option": 153, "order": 1}}, {"pk": 272, "model": "survey_browser.scalequestionandoption", "fields": {"question": 103, "option": 154, "order": 2}}, {"pk": 273, "model": "survey_browser.scalequestionandoption", "fields": {"question": 103, "option": 155, "order": 3}}, {"pk": 274, "model": "survey_browser.scalequestionandoption", "fields": {"question": 103, "option": 156, "order": 4}}, {"pk": 275, "model": "survey_browser.scalequestionandoption", "fields": {"question": 103, "option": 157, "order": 5}}, {"pk": 276, "model": "survey_browser.scalequestionandoption", "fields": {"question": 104, "option": 158, "order": 1}}, {"pk": 277, "model": "survey_browser.scalequestionandoption", "fields": {"question": 104, "option": 159, "order": 2}}, {"pk": 278, "model": "survey_browser.scalequestionandoption", "fields": {"question": 104, "option": 160, "order": 3}}, {"pk": 279, "model": "survey_browser.scalequestionandoption", "fields": {"question": 104, "option": 161, "order": 4}}, {"pk": 280, "model": "survey_browser.scalequestionandoption", "fields": {"question": 104, "option": 162, "order": 5}}, {"pk": 281, "model": "survey_browser.scalequestionandoption", "fields": {"question": 105, "option": 163, "order": 1}}, {"pk": 282, "model": "survey_browser.scalequestionandoption", "fields": {"question": 105, "option": 164, "order": 2}}, {"pk": 283, "model": "survey_browser.scalequestionandoption", "fields": {"question": 105, "option": 165, "order": 3}}, {"pk": 284, "model": "survey_browser.scalequestionandoption", "fields": {"question": 105, "option": 166, "order": 4}}, {"pk": 285, "model": "survey_browser.scalequestionandoption", "fields": {"question": 105, "option": 167, "order": 5}}, {"pk": 286, "model": "survey_browser.scalequestionandoption", "fields": {"question": 106, "option": 163, "order": 1}}, {"pk": 287, "model": "survey_browser.scalequestionandoption", "fields": {"question": 106, "option": 164, "order": 2}}, {"pk": 288, "model": "survey_browser.scalequestionandoption", "fields": {"question": 106, "option": 165, "order": 3}}, {"pk": 289, "model": "survey_browser.scalequestionandoption", "fields": {"question": 106, "option": 166, "order": 4}}, {"pk": 290, "model": "survey_browser.scalequestionandoption", "fields": {"question": 106, "option": 167, "order": 5}}, {"pk": 291, "model": "survey_browser.scalequestionandoption", "fields": {"question": 107, "option": 163, "order": 1}}, {"pk": 292, "model": "survey_browser.scalequestionandoption", "fields": {"question": 107, "option": 164, "order": 2}}, {"pk": 293, "model": "survey_browser.scalequestionandoption", "fields": {"question": 107, "option": 165, "order": 3}}, {"pk": 294, "model": "survey_browser.scalequestionandoption", "fields": {"question": 107, "option": 166, "order": 4}}, {"pk": 295, "model": "survey_browser.scalequestionandoption", "fields": {"question": 107, "option": 167, "order": 5}}, {"pk": 296, "model": "survey_browser.scalequestionandoption", "fields": {"question": 108, "option": 163, "order": 1}}, {"pk": 297, "model": "survey_browser.scalequestionandoption", "fields": {"question": 108, "option": 164, "order": 2}}, {"pk": 298, "model": "survey_browser.scalequestionandoption", "fields": {"question": 108, "option": 165, "order": 3}}, {"pk": 299, "model": "survey_browser.scalequestionandoption", "fields": {"question": 108, "option": 166, "order": 4}}, {"pk": 300, "model": "survey_browser.scalequestionandoption", "fields": {"question": 108, "option": 167, "order": 5}}, {"pk": 301, "model": "survey_browser.scalequestionandoption", "fields": {"question": 109, "option": 168, "order": 1}}, {"pk": 302, "model": "survey_browser.scalequestionandoption", "fields": {"question": 109, "option": 169, "order": 2}}, {"pk": 303, "model": "survey_browser.scalequestionandoption", "fields": {"question": 109, "option": 170, "order": 3}}, {"pk": 304, "model": "survey_browser.scalequestionandoption", "fields": {"question": 109, "option": 171, "order": 4}}, {"pk": 305, "model": "survey_browser.scalequestionandoption", "fields": {"question": 109, "option": 172, "order": 5}}, {"pk": 306, "model": "survey_browser.scalequestionandoption", "fields": {"question": 110, "option": 168, "order": 1}}, {"pk": 307, "model": "survey_browser.scalequestionandoption", "fields": {"question": 110, "option": 169, "order": 2}}, {"pk": 308, "model": "survey_browser.scalequestionandoption", "fields": {"question": 110, "option": 170, "order": 3}}, {"pk": 309, "model": "survey_browser.scalequestionandoption", "fields": {"question": 110, "option": 171, "order": 4}}, {"pk": 310, "model": "survey_browser.scalequestionandoption", "fields": {"question": 110, "option": 172, "order": 5}}, {"pk": 311, "model": "survey_browser.scalequestionandoption", "fields": {"question": 111, "option": 168, "order": 1}}, {"pk": 312, "model": "survey_browser.scalequestionandoption", "fields": {"question": 111, "option": 169, "order": 2}}, {"pk": 313, "model": "survey_browser.scalequestionandoption", "fields": {"question": 111, "option": 170, "order": 3}}, {"pk": 314, "model": "survey_browser.scalequestionandoption", "fields": {"question": 111, "option": 171, "order": 4}}, {"pk": 315, "model": "survey_browser.scalequestionandoption", "fields": {"question": 111, "option": 172, "order": 5}}, {"pk": 316, "model": "survey_browser.scalequestionandoption", "fields": {"question": 112, "option": 183, "order": 1}}, {"pk": 317, "model": "survey_browser.scalequestionandoption", "fields": {"question": 112, "option": 184, "order": 2}}, {"pk": 318, "model": "survey_browser.scalequestionandoption", "fields": {"question": 112, "option": 185, "order": 3}}, {"pk": 319, "model": "survey_browser.scalequestionandoption", "fields": {"question": 112, "option": 186, "order": 4}}, {"pk": 320, "model": "survey_browser.scalequestionandoption", "fields": {"question": 112, "option": 187, "order": 5}}, {"pk": 321, "model": "survey_browser.scalequestionandoption", "fields": {"question": 113, "option": 183, "order": 1}}, {"pk": 322, "model": "survey_browser.scalequestionandoption", "fields": {"question": 113, "option": 184, "order": 2}}, {"pk": 323, "model": "survey_browser.scalequestionandoption", "fields": {"question": 113, "option": 185, "order": 3}}, {"pk": 324, "model": "survey_browser.scalequestionandoption", "fields": {"question": 113, "option": 186, "order": 4}}, {"pk": 325, "model": "survey_browser.scalequestionandoption", "fields": {"question": 113, "option": 187, "order": 5}}, {"pk": 326, "model": "survey_browser.scalequestionandoption", "fields": {"question": 114, "option": 183, "order": 1}}, {"pk": 327, "model": "survey_browser.scalequestionandoption", "fields": {"question": 114, "option": 184, "order": 2}}, {"pk": 328, "model": "survey_browser.scalequestionandoption", "fields": {"question": 114, "option": 185, "order": 3}}, {"pk": 329, "model": "survey_browser.scalequestionandoption", "fields": {"question": 114, "option": 186, "order": 4}}, {"pk": 330, "model": "survey_browser.scalequestionandoption", "fields": {"question": 114, "option": 187, "order": 5}}, {"pk": 331, "model": "survey_browser.scalequestionandoption", "fields": {"question": 115, "option": 183, "order": 1}}, {"pk": 332, "model": "survey_browser.scalequestionandoption", "fields": {"question": 115, "option": 184, "order": 2}}, {"pk": 333, "model": "survey_browser.scalequestionandoption", "fields": {"question": 115, "option": 185, "order": 3}}, {"pk": 334, "model": "survey_browser.scalequestionandoption", "fields": {"question": 115, "option": 186, "order": 4}}, {"pk": 335, "model": "survey_browser.scalequestionandoption", "fields": {"question": 115, "option": 187, "order": 5}}, {"pk": 336, "model": "survey_browser.scalequestionandoption", "fields": {"question": 116, "option": 183, "order": 1}}, {"pk": 337, "model": "survey_browser.scalequestionandoption", "fields": {"question": 116, "option": 184, "order": 2}}, {"pk": 338, "model": "survey_browser.scalequestionandoption", "fields": {"question": 116, "option": 185, "order": 3}}, {"pk": 339, "model": "survey_browser.scalequestionandoption", "fields": {"question": 116, "option": 186, "order": 4}}, {"pk": 340, "model": "survey_browser.scalequestionandoption", "fields": {"question": 116, "option": 187, "order": 5}}, {"pk": 341, "model": "survey_browser.scalequestionandoption", "fields": {"question": 117, "option": 153, "order": 1}}, {"pk": 342, "model": "survey_browser.scalequestionandoption", "fields": {"question": 117, "option": 154, "order": 2}}, {"pk": 343, "model": "survey_browser.scalequestionandoption", "fields": {"question": 117, "option": 155, "order": 3}}, {"pk": 344, "model": "survey_browser.scalequestionandoption", "fields": {"question": 117, "option": 156, "order": 4}}, {"pk": 345, "model": "survey_browser.scalequestionandoption", "fields": {"question": 117, "option": 157, "order": 5}}, {"pk": 346, "model": "survey_browser.scalequestionandoption", "fields": {"question": 118, "option": 158, "order": 1}}, {"pk": 347, "model": "survey_browser.scalequestionandoption", "fields": {"question": 118, "option": 159, "order": 2}}, {"pk": 348, "model": "survey_browser.scalequestionandoption", "fields": {"question": 118, "option": 160, "order": 3}}, {"pk": 349, "model": "survey_browser.scalequestionandoption", "fields": {"question": 118, "option": 161, "order": 4}}, {"pk": 350, "model": "survey_browser.scalequestionandoption", "fields": {"question": 118, "option": 162, "order": 5}}, {"pk": 351, "model": "survey_browser.scalequestionandoption", "fields": {"question": 119, "option": 158, "order": 1}}, {"pk": 352, "model": "survey_browser.scalequestionandoption", "fields": {"question": 119, "option": 159, "order": 2}}, {"pk": 353, "model": "survey_browser.scalequestionandoption", "fields": {"question": 119, "option": 160, "order": 3}}, {"pk": 354, "model": "survey_browser.scalequestionandoption", "fields": {"question": 119, "option": 161, "order": 4}}, {"pk": 355, "model": "survey_browser.scalequestionandoption", "fields": {"question": 119, "option": 162, "order": 5}}, {"pk": 356, "model": "survey_browser.scalequestionandoption", "fields": {"question": 120, "option": 158, "order": 1}}, {"pk": 357, "model": "survey_browser.scalequestionandoption", "fields": {"question": 120, "option": 159, "order": 2}}, {"pk": 358, "model": "survey_browser.scalequestionandoption", "fields": {"question": 120, "option": 160, "order": 3}}, {"pk": 359, "model": "survey_browser.scalequestionandoption", "fields": {"question": 120, "option": 161, "order": 4}}, {"pk": 360, "model": "survey_browser.scalequestionandoption", "fields": {"question": 120, "option": 162, "order": 5}}, {"pk": 361, "model": "survey_browser.scalequestionandoption", "fields": {"question": 121, "option": 158, "order": 1}}, {"pk": 362, "model": "survey_browser.scalequestionandoption", "fields": {"question": 121, "option": 159, "order": 2}}, {"pk": 363, "model": "survey_browser.scalequestionandoption", "fields": {"question": 121, "option": 160, "order": 3}}, {"pk": 364, "model": "survey_browser.scalequestionandoption", "fields": {"question": 121, "option": 161, "order": 4}}, {"pk": 365, "model": "survey_browser.scalequestionandoption", "fields": {"question": 121, "option": 162, "order": 5}}, {"pk": 366, "model": "survey_browser.scalequestionandoption", "fields": {"question": 122, "option": 158, "order": 1}}, {"pk": 367, "model": "survey_browser.scalequestionandoption", "fields": {"question": 122, "option": 159, "order": 2}}, {"pk": 368, "model": "survey_browser.scalequestionandoption", "fields": {"question": 122, "option": 160, "order": 3}}, {"pk": 369, "model": "survey_browser.scalequestionandoption", "fields": {"question": 122, "option": 161, "order": 4}}, {"pk": 370, "model": "survey_browser.scalequestionandoption", "fields": {"question": 122, "option": 162, "order": 5}}, {"pk": 371, "model": "survey_browser.scalequestionandoption", "fields": {"question": 123, "option": 158, "order": 1}}, {"pk": 372, "model": "survey_browser.scalequestionandoption", "fields": {"question": 123, "option": 159, "order": 2}}, {"pk": 373, "model": "survey_browser.scalequestionandoption", "fields": {"question": 123, "option": 160, "order": 3}}, {"pk": 374, "model": "survey_browser.scalequestionandoption", "fields": {"question": 123, "option": 161, "order": 4}}, {"pk": 375, "model": "survey_browser.scalequestionandoption", "fields": {"question": 123, "option": 162, "order": 5}}, {"pk": 376, "model": "survey_browser.scalequestionandoption", "fields": {"question": 124, "option": 158, "order": 1}}, {"pk": 377, "model": "survey_browser.scalequestionandoption", "fields": {"question": 124, "option": 159, "order": 2}}, {"pk": 378, "model": "survey_browser.scalequestionandoption", "fields": {"question": 124, "option": 160, "order": 3}}, {"pk": 379, "model": "survey_browser.scalequestionandoption", "fields": {"question": 124, "option": 161, "order": 4}}, {"pk": 380, "model": "survey_browser.scalequestionandoption", "fields": {"question": 124, "option": 162, "order": 5}}, {"pk": 381, "model": "survey_browser.scalequestionandoption", "fields": {"question": 125, "option": 158, "order": 1}}, {"pk": 382, "model": "survey_browser.scalequestionandoption", "fields": {"question": 125, "option": 159, "order": 2}}, {"pk": 383, "model": "survey_browser.scalequestionandoption", "fields": {"question": 125, "option": 160, "order": 3}}, {"pk": 384, "model": "survey_browser.scalequestionandoption", "fields": {"question": 125, "option": 161, "order": 4}}, {"pk": 385, "model": "survey_browser.scalequestionandoption", "fields": {"question": 125, "option": 162, "order": 5}}, {"pk": 386, "model": "survey_browser.scalequestionandoption", "fields": {"question": 126, "option": 158, "order": 1}}, {"pk": 387, "model": "survey_browser.scalequestionandoption", "fields": {"question": 126, "option": 159, "order": 2}}, {"pk": 388, "model": "survey_browser.scalequestionandoption", "fields": {"question": 126, "option": 160, "order": 3}}, {"pk": 389, "model": "survey_browser.scalequestionandoption", "fields": {"question": 126, "option": 161, "order": 4}}, {"pk": 390, "model": "survey_browser.scalequestionandoption", "fields": {"question": 126, "option": 162, "order": 5}}, {"pk": 391, "model": "survey_browser.scalequestionandoption", "fields": {"question": 127, "option": 158, "order": 1}}, {"pk": 392, "model": "survey_browser.scalequestionandoption", "fields": {"question": 127, "option": 159, "order": 2}}, {"pk": 393, "model": "survey_browser.scalequestionandoption", "fields": {"question": 127, "option": 160, "order": 3}}, {"pk": 394, "model": "survey_browser.scalequestionandoption", "fields": {"question": 127, "option": 161, "order": 4}}, {"pk": 395, "model": "survey_browser.scalequestionandoption", "fields": {"question": 127, "option": 162, "order": 5}}, {"pk": 396, "model": "survey_browser.scalequestionandoption", "fields": {"question": 128, "option": 173, "order": 1}}, {"pk": 397, "model": "survey_browser.scalequestionandoption", "fields": {"question": 128, "option": 174, "order": 2}}, {"pk": 398, "model": "survey_browser.scalequestionandoption", "fields": {"question": 128, "option": 175, "order": 3}}, {"pk": 399, "model": "survey_browser.scalequestionandoption", "fields": {"question": 128, "option": 176, "order": 4}}, {"pk": 400, "model": "survey_browser.scalequestionandoption", "fields": {"question": 128, "option": 177, "order": 5}}, {"pk": 401, "model": "survey_browser.scalequestionandoption", "fields": {"question": 129, "option": 163, "order": 1}}, {"pk": 402, "model": "survey_browser.scalequestionandoption", "fields": {"question": 129, "option": 164, "order": 2}}, {"pk": 403, "model": "survey_browser.scalequestionandoption", "fields": {"question": 129, "option": 165, "order": 3}}, {"pk": 404, "model": "survey_browser.scalequestionandoption", "fields": {"question": 129, "option": 166, "order": 4}}, {"pk": 405, "model": "survey_browser.scalequestionandoption", "fields": {"question": 129, "option": 167, "order": 5}}, {"pk": 406, "model": "survey_browser.scalequestionandoption", "fields": {"question": 130, "option": 163, "order": 1}}, {"pk": 407, "model": "survey_browser.scalequestionandoption", "fields": {"question": 130, "option": 164, "order": 2}}, {"pk": 408, "model": "survey_browser.scalequestionandoption", "fields": {"question": 130, "option": 165, "order": 3}}, {"pk": 409, "model": "survey_browser.scalequestionandoption", "fields": {"question": 130, "option": 166, "order": 4}}, {"pk": 410, "model": "survey_browser.scalequestionandoption", "fields": {"question": 130, "option": 167, "order": 5}}, {"pk": 411, "model": "survey_browser.scalequestionandoption", "fields": {"question": 131, "option": 163, "order": 1}}, {"pk": 412, "model": "survey_browser.scalequestionandoption", "fields": {"question": 131, "option": 164, "order": 2}}, {"pk": 413, "model": "survey_browser.scalequestionandoption", "fields": {"question": 131, "option": 165, "order": 3}}, {"pk": 414, "model": "survey_browser.scalequestionandoption", "fields": {"question": 131, "option": 166, "order": 4}}, {"pk": 415, "model": "survey_browser.scalequestionandoption", "fields": {"question": 131, "option": 167, "order": 5}}, {"pk": 416, "model": "survey_browser.scalequestionandoption", "fields": {"question": 132, "option": 178, "order": 1}}, {"pk": 417, "model": "survey_browser.scalequestionandoption", "fields": {"question": 132, "option": 179, "order": 2}}, {"pk": 418, "model": "survey_browser.scalequestionandoption", "fields": {"question": 132, "option": 180, "order": 3}}, {"pk": 419, "model": "survey_browser.scalequestionandoption", "fields": {"question": 132, "option": 181, "order": 4}}, {"pk": 420, "model": "survey_browser.scalequestionandoption", "fields": {"question": 132, "option": 182, "order": 5}}, {"pk": 421, "model": "survey_browser.scalequestionandoption", "fields": {"question": 133, "option": 178, "order": 1}}, {"pk": 422, "model": "survey_browser.scalequestionandoption", "fields": {"question": 133, "option": 179, "order": 2}}, {"pk": 423, "model": "survey_browser.scalequestionandoption", "fields": {"question": 133, "option": 180, "order": 3}}, {"pk": 424, "model": "survey_browser.scalequestionandoption", "fields": {"question": 133, "option": 181, "order": 4}}, {"pk": 425, "model": "survey_browser.scalequestionandoption", "fields": {"question": 133, "option": 182, "order": 5}}, {"pk": 426, "model": "survey_browser.scalequestionandoption", "fields": {"question": 134, "option": 183, "order": 1}}, {"pk": 427, "model": "survey_browser.scalequestionandoption", "fields": {"question": 134, "option": 184, "order": 2}}, {"pk": 428, "model": "survey_browser.scalequestionandoption", "fields": {"question": 134, "option": 185, "order": 3}}, {"pk": 429, "model": "survey_browser.scalequestionandoption", "fields": {"question": 134, "option": 186, "order": 4}}, {"pk": 430, "model": "survey_browser.scalequestionandoption", "fields": {"question": 134, "option": 187, "order": 5}}, {"pk": 431, "model": "survey_browser.scalequestionandoption", "fields": {"question": 135, "option": 183, "order": 1}}, {"pk": 432, "model": "survey_browser.scalequestionandoption", "fields": {"question": 135, "option": 184, "order": 2}}, {"pk": 433, "model": "survey_browser.scalequestionandoption", "fields": {"question": 135, "option": 185, "order": 3}}, {"pk": 434, "model": "survey_browser.scalequestionandoption", "fields": {"question": 135, "option": 186, "order": 4}}, {"pk": 435, "model": "survey_browser.scalequestionandoption", "fields": {"question": 135, "option": 187, "order": 5}}, {"pk": 436, "model": "survey_browser.scalequestionandoption", "fields": {"question": 136, "option": 153, "order": 1}}, {"pk": 437, "model": "survey_browser.scalequestionandoption", "fields": {"question": 136, "option": 154, "order": 2}}, {"pk": 438, "model": "survey_browser.scalequestionandoption", "fields": {"question": 136, "option": 155, "order": 3}}, {"pk": 439, "model": "survey_browser.scalequestionandoption", "fields": {"question": 136, "option": 156, "order": 4}}, {"pk": 440, "model": "survey_browser.scalequestionandoption", "fields": {"question": 136, "option": 157, "order": 5}}, {"pk": 441, "model": "survey_browser.scalequestionandoption", "fields": {"question": 137, "option": 188, "order": null}}, {"pk": 442, "model": "survey_browser.scalequestionandoption", "fields": {"question": 137, "option": 189, "order": 1}}, {"pk": 443, "model": "survey_browser.scalequestionandoption", "fields": {"question": 137, "option": 190, "order": 2}}, {"pk": 444, "model": "survey_browser.scalequestionandoption", "fields": {"question": 137, "option": 191, "order": 3}}, {"pk": 445, "model": "survey_browser.scalequestionandoption", "fields": {"question": 137, "option": 192, "order": 4}}, {"pk": 446, "model": "survey_browser.scalequestionandoption", "fields": {"question": 137, "option": 193, "order": 5}}, {"pk": 447, "model": "survey_browser.scalequestionandoption", "fields": {"question": 138, "option": 188, "order": null}}, {"pk": 448, "model": "survey_browser.scalequestionandoption", "fields": {"question": 138, "option": 189, "order": 1}}, {"pk": 449, "model": "survey_browser.scalequestionandoption", "fields": {"question": 138, "option": 190, "order": 2}}, {"pk": 450, "model": "survey_browser.scalequestionandoption", "fields": {"question": 138, "option": 191, "order": 3}}, {"pk": 451, "model": "survey_browser.scalequestionandoption", "fields": {"question": 138, "option": 192, "order": 4}}, {"pk": 452, "model": "survey_browser.scalequestionandoption", "fields": {"question": 138, "option": 193, "order": 5}}, {"pk": 453, "model": "survey_browser.scalequestionandoption", "fields": {"question": 139, "option": 188, "order": null}}, {"pk": 454, "model": "survey_browser.scalequestionandoption", "fields": {"question": 139, "option": 189, "order": 1}}, {"pk": 455, "model": "survey_browser.scalequestionandoption", "fields": {"question": 139, "option": 190, "order": 2}}, {"pk": 456, "model": "survey_browser.scalequestionandoption", "fields": {"question": 139, "option": 191, "order": 3}}, {"pk": 457, "model": "survey_browser.scalequestionandoption", "fields": {"question": 139, "option": 192, "order": 4}}, {"pk": 458, "model": "survey_browser.scalequestionandoption", "fields": {"question": 139, "option": 193, "order": 5}}, {"pk": 459, "model": "survey_browser.scalequestionandoption", "fields": {"question": 140, "option": 188, "order": null}}, {"pk": 460, "model": "survey_browser.scalequestionandoption", "fields": {"question": 140, "option": 189, "order": 1}}, {"pk": 461, "model": "survey_browser.scalequestionandoption", "fields": {"question": 140, "option": 190, "order": 2}}, {"pk": 462, "model": "survey_browser.scalequestionandoption", "fields": {"question": 140, "option": 191, "order": 3}}, {"pk": 463, "model": "survey_browser.scalequestionandoption", "fields": {"question": 140, "option": 192, "order": 4}}, {"pk": 464, "model": "survey_browser.scalequestionandoption", "fields": {"question": 140, "option": 193, "order": 5}}, {"pk": 465, "model": "survey_browser.scalequestionandoption", "fields": {"question": 141, "option": 188, "order": null}}, {"pk": 466, "model": "survey_browser.scalequestionandoption", "fields": {"question": 141, "option": 189, "order": 1}}, {"pk": 467, "model": "survey_browser.scalequestionandoption", "fields": {"question": 141, "option": 190, "order": 2}}, {"pk": 468, "model": "survey_browser.scalequestionandoption", "fields": {"question": 141, "option": 191, "order": 3}}, {"pk": 469, "model": "survey_browser.scalequestionandoption", "fields": {"question": 141, "option": 192, "order": 4}}, {"pk": 470, "model": "survey_browser.scalequestionandoption", "fields": {"question": 141, "option": 193, "order": 5}}, {"pk": 471, "model": "survey_browser.scalequestionandoption", "fields": {"question": 142, "option": 188, "order": null}}, {"pk": 472, "model": "survey_browser.scalequestionandoption", "fields": {"question": 142, "option": 189, "order": 1}}, {"pk": 473, "model": "survey_browser.scalequestionandoption", "fields": {"question": 142, "option": 190, "order": 2}}, {"pk": 474, "model": "survey_browser.scalequestionandoption", "fields": {"question": 142, "option": 191, "order": 3}}, {"pk": 475, "model": "survey_browser.scalequestionandoption", "fields": {"question": 142, "option": 192, "order": 4}}, {"pk": 476, "model": "survey_browser.scalequestionandoption", "fields": {"question": 142, "option": 193, "order": 5}}, {"pk": 477, "model": "survey_browser.scalequestionandoption", "fields": {"question": 143, "option": 188, "order": null}}, {"pk": 478, "model": "survey_browser.scalequestionandoption", "fields": {"question": 143, "option": 189, "order": 1}}, {"pk": 479, "model": "survey_browser.scalequestionandoption", "fields": {"question": 143, "option": 190, "order": 2}}, {"pk": 480, "model": "survey_browser.scalequestionandoption", "fields": {"question": 143, "option": 191, "order": 3}}, {"pk": 481, "model": "survey_browser.scalequestionandoption", "fields": {"question": 143, "option": 192, "order": 4}}, {"pk": 482, "model": "survey_browser.scalequestionandoption", "fields": {"question": 143, "option": 193, "order": 5}}, {"pk": 483, "model": "survey_browser.scalequestionandoption", "fields": {"question": 144, "option": 188, "order": null}}, {"pk": 484, "model": "survey_browser.scalequestionandoption", "fields": {"question": 144, "option": 189, "order": 1}}, {"pk": 485, "model": "survey_browser.scalequestionandoption", "fields": {"question": 144, "option": 190, "order": 2}}, {"pk": 486, "model": "survey_browser.scalequestionandoption", "fields": {"question": 144, "option": 191, "order": 3}}, {"pk": 487, "model": "survey_browser.scalequestionandoption", "fields": {"question": 144, "option": 192, "order": 4}}, {"pk": 488, "model": "survey_browser.scalequestionandoption", "fields": {"question": 144, "option": 193, "order": 5}}, {"pk": 489, "model": "survey_browser.scalequestionandoption", "fields": {"question": 145, "option": 188, "order": null}}, {"pk": 490, "model": "survey_browser.scalequestionandoption", "fields": {"question": 145, "option": 189, "order": 1}}, {"pk": 491, "model": "survey_browser.scalequestionandoption", "fields": {"question": 145, "option": 190, "order": 2}}, {"pk": 492, "model": "survey_browser.scalequestionandoption", "fields": {"question": 145, "option": 191, "order": 3}}, {"pk": 493, "model": "survey_browser.scalequestionandoption", "fields": {"question": 145, "option": 192, "order": 4}}, {"pk": 494, "model": "survey_browser.scalequestionandoption", "fields": {"question": 145, "option": 193, "order": 5}}, {"pk": 495, "model": "survey_browser.scalequestionandoption", "fields": {"question": 146, "option": 188, "order": null}}, {"pk": 496, "model": "survey_browser.scalequestionandoption", "fields": {"question": 146, "option": 189, "order": 1}}, {"pk": 497, "model": "survey_browser.scalequestionandoption", "fields": {"question": 146, "option": 190, "order": 2}}, {"pk": 498, "model": "survey_browser.scalequestionandoption", "fields": {"question": 146, "option": 191, "order": 3}}, {"pk": 499, "model": "survey_browser.scalequestionandoption", "fields": {"question": 146, "option": 192, "order": 4}}, {"pk": 500, "model": "survey_browser.scalequestionandoption", "fields": {"question": 146, "option": 193, "order": 5}}, {"pk": 501, "model": "survey_browser.scalequestionandoption", "fields": {"question": 147, "option": 188, "order": null}}, {"pk": 502, "model": "survey_browser.scalequestionandoption", "fields": {"question": 147, "option": 189, "order": 1}}, {"pk": 503, "model": "survey_browser.scalequestionandoption", "fields": {"question": 147, "option": 190, "order": 2}}, {"pk": 504, "model": "survey_browser.scalequestionandoption", "fields": {"question": 147, "option": 191, "order": 3}}, {"pk": 505, "model": "survey_browser.scalequestionandoption", "fields": {"question": 147, "option": 192, "order": 4}}, {"pk": 506, "model": "survey_browser.scalequestionandoption", "fields": {"question": 147, "option": 193, "order": 5}}, {"pk": 507, "model": "survey_browser.scalequestionandoption", "fields": {"question": 148, "option": 188, "order": null}}, {"pk": 508, "model": "survey_browser.scalequestionandoption", "fields": {"question": 148, "option": 189, "order": 1}}, {"pk": 509, "model": "survey_browser.scalequestionandoption", "fields": {"question": 148, "option": 190, "order": 2}}, {"pk": 510, "model": "survey_browser.scalequestionandoption", "fields": {"question": 148, "option": 191, "order": 3}}, {"pk": 511, "model": "survey_browser.scalequestionandoption", "fields": {"question": 148, "option": 192, "order": 4}}, {"pk": 512, "model": "survey_browser.scalequestionandoption", "fields": {"question": 148, "option": 193, "order": 5}}, {"pk": 513, "model": "survey_browser.scalequestionandoption", "fields": {"question": 149, "option": 188, "order": null}}, {"pk": 514, "model": "survey_browser.scalequestionandoption", "fields": {"question": 149, "option": 189, "order": 1}}, {"pk": 515, "model": "survey_browser.scalequestionandoption", "fields": {"question": 149, "option": 190, "order": 2}}, {"pk": 516, "model": "survey_browser.scalequestionandoption", "fields": {"question": 149, "option": 191, "order": 3}}, {"pk": 517, "model": "survey_browser.scalequestionandoption", "fields": {"question": 149, "option": 192, "order": 4}}, {"pk": 518, "model": "survey_browser.scalequestionandoption", "fields": {"question": 149, "option": 193, "order": 5}}, {"pk": 519, "model": "survey_browser.scalequestionandoption", "fields": {"question": 150, "option": 188, "order": null}}, {"pk": 520, "model": "survey_browser.scalequestionandoption", "fields": {"question": 150, "option": 189, "order": 1}}, {"pk": 521, "model": "survey_browser.scalequestionandoption", "fields": {"question": 150, "option": 190, "order": 2}}, {"pk": 522, "model": "survey_browser.scalequestionandoption", "fields": {"question": 150, "option": 191, "order": 3}}, {"pk": 523, "model": "survey_browser.scalequestionandoption", "fields": {"question": 150, "option": 192, "order": 4}}, {"pk": 524, "model": "survey_browser.scalequestionandoption", "fields": {"question": 150, "option": 193, "order": 5}}, {"pk": 525, "model": "survey_browser.scalequestionandoption", "fields": {"question": 151, "option": 188, "order": null}}, {"pk": 526, "model": "survey_browser.scalequestionandoption", "fields": {"question": 151, "option": 189, "order": 1}}, {"pk": 527, "model": "survey_browser.scalequestionandoption", "fields": {"question": 151, "option": 190, "order": 2}}, {"pk": 528, "model": "survey_browser.scalequestionandoption", "fields": {"question": 151, "option": 191, "order": 3}}, {"pk": 529, "model": "survey_browser.scalequestionandoption", "fields": {"question": 151, "option": 192, "order": 4}}, {"pk": 530, "model": "survey_browser.scalequestionandoption", "fields": {"question": 151, "option": 193, "order": 5}}, {"pk": 531, "model": "survey_browser.scalequestionandoption", "fields": {"question": 152, "option": 188, "order": null}}, {"pk": 532, "model": "survey_browser.scalequestionandoption", "fields": {"question": 152, "option": 189, "order": 1}}, {"pk": 533, "model": "survey_browser.scalequestionandoption", "fields": {"question": 152, "option": 190, "order": 2}}, {"pk": 534, "model": "survey_browser.scalequestionandoption", "fields": {"question": 152, "option": 191, "order": 3}}, {"pk": 535, "model": "survey_browser.scalequestionandoption", "fields": {"question": 152, "option": 192, "order": 4}}, {"pk": 536, "model": "survey_browser.scalequestionandoption", "fields": {"question": 152, "option": 193, "order": 5}}, {"pk": 537, "model": "survey_browser.scalequestionandoption", "fields": {"question": 153, "option": 188, "order": null}}, {"pk": 538, "model": "survey_browser.scalequestionandoption", "fields": {"question": 153, "option": 189, "order": 1}}, {"pk": 539, "model": "survey_browser.scalequestionandoption", "fields": {"question": 153, "option": 190, "order": 2}}, {"pk": 540, "model": "survey_browser.scalequestionandoption", "fields": {"question": 153, "option": 191, "order": 3}}, {"pk": 541, "model": "survey_browser.scalequestionandoption", "fields": {"question": 153, "option": 192, "order": 4}}, {"pk": 542, "model": "survey_browser.scalequestionandoption", "fields": {"question": 153, "option": 193, "order": 5}}, {"pk": 543, "model": "survey_browser.scalequestionandoption", "fields": {"question": 154, "option": 188, "order": null}}, {"pk": 544, "model": "survey_browser.scalequestionandoption", "fields": {"question": 154, "option": 189, "order": 1}}, {"pk": 545, "model": "survey_browser.scalequestionandoption", "fields": {"question": 154, "option": 190, "order": 2}}, {"pk": 546, "model": "survey_browser.scalequestionandoption", "fields": {"question": 154, "option": 191, "order": 3}}, {"pk": 547, "model": "survey_browser.scalequestionandoption", "fields": {"question": 154, "option": 192, "order": 4}}, {"pk": 548, "model": "survey_browser.scalequestionandoption", "fields": {"question": 154, "option": 193, "order": 5}}, {"pk": 549, "model": "survey_browser.scalequestionandoption", "fields": {"question": 155, "option": 188, "order": null}}, {"pk": 550, "model": "survey_browser.scalequestionandoption", "fields": {"question": 155, "option": 189, "order": 1}}, {"pk": 551, "model": "survey_browser.scalequestionandoption", "fields": {"question": 155, "option": 190, "order": 2}}, {"pk": 552, "model": "survey_browser.scalequestionandoption", "fields": {"question": 155, "option": 191, "order": 3}}, {"pk": 553, "model": "survey_browser.scalequestionandoption", "fields": {"question": 155, "option": 192, "order": 4}}, {"pk": 554, "model": "survey_browser.scalequestionandoption", "fields": {"question": 155, "option": 193, "order": 5}}, {"pk": 555, "model": "survey_browser.scalequestionandoption", "fields": {"question": 156, "option": 188, "order": null}}, {"pk": 556, "model": "survey_browser.scalequestionandoption", "fields": {"question": 156, "option": 189, "order": 1}}, {"pk": 557, "model": "survey_browser.scalequestionandoption", "fields": {"question": 156, "option": 190, "order": 2}}, {"pk": 558, "model": "survey_browser.scalequestionandoption", "fields": {"question": 156, "option": 191, "order": 3}}, {"pk": 559, "model": "survey_browser.scalequestionandoption", "fields": {"question": 156, "option": 192, "order": 4}}, {"pk": 560, "model": "survey_browser.scalequestionandoption", "fields": {"question": 156, "option": 193, "order": 5}}, {"pk": 561, "model": "survey_browser.scalequestionandoption", "fields": {"question": 157, "option": 188, "order": null}}, {"pk": 562, "model": "survey_browser.scalequestionandoption", "fields": {"question": 157, "option": 189, "order": 1}}, {"pk": 563, "model": "survey_browser.scalequestionandoption", "fields": {"question": 157, "option": 190, "order": 2}}, {"pk": 564, "model": "survey_browser.scalequestionandoption", "fields": {"question": 157, "option": 191, "order": 3}}, {"pk": 565, "model": "survey_browser.scalequestionandoption", "fields": {"question": 157, "option": 192, "order": 4}}, {"pk": 566, "model": "survey_browser.scalequestionandoption", "fields": {"question": 157, "option": 193, "order": 5}}, {"pk": 567, "model": "survey_browser.scalequestionandoption", "fields": {"question": 158, "option": 188, "order": null}}, {"pk": 568, "model": "survey_browser.scalequestionandoption", "fields": {"question": 158, "option": 189, "order": 1}}, {"pk": 569, "model": "survey_browser.scalequestionandoption", "fields": {"question": 158, "option": 190, "order": 2}}, {"pk": 570, "model": "survey_browser.scalequestionandoption", "fields": {"question": 158, "option": 191, "order": 3}}, {"pk": 571, "model": "survey_browser.scalequestionandoption", "fields": {"question": 158, "option": 192, "order": 4}}, {"pk": 572, "model": "survey_browser.scalequestionandoption", "fields": {"question": 158, "option": 193, "order": 5}}, {"pk": 573, "model": "survey_browser.scalequestionandoption", "fields": {"question": 159, "option": 188, "order": null}}, {"pk": 574, "model": "survey_browser.scalequestionandoption", "fields": {"question": 159, "option": 189, "order": 1}}, {"pk": 575, "model": "survey_browser.scalequestionandoption", "fields": {"question": 159, "option": 190, "order": 2}}, {"pk": 576, "model": "survey_browser.scalequestionandoption", "fields": {"question": 159, "option": 191, "order": 3}}, {"pk": 577, "model": "survey_browser.scalequestionandoption", "fields": {"question": 159, "option": 192, "order": 4}}, {"pk": 578, "model": "survey_browser.scalequestionandoption", "fields": {"question": 159, "option": 193, "order": 5}}, {"pk": 579, "model": "survey_browser.scalequestionandoption", "fields": {"question": 160, "option": 188, "order": null}}, {"pk": 580, "model": "survey_browser.scalequestionandoption", "fields": {"question": 160, "option": 189, "order": 1}}, {"pk": 581, "model": "survey_browser.scalequestionandoption", "fields": {"question": 160, "option": 190, "order": 2}}, {"pk": 582, "model": "survey_browser.scalequestionandoption", "fields": {"question": 160, "option": 191, "order": 3}}, {"pk": 583, "model": "survey_browser.scalequestionandoption", "fields": {"question": 160, "option": 192, "order": 4}}, {"pk": 584, "model": "survey_browser.scalequestionandoption", "fields": {"question": 160, "option": 193, "order": 5}}, {"pk": 585, "model": "survey_browser.scalequestionandoption", "fields": {"question": 161, "option": 188, "order": null}}, {"pk": 586, "model": "survey_browser.scalequestionandoption", "fields": {"question": 161, "option": 189, "order": 1}}, {"pk": 587, "model": "survey_browser.scalequestionandoption", "fields": {"question": 161, "option": 190, "order": 2}}, {"pk": 588, "model": "survey_browser.scalequestionandoption", "fields": {"question": 161, "option": 191, "order": 3}}, {"pk": 589, "model": "survey_browser.scalequestionandoption", "fields": {"question": 161, "option": 192, "order": 4}}, {"pk": 590, "model": "survey_browser.scalequestionandoption", "fields": {"question": 161, "option": 193, "order": 5}}, {"pk": 591, "model": "survey_browser.scalequestionandoption", "fields": {"question": 162, "option": 188, "order": null}}, {"pk": 592, "model": "survey_browser.scalequestionandoption", "fields": {"question": 162, "option": 189, "order": 1}}, {"pk": 593, "model": "survey_browser.scalequestionandoption", "fields": {"question": 162, "option": 190, "order": 2}}, {"pk": 594, "model": "survey_browser.scalequestionandoption", "fields": {"question": 162, "option": 191, "order": 3}}, {"pk": 595, "model": "survey_browser.scalequestionandoption", "fields": {"question": 162, "option": 192, "order": 4}}, {"pk": 596, "model": "survey_browser.scalequestionandoption", "fields": {"question": 162, "option": 193, "order": 5}}, {"pk": 597, "model": "survey_browser.scalequestionandoption", "fields": {"question": 163, "option": 188, "order": null}}, {"pk": 598, "model": "survey_browser.scalequestionandoption", "fields": {"question": 163, "option": 189, "order": 1}}, {"pk": 599, "model": "survey_browser.scalequestionandoption", "fields": {"question": 163, "option": 190, "order": 2}}, {"pk": 600, "model": "survey_browser.scalequestionandoption", "fields": {"question": 163, "option": 191, "order": 3}}, {"pk": 601, "model": "survey_browser.scalequestionandoption", "fields": {"question": 163, "option": 192, "order": 4}}, {"pk": 602, "model": "survey_browser.scalequestionandoption", "fields": {"question": 163, "option": 193, "order": 5}}, {"pk": 603, "model": "survey_browser.scalequestionandoption", "fields": {"question": 164, "option": 194, "order": null}}, {"pk": 604, "model": "survey_browser.scalequestionandoption", "fields": {"question": 164, "option": 195, "order": 0}}, {"pk": 605, "model": "survey_browser.scalequestionandoption", "fields": {"question": 164, "option": 196, "order": 1}}, {"pk": 606, "model": "survey_browser.scalequestionandoption", "fields": {"question": 164, "option": 197, "order": 2}}, {"pk": 607, "model": "survey_browser.scalequestionandoption", "fields": {"question": 164, "option": 198, "order": 3}}, {"pk": 608, "model": "survey_browser.scalequestionandoption", "fields": {"question": 164, "option": 199, "order": 4}}, {"pk": 609, "model": "survey_browser.scalequestionandoption", "fields": {"question": 164, "option": 200, "order": 5}}, {"pk": 610, "model": "survey_browser.scalequestionandoption", "fields": {"question": 165, "option": 194, "order": null}}, {"pk": 611, "model": "survey_browser.scalequestionandoption", "fields": {"question": 165, "option": 195, "order": 0}}, {"pk": 612, "model": "survey_browser.scalequestionandoption", "fields": {"question": 165, "option": 196, "order": 1}}, {"pk": 613, "model": "survey_browser.scalequestionandoption", "fields": {"question": 165, "option": 197, "order": 2}}, {"pk": 614, "model": "survey_browser.scalequestionandoption", "fields": {"question": 165, "option": 198, "order": 3}}, {"pk": 615, "model": "survey_browser.scalequestionandoption", "fields": {"question": 165, "option": 199, "order": 4}}, {"pk": 616, "model": "survey_browser.scalequestionandoption", "fields": {"question": 165, "option": 200, "order": 5}}, {"pk": 617, "model": "survey_browser.scalequestionandoption", "fields": {"question": 166, "option": 194, "order": null}}, {"pk": 618, "model": "survey_browser.scalequestionandoption", "fields": {"question": 166, "option": 195, "order": 0}}, {"pk": 619, "model": "survey_browser.scalequestionandoption", "fields": {"question": 166, "option": 196, "order": 1}}, {"pk": 620, "model": "survey_browser.scalequestionandoption", "fields": {"question": 166, "option": 197, "order": 2}}, {"pk": 621, "model": "survey_browser.scalequestionandoption", "fields": {"question": 166, "option": 198, "order": 3}}, {"pk": 622, "model": "survey_browser.scalequestionandoption", "fields": {"question": 166, "option": 199, "order": 4}}, {"pk": 623, "model": "survey_browser.scalequestionandoption", "fields": {"question": 166, "option": 200, "order": 5}}, {"pk": 624, "model": "survey_browser.scalequestionandoption", "fields": {"question": 167, "option": 194, "order": null}}, {"pk": 625, "model": "survey_browser.scalequestionandoption", "fields": {"question": 167, "option": 195, "order": 0}}, {"pk": 626, "model": "survey_browser.scalequestionandoption", "fields": {"question": 167, "option": 196, "order": 1}}, {"pk": 627, "model": "survey_browser.scalequestionandoption", "fields": {"question": 167, "option": 197, "order": 2}}, {"pk": 628, "model": "survey_browser.scalequestionandoption", "fields": {"question": 167, "option": 198, "order": 3}}, {"pk": 629, "model": "survey_browser.scalequestionandoption", "fields": {"question": 167, "option": 199, "order": 4}}, {"pk": 630, "model": "survey_browser.scalequestionandoption", "fields": {"question": 167, "option": 200, "order": 5}}, {"pk": 631, "model": "survey_browser.scalequestionandoption", "fields": {"question": 168, "option": 194, "order": null}}, {"pk": 632, "model": "survey_browser.scalequestionandoption", "fields": {"question": 168, "option": 195, "order": 0}}, {"pk": 633, "model": "survey_browser.scalequestionandoption", "fields": {"question": 168, "option": 196, "order": 1}}, {"pk": 634, "model": "survey_browser.scalequestionandoption", "fields": {"question": 168, "option": 197, "order": 2}}, {"pk": 635, "model": "survey_browser.scalequestionandoption", "fields": {"question": 168, "option": 198, "order": 3}}, {"pk": 636, "model": "survey_browser.scalequestionandoption", "fields": {"question": 168, "option": 199, "order": 4}}, {"pk": 637, "model": "survey_browser.scalequestionandoption", "fields": {"question": 168, "option": 200, "order": 5}}, {"pk": 638, "model": "survey_browser.scalequestionandoption", "fields": {"question": 169, "option": 194, "order": null}}, {"pk": 639, "model": "survey_browser.scalequestionandoption", "fields": {"question": 169, "option": 195, "order": 0}}, {"pk": 640, "model": "survey_browser.scalequestionandoption", "fields": {"question": 169, "option": 196, "order": 1}}, {"pk": 641, "model": "survey_browser.scalequestionandoption", "fields": {"question": 169, "option": 197, "order": 2}}, {"pk": 642, "model": "survey_browser.scalequestionandoption", "fields": {"question": 169, "option": 198, "order": 3}}, {"pk": 643, "model": "survey_browser.scalequestionandoption", "fields": {"question": 169, "option": 199, "order": 4}}, {"pk": 644, "model": "survey_browser.scalequestionandoption", "fields": {"question": 169, "option": 200, "order": 5}}, {"pk": 645, "model": "survey_browser.scalequestionandoption", "fields": {"question": 170, "option": 194, "order": null}}, {"pk": 646, "model": "survey_browser.scalequestionandoption", "fields": {"question": 170, "option": 195, "order": 0}}, {"pk": 647, "model": "survey_browser.scalequestionandoption", "fields": {"question": 170, "option": 196, "order": 1}}, {"pk": 648, "model": "survey_browser.scalequestionandoption", "fields": {"question": 170, "option": 197, "order": 2}}, {"pk": 649, "model": "survey_browser.scalequestionandoption", "fields": {"question": 170, "option": 198, "order": 3}}, {"pk": 650, "model": "survey_browser.scalequestionandoption", "fields": {"question": 170, "option": 199, "order": 4}}, {"pk": 651, "model": "survey_browser.scalequestionandoption", "fields": {"question": 170, "option": 200, "order": 5}}, {"pk": 652, "model": "survey_browser.scalequestionandoption", "fields": {"question": 171, "option": 194, "order": null}}, {"pk": 653, "model": "survey_browser.scalequestionandoption", "fields": {"question": 171, "option": 195, "order": 0}}, {"pk": 654, "model": "survey_browser.scalequestionandoption", "fields": {"question": 171, "option": 196, "order": 1}}, {"pk": 655, "model": "survey_browser.scalequestionandoption", "fields": {"question": 171, "option": 197, "order": 2}}, {"pk": 656, "model": "survey_browser.scalequestionandoption", "fields": {"question": 171, "option": 198, "order": 3}}, {"pk": 657, "model": "survey_browser.scalequestionandoption", "fields": {"question": 171, "option": 199, "order": 4}}, {"pk": 658, "model": "survey_browser.scalequestionandoption", "fields": {"question": 171, "option": 200, "order": 5}}, {"pk": 659, "model": "survey_browser.scalequestionandoption", "fields": {"question": 172, "option": 194, "order": null}}, {"pk": 660, "model": "survey_browser.scalequestionandoption", "fields": {"question": 172, "option": 195, "order": 0}}, {"pk": 661, "model": "survey_browser.scalequestionandoption", "fields": {"question": 172, "option": 196, "order": 1}}, {"pk": 662, "model": "survey_browser.scalequestionandoption", "fields": {"question": 172, "option": 197, "order": 2}}, {"pk": 663, "model": "survey_browser.scalequestionandoption", "fields": {"question": 172, "option": 198, "order": 3}}, {"pk": 664, "model": "survey_browser.scalequestionandoption", "fields": {"question": 172, "option": 199, "order": 4}}, {"pk": 665, "model": "survey_browser.scalequestionandoption", "fields": {"question": 172, "option": 200, "order": 5}}, {"pk": 666, "model": "survey_browser.scalequestionandoption", "fields": {"question": 173, "option": 201, "order": 0}}, {"pk": 667, "model": "survey_browser.scalequestionandoption", "fields": {"question": 173, "option": 202, "order": 1}}, {"pk": 668, "model": "survey_browser.scalequestionandoption", "fields": {"question": 173, "option": 203, "order": 2}}, {"pk": 669, "model": "survey_browser.scalequestionandoption", "fields": {"question": 173, "option": 204, "order": 3}}, {"pk": 670, "model": "survey_browser.scalequestionandoption", "fields": {"question": 173, "option": 205, "order": 4}}, {"pk": 671, "model": "survey_browser.scalequestionandoption", "fields": {"question": 173, "option": 206, "order": 5}}, {"pk": 672, "model": "survey_browser.scalequestionandoption", "fields": {"question": 173, "option": 207, "order": 6}}, {"pk": 673, "model": "survey_browser.scalequestionandoption", "fields": {"question": 174, "option": 201, "order": 0}}, {"pk": 674, "model": "survey_browser.scalequestionandoption", "fields": {"question": 174, "option": 202, "order": 1}}, {"pk": 675, "model": "survey_browser.scalequestionandoption", "fields": {"question": 174, "option": 203, "order": 2}}, {"pk": 676, "model": "survey_browser.scalequestionandoption", "fields": {"question": 174, "option": 204, "order": 3}}, {"pk": 677, "model": "survey_browser.scalequestionandoption", "fields": {"question": 174, "option": 205, "order": 4}}, {"pk": 678, "model": "survey_browser.scalequestionandoption", "fields": {"question": 174, "option": 206, "order": 5}}, {"pk": 679, "model": "survey_browser.scalequestionandoption", "fields": {"question": 174, "option": 207, "order": 6}}, {"pk": 680, "model": "survey_browser.scalequestionandoption", "fields": {"question": 175, "option": 201, "order": 0}}, {"pk": 681, "model": "survey_browser.scalequestionandoption", "fields": {"question": 175, "option": 202, "order": 1}}, {"pk": 682, "model": "survey_browser.scalequestionandoption", "fields": {"question": 175, "option": 203, "order": 2}}, {"pk": 683, "model": "survey_browser.scalequestionandoption", "fields": {"question": 175, "option": 204, "order": 3}}, {"pk": 684, "model": "survey_browser.scalequestionandoption", "fields": {"question": 175, "option": 205, "order": 4}}, {"pk": 685, "model": "survey_browser.scalequestionandoption", "fields": {"question": 175, "option": 206, "order": 5}}, {"pk": 686, "model": "survey_browser.scalequestionandoption", "fields": {"question": 175, "option": 207, "order": 6}}, {"pk": 687, "model": "survey_browser.scalequestionandoption", "fields": {"question": 176, "option": 201, "order": 0}}, {"pk": 688, "model": "survey_browser.scalequestionandoption", "fields": {"question": 176, "option": 202, "order": 1}}, {"pk": 689, "model": "survey_browser.scalequestionandoption", "fields": {"question": 176, "option": 203, "order": 2}}, {"pk": 690, "model": "survey_browser.scalequestionandoption", "fields": {"question": 176, "option": 204, "order": 3}}, {"pk": 691, "model": "survey_browser.scalequestionandoption", "fields": {"question": 176, "option": 205, "order": 4}}, {"pk": 692, "model": "survey_browser.scalequestionandoption", "fields": {"question": 176, "option": 206, "order": 5}}, {"pk": 693, "model": "survey_browser.scalequestionandoption", "fields": {"question": 176, "option": 207, "order": 6}}, {"pk": 694, "model": "survey_browser.scalequestionandoption", "fields": {"question": 177, "option": 201, "order": 0}}, {"pk": 695, "model": "survey_browser.scalequestionandoption", "fields": {"question": 177, "option": 202, "order": 1}}, {"pk": 696, "model": "survey_browser.scalequestionandoption", "fields": {"question": 177, "option": 203, "order": 2}}, {"pk": 697, "model": "survey_browser.scalequestionandoption", "fields": {"question": 177, "option": 204, "order": 3}}, {"pk": 698, "model": "survey_browser.scalequestionandoption", "fields": {"question": 177, "option": 205, "order": 4}}, {"pk": 699, "model": "survey_browser.scalequestionandoption", "fields": {"question": 177, "option": 206, "order": 5}}, {"pk": 700, "model": "survey_browser.scalequestionandoption", "fields": {"question": 177, "option": 207, "order": 6}}, {"pk": 701, "model": "survey_browser.scalequestionandoption", "fields": {"question": 178, "option": 201, "order": 0}}, {"pk": 702, "model": "survey_browser.scalequestionandoption", "fields": {"question": 178, "option": 202, "order": 1}}, {"pk": 703, "model": "survey_browser.scalequestionandoption", "fields": {"question": 178, "option": 203, "order": 2}}, {"pk": 704, "model": "survey_browser.scalequestionandoption", "fields": {"question": 178, "option": 204, "order": 3}}, {"pk": 705, "model": "survey_browser.scalequestionandoption", "fields": {"question": 178, "option": 205, "order": 4}}, {"pk": 706, "model": "survey_browser.scalequestionandoption", "fields": {"question": 178, "option": 206, "order": 5}}, {"pk": 707, "model": "survey_browser.scalequestionandoption", "fields": {"question": 178, "option": 207, "order": 6}}, {"pk": 708, "model": "survey_browser.scalequestionandoption", "fields": {"question": 179, "option": 201, "order": 0}}, {"pk": 709, "model": "survey_browser.scalequestionandoption", "fields": {"question": 179, "option": 202, "order": 1}}, {"pk": 710, "model": "survey_browser.scalequestionandoption", "fields": {"question": 179, "option": 203, "order": 2}}, {"pk": 711, "model": "survey_browser.scalequestionandoption", "fields": {"question": 179, "option": 204, "order": 3}}, {"pk": 712, "model": "survey_browser.scalequestionandoption", "fields": {"question": 179, "option": 205, "order": 4}}, {"pk": 713, "model": "survey_browser.scalequestionandoption", "fields": {"question": 179, "option": 206, "order": 5}}, {"pk": 714, "model": "survey_browser.scalequestionandoption", "fields": {"question": 179, "option": 207, "order": 6}}, {"pk": 715, "model": "survey_browser.scalequestionandoption", "fields": {"question": 180, "option": 201, "order": 0}}, {"pk": 716, "model": "survey_browser.scalequestionandoption", "fields": {"question": 180, "option": 202, "order": 1}}, {"pk": 717, "model": "survey_browser.scalequestionandoption", "fields": {"question": 180, "option": 203, "order": 2}}, {"pk": 718, "model": "survey_browser.scalequestionandoption", "fields": {"question": 180, "option": 204, "order": 3}}, {"pk": 719, "model": "survey_browser.scalequestionandoption", "fields": {"question": 180, "option": 205, "order": 4}}, {"pk": 720, "model": "survey_browser.scalequestionandoption", "fields": {"question": 180, "option": 206, "order": 5}}, {"pk": 721, "model": "survey_browser.scalequestionandoption", "fields": {"question": 180, "option": 207, "order": 6}}, {"pk": 722, "model": "survey_browser.scalequestionandoption", "fields": {"question": 181, "option": 201, "order": 0}}, {"pk": 723, "model": "survey_browser.scalequestionandoption", "fields": {"question": 181, "option": 202, "order": 1}}, {"pk": 724, "model": "survey_browser.scalequestionandoption", "fields": {"question": 181, "option": 203, "order": 2}}, {"pk": 725, "model": "survey_browser.scalequestionandoption", "fields": {"question": 181, "option": 204, "order": 3}}, {"pk": 726, "model": "survey_browser.scalequestionandoption", "fields": {"question": 181, "option": 205, "order": 4}}, {"pk": 727, "model": "survey_browser.scalequestionandoption", "fields": {"question": 181, "option": 206, "order": 5}}, {"pk": 728, "model": "survey_browser.scalequestionandoption", "fields": {"question": 181, "option": 207, "order": 6}}, {"pk": 729, "model": "survey_browser.scalequestionandoption", "fields": {"question": 182, "option": 201, "order": 0}}, {"pk": 730, "model": "survey_browser.scalequestionandoption", "fields": {"question": 182, "option": 202, "order": 1}}, {"pk": 731, "model": "survey_browser.scalequestionandoption", "fields": {"question": 182, "option": 203, "order": 2}}, {"pk": 732, "model": "survey_browser.scalequestionandoption", "fields": {"question": 182, "option": 204, "order": 3}}, {"pk": 733, "model": "survey_browser.scalequestionandoption", "fields": {"question": 182, "option": 205, "order": 4}}, {"pk": 734, "model": "survey_browser.scalequestionandoption", "fields": {"question": 182, "option": 206, "order": 5}}, {"pk": 735, "model": "survey_browser.scalequestionandoption", "fields": {"question": 182, "option": 207, "order": 6}}, {"pk": 736, "model": "survey_browser.scalequestionandoption", "fields": {"question": 183, "option": 201, "order": 0}}, {"pk": 737, "model": "survey_browser.scalequestionandoption", "fields": {"question": 183, "option": 202, "order": 1}}, {"pk": 738, "model": "survey_browser.scalequestionandoption", "fields": {"question": 183, "option": 203, "order": 2}}, {"pk": 739, "model": "survey_browser.scalequestionandoption", "fields": {"question": 183, "option": 204, "order": 3}}, {"pk": 740, "model": "survey_browser.scalequestionandoption", "fields": {"question": 183, "option": 205, "order": 4}}, {"pk": 741, "model": "survey_browser.scalequestionandoption", "fields": {"question": 183, "option": 206, "order": 5}}, {"pk": 742, "model": "survey_browser.scalequestionandoption", "fields": {"question": 183, "option": 207, "order": 6}}, {"pk": 743, "model": "survey_browser.scalequestionandoption", "fields": {"question": 184, "option": 201, "order": 0}}, {"pk": 744, "model": "survey_browser.scalequestionandoption", "fields": {"question": 184, "option": 202, "order": 1}}, {"pk": 745, "model": "survey_browser.scalequestionandoption", "fields": {"question": 184, "option": 203, "order": 2}}, {"pk": 746, "model": "survey_browser.scalequestionandoption", "fields": {"question": 184, "option": 204, "order": 3}}, {"pk": 747, "model": "survey_browser.scalequestionandoption", "fields": {"question": 184, "option": 205, "order": 4}}, {"pk": 748, "model": "survey_browser.scalequestionandoption", "fields": {"question": 184, "option": 206, "order": 5}}, {"pk": 749, "model": "survey_browser.scalequestionandoption", "fields": {"question": 184, "option": 207, "order": 6}}, {"pk": 750, "model": "survey_browser.scalequestionandoption", "fields": {"question": 185, "option": 201, "order": 0}}, {"pk": 751, "model": "survey_browser.scalequestionandoption", "fields": {"question": 185, "option": 202, "order": 1}}, {"pk": 752, "model": "survey_browser.scalequestionandoption", "fields": {"question": 185, "option": 203, "order": 2}}, {"pk": 753, "model": "survey_browser.scalequestionandoption", "fields": {"question": 185, "option": 204, "order": 3}}, {"pk": 754, "model": "survey_browser.scalequestionandoption", "fields": {"question": 185, "option": 205, "order": 4}}, {"pk": 755, "model": "survey_browser.scalequestionandoption", "fields": {"question": 185, "option": 206, "order": 5}}, {"pk": 756, "model": "survey_browser.scalequestionandoption", "fields": {"question": 185, "option": 207, "order": 6}}, {"pk": 757, "model": "survey_browser.scalequestionandoption", "fields": {"question": 186, "option": 201, "order": 0}}, {"pk": 758, "model": "survey_browser.scalequestionandoption", "fields": {"question": 186, "option": 202, "order": 1}}, {"pk": 759, "model": "survey_browser.scalequestionandoption", "fields": {"question": 186, "option": 203, "order": 2}}, {"pk": 760, "model": "survey_browser.scalequestionandoption", "fields": {"question": 186, "option": 204, "order": 3}}, {"pk": 761, "model": "survey_browser.scalequestionandoption", "fields": {"question": 186, "option": 205, "order": 4}}, {"pk": 762, "model": "survey_browser.scalequestionandoption", "fields": {"question": 186, "option": 206, "order": 5}}, {"pk": 763, "model": "survey_browser.scalequestionandoption", "fields": {"question": 186, "option": 207, "order": 6}}, {"pk": 764, "model": "survey_browser.scalequestionandoption", "fields": {"question": 187, "option": 201, "order": 0}}, {"pk": 765, "model": "survey_browser.scalequestionandoption", "fields": {"question": 187, "option": 202, "order": 1}}, {"pk": 766, "model": "survey_browser.scalequestionandoption", "fields": {"question": 187, "option": 203, "order": 2}}, {"pk": 767, "model": "survey_browser.scalequestionandoption", "fields": {"question": 187, "option": 204, "order": 3}}, {"pk": 768, "model": "survey_browser.scalequestionandoption", "fields": {"question": 187, "option": 205, "order": 4}}, {"pk": 769, "model": "survey_browser.scalequestionandoption", "fields": {"question": 187, "option": 206, "order": 5}}, {"pk": 770, "model": "survey_browser.scalequestionandoption", "fields": {"question": 187, "option": 207, "order": 6}}, {"pk": 771, "model": "survey_browser.scalequestionandoption", "fields": {"question": 188, "option": 201, "order": 0}}, {"pk": 772, "model": "survey_browser.scalequestionandoption", "fields": {"question": 188, "option": 202, "order": 1}}, {"pk": 773, "model": "survey_browser.scalequestionandoption", "fields": {"question": 188, "option": 203, "order": 2}}, {"pk": 774, "model": "survey_browser.scalequestionandoption", "fields": {"question": 188, "option": 204, "order": 3}}, {"pk": 775, "model": "survey_browser.scalequestionandoption", "fields": {"question": 188, "option": 205, "order": 4}}, {"pk": 776, "model": "survey_browser.scalequestionandoption", "fields": {"question": 188, "option": 206, "order": 5}}, {"pk": 777, "model": "survey_browser.scalequestionandoption", "fields": {"question": 188, "option": 207, "order": 6}}, {"pk": 778, "model": "survey_browser.scalequestionandoption", "fields": {"question": 189, "option": 201, "order": 0}}, {"pk": 779, "model": "survey_browser.scalequestionandoption", "fields": {"question": 189, "option": 202, "order": 1}}, {"pk": 780, "model": "survey_browser.scalequestionandoption", "fields": {"question": 189, "option": 203, "order": 2}}, {"pk": 781, "model": "survey_browser.scalequestionandoption", "fields": {"question": 189, "option": 204, "order": 3}}, {"pk": 782, "model": "survey_browser.scalequestionandoption", "fields": {"question": 189, "option": 205, "order": 4}}, {"pk": 783, "model": "survey_browser.scalequestionandoption", "fields": {"question": 189, "option": 206, "order": 5}}, {"pk": 784, "model": "survey_browser.scalequestionandoption", "fields": {"question": 189, "option": 207, "order": 6}}, {"pk": 785, "model": "survey_browser.scalequestionandoption", "fields": {"question": 190, "option": 201, "order": 0}}, {"pk": 786, "model": "survey_browser.scalequestionandoption", "fields": {"question": 190, "option": 202, "order": 1}}, {"pk": 787, "model": "survey_browser.scalequestionandoption", "fields": {"question": 190, "option": 203, "order": 2}}, {"pk": 788, "model": "survey_browser.scalequestionandoption", "fields": {"question": 190, "option": 204, "order": 3}}, {"pk": 789, "model": "survey_browser.scalequestionandoption", "fields": {"question": 190, "option": 205, "order": 4}}, {"pk": 790, "model": "survey_browser.scalequestionandoption", "fields": {"question": 190, "option": 206, "order": 5}}, {"pk": 791, "model": "survey_browser.scalequestionandoption", "fields": {"question": 190, "option": 207, "order": 6}}, {"pk": 792, "model": "survey_browser.scalequestionandoption", "fields": {"question": 191, "option": 201, "order": 0}}, {"pk": 793, "model": "survey_browser.scalequestionandoption", "fields": {"question": 191, "option": 202, "order": 1}}, {"pk": 794, "model": "survey_browser.scalequestionandoption", "fields": {"question": 191, "option": 203, "order": 2}}, {"pk": 795, "model": "survey_browser.scalequestionandoption", "fields": {"question": 191, "option": 204, "order": 3}}, {"pk": 796, "model": "survey_browser.scalequestionandoption", "fields": {"question": 191, "option": 205, "order": 4}}, {"pk": 797, "model": "survey_browser.scalequestionandoption", "fields": {"question": 191, "option": 206, "order": 5}}, {"pk": 798, "model": "survey_browser.scalequestionandoption", "fields": {"question": 191, "option": 207, "order": 6}}, {"pk": 799, "model": "survey_browser.scalequestionandoption", "fields": {"question": 192, "option": 201, "order": 0}}, {"pk": 800, "model": "survey_browser.scalequestionandoption", "fields": {"question": 192, "option": 202, "order": 1}}, {"pk": 801, "model": "survey_browser.scalequestionandoption", "fields": {"question": 192, "option": 203, "order": 2}}, {"pk": 802, "model": "survey_browser.scalequestionandoption", "fields": {"question": 192, "option": 204, "order": 3}}, {"pk": 803, "model": "survey_browser.scalequestionandoption", "fields": {"question": 192, "option": 205, "order": 4}}, {"pk": 804, "model": "survey_browser.scalequestionandoption", "fields": {"question": 192, "option": 206, "order": 5}}, {"pk": 805, "model": "survey_browser.scalequestionandoption", "fields": {"question": 192, "option": 207, "order": 6}}, {"pk": 806, "model": "survey_browser.scalequestionandoption", "fields": {"question": 193, "option": 201, "order": 0}}, {"pk": 807, "model": "survey_browser.scalequestionandoption", "fields": {"question": 193, "option": 202, "order": 1}}, {"pk": 808, "model": "survey_browser.scalequestionandoption", "fields": {"question": 193, "option": 203, "order": 2}}, {"pk": 809, "model": "survey_browser.scalequestionandoption", "fields": {"question": 193, "option": 204, "order": 3}}, {"pk": 810, "model": "survey_browser.scalequestionandoption", "fields": {"question": 193, "option": 205, "order": 4}}, {"pk": 811, "model": "survey_browser.scalequestionandoption", "fields": {"question": 193, "option": 206, "order": 5}}, {"pk": 812, "model": "survey_browser.scalequestionandoption", "fields": {"question": 193, "option": 207, "order": 6}}, {"pk": 813, "model": "survey_browser.scalequestionandoption", "fields": {"question": 194, "option": 201, "order": 0}}, {"pk": 814, "model": "survey_browser.scalequestionandoption", "fields": {"question": 194, "option": 202, "order": 1}}, {"pk": 815, "model": "survey_browser.scalequestionandoption", "fields": {"question": 194, "option": 203, "order": 2}}, {"pk": 816, "model": "survey_browser.scalequestionandoption", "fields": {"question": 194, "option": 204, "order": 3}}, {"pk": 817, "model": "survey_browser.scalequestionandoption", "fields": {"question": 194, "option": 205, "order": 4}}, {"pk": 818, "model": "survey_browser.scalequestionandoption", "fields": {"question": 194, "option": 206, "order": 5}}, {"pk": 819, "model": "survey_browser.scalequestionandoption", "fields": {"question": 194, "option": 207, "order": 6}}, {"pk": 820, "model": "survey_browser.scalequestionandoption", "fields": {"question": 195, "option": 201, "order": 0}}, {"pk": 821, "model": "survey_browser.scalequestionandoption", "fields": {"question": 195, "option": 202, "order": 1}}, {"pk": 822, "model": "survey_browser.scalequestionandoption", "fields": {"question": 195, "option": 203, "order": 2}}, {"pk": 823, "model": "survey_browser.scalequestionandoption", "fields": {"question": 195, "option": 204, "order": 3}}, {"pk": 824, "model": "survey_browser.scalequestionandoption", "fields": {"question": 195, "option": 205, "order": 4}}, {"pk": 825, "model": "survey_browser.scalequestionandoption", "fields": {"question": 195, "option": 206, "order": 5}}, {"pk": 826, "model": "survey_browser.scalequestionandoption", "fields": {"question": 195, "option": 207, "order": 6}}, {"pk": 827, "model": "survey_browser.scalequestionandoption", "fields": {"question": 196, "option": 188, "order": null}}, {"pk": 828, "model": "survey_browser.scalequestionandoption", "fields": {"question": 196, "option": 189, "order": 1}}, {"pk": 829, "model": "survey_browser.scalequestionandoption", "fields": {"question": 196, "option": 190, "order": 2}}, {"pk": 830, "model": "survey_browser.scalequestionandoption", "fields": {"question": 196, "option": 191, "order": 3}}, {"pk": 831, "model": "survey_browser.scalequestionandoption", "fields": {"question": 196, "option": 192, "order": 4}}, {"pk": 832, "model": "survey_browser.scalequestionandoption", "fields": {"question": 196, "option": 193, "order": 5}}, {"pk": 833, "model": "survey_browser.scalequestionandoption", "fields": {"question": 197, "option": 188, "order": null}}, {"pk": 834, "model": "survey_browser.scalequestionandoption", "fields": {"question": 197, "option": 189, "order": 1}}, {"pk": 835, "model": "survey_browser.scalequestionandoption", "fields": {"question": 197, "option": 190, "order": 2}}, {"pk": 836, "model": "survey_browser.scalequestionandoption", "fields": {"question": 197, "option": 191, "order": 3}}, {"pk": 837, "model": "survey_browser.scalequestionandoption", "fields": {"question": 197, "option": 192, "order": 4}}, {"pk": 838, "model": "survey_browser.scalequestionandoption", "fields": {"question": 197, "option": 193, "order": 5}}, {"pk": 839, "model": "survey_browser.scalequestionandoption", "fields": {"question": 198, "option": 188, "order": null}}, {"pk": 840, "model": "survey_browser.scalequestionandoption", "fields": {"question": 198, "option": 189, "order": 1}}, {"pk": 841, "model": "survey_browser.scalequestionandoption", "fields": {"question": 198, "option": 190, "order": 2}}, {"pk": 842, "model": "survey_browser.scalequestionandoption", "fields": {"question": 198, "option": 191, "order": 3}}, {"pk": 843, "model": "survey_browser.scalequestionandoption", "fields": {"question": 198, "option": 192, "order": 4}}, {"pk": 844, "model": "survey_browser.scalequestionandoption", "fields": {"question": 198, "option": 193, "order": 5}}, {"pk": 845, "model": "survey_browser.scalequestionandoption", "fields": {"question": 199, "option": 188, "order": null}}, {"pk": 846, "model": "survey_browser.scalequestionandoption", "fields": {"question": 199, "option": 189, "order": 1}}, {"pk": 847, "model": "survey_browser.scalequestionandoption", "fields": {"question": 199, "option": 190, "order": 2}}, {"pk": 848, "model": "survey_browser.scalequestionandoption", "fields": {"question": 199, "option": 191, "order": 3}}, {"pk": 849, "model": "survey_browser.scalequestionandoption", "fields": {"question": 199, "option": 192, "order": 4}}, {"pk": 850, "model": "survey_browser.scalequestionandoption", "fields": {"question": 199, "option": 193, "order": 5}}, {"pk": 851, "model": "survey_browser.scalequestionandoption", "fields": {"question": 200, "option": 188, "order": null}}, {"pk": 852, "model": "survey_browser.scalequestionandoption", "fields": {"question": 200, "option": 189, "order": 1}}, {"pk": 853, "model": "survey_browser.scalequestionandoption", "fields": {"question": 200, "option": 190, "order": 2}}, {"pk": 854, "model": "survey_browser.scalequestionandoption", "fields": {"question": 200, "option": 191, "order": 3}}, {"pk": 855, "model": "survey_browser.scalequestionandoption", "fields": {"question": 200, "option": 192, "order": 4}}, {"pk": 856, "model": "survey_browser.scalequestionandoption", "fields": {"question": 200, "option": 193, "order": 5}}, {"pk": 857, "model": "survey_browser.scalequestionandoption", "fields": {"question": 201, "option": 188, "order": null}}, {"pk": 858, "model": "survey_browser.scalequestionandoption", "fields": {"question": 201, "option": 189, "order": 1}}, {"pk": 859, "model": "survey_browser.scalequestionandoption", "fields": {"question": 201, "option": 190, "order": 2}}, {"pk": 860, "model": "survey_browser.scalequestionandoption", "fields": {"question": 201, "option": 191, "order": 3}}, {"pk": 861, "model": "survey_browser.scalequestionandoption", "fields": {"question": 201, "option": 192, "order": 4}}, {"pk": 862, "model": "survey_browser.scalequestionandoption", "fields": {"question": 201, "option": 193, "order": 5}}, {"pk": 863, "model": "survey_browser.scalequestionandoption", "fields": {"question": 202, "option": 188, "order": null}}, {"pk": 864, "model": "survey_browser.scalequestionandoption", "fields": {"question": 202, "option": 189, "order": 1}}, {"pk": 865, "model": "survey_browser.scalequestionandoption", "fields": {"question": 202, "option": 190, "order": 2}}, {"pk": 866, "model": "survey_browser.scalequestionandoption", "fields": {"question": 202, "option": 191, "order": 3}}, {"pk": 867, "model": "survey_browser.scalequestionandoption", "fields": {"question": 202, "option": 192, "order": 4}}, {"pk": 868, "model": "survey_browser.scalequestionandoption", "fields": {"question": 202, "option": 193, "order": 5}}, {"pk": 869, "model": "survey_browser.scalequestionandoption", "fields": {"question": 203, "option": 188, "order": null}}, {"pk": 870, "model": "survey_browser.scalequestionandoption", "fields": {"question": 203, "option": 189, "order": 1}}, {"pk": 871, "model": "survey_browser.scalequestionandoption", "fields": {"question": 203, "option": 190, "order": 2}}, {"pk": 872, "model": "survey_browser.scalequestionandoption", "fields": {"question": 203, "option": 191, "order": 3}}, {"pk": 873, "model": "survey_browser.scalequestionandoption", "fields": {"question": 203, "option": 192, "order": 4}}, {"pk": 874, "model": "survey_browser.scalequestionandoption", "fields": {"question": 203, "option": 193, "order": 5}}, {"pk": 875, "model": "survey_browser.scalequestionandoption", "fields": {"question": 204, "option": 208, "order": 1}}, {"pk": 876, "model": "survey_browser.scalequestionandoption", "fields": {"question": 204, "option": 209, "order": 2}}, {"pk": 877, "model": "survey_browser.scalequestionandoption", "fields": {"question": 204, "option": 210, "order": 3}}, {"pk": 878, "model": "survey_browser.scalequestionandoption", "fields": {"question": 204, "option": 211, "order": 4}}, {"pk": 879, "model": "survey_browser.scalequestionandoption", "fields": {"question": 204, "option": 212, "order": 5}}, {"pk": 880, "model": "survey_browser.scalequestionandoption", "fields": {"question": 204, "option": 213, "order": 6}}, {"pk": 881, "model": "survey_browser.scalequestionandoption", "fields": {"question": 204, "option": 214, "order": 7}}, {"pk": 882, "model": "survey_browser.scalequestionandoption", "fields": {"question": 204, "option": 215, "order": 8}}, {"pk": 883, "model": "survey_browser.scalequestionandoption", "fields": {"question": 204, "option": 216, "order": 9}}, {"pk": 884, "model": "survey_browser.scalequestionandoption", "fields": {"question": 204, "option": 217, "order": 10}}, {"pk": 885, "model": "survey_browser.scalequestionandoption", "fields": {"question": 205, "option": 208, "order": 1}}, {"pk": 886, "model": "survey_browser.scalequestionandoption", "fields": {"question": 205, "option": 209, "order": 2}}, {"pk": 887, "model": "survey_browser.scalequestionandoption", "fields": {"question": 205, "option": 210, "order": 3}}, {"pk": 888, "model": "survey_browser.scalequestionandoption", "fields": {"question": 205, "option": 211, "order": 4}}, {"pk": 889, "model": "survey_browser.scalequestionandoption", "fields": {"question": 205, "option": 212, "order": 5}}, {"pk": 890, "model": "survey_browser.scalequestionandoption", "fields": {"question": 205, "option": 213, "order": 6}}, {"pk": 891, "model": "survey_browser.scalequestionandoption", "fields": {"question": 205, "option": 214, "order": 7}}, {"pk": 892, "model": "survey_browser.scalequestionandoption", "fields": {"question": 205, "option": 215, "order": 8}}, {"pk": 893, "model": "survey_browser.scalequestionandoption", "fields": {"question": 205, "option": 216, "order": 9}}, {"pk": 894, "model": "survey_browser.scalequestionandoption", "fields": {"question": 205, "option": 217, "order": 10}}, {"pk": 895, "model": "survey_browser.scalequestionandoption", "fields": {"question": 206, "option": 208, "order": 1}}, {"pk": 896, "model": "survey_browser.scalequestionandoption", "fields": {"question": 206, "option": 209, "order": 2}}, {"pk": 897, "model": "survey_browser.scalequestionandoption", "fields": {"question": 206, "option": 210, "order": 3}}, {"pk": 898, "model": "survey_browser.scalequestionandoption", "fields": {"question": 206, "option": 211, "order": 4}}, {"pk": 899, "model": "survey_browser.scalequestionandoption", "fields": {"question": 206, "option": 212, "order": 5}}, {"pk": 900, "model": "survey_browser.scalequestionandoption", "fields": {"question": 206, "option": 213, "order": 6}}, {"pk": 901, "model": "survey_browser.scalequestionandoption", "fields": {"question": 206, "option": 214, "order": 7}}, {"pk": 902, "model": "survey_browser.scalequestionandoption", "fields": {"question": 206, "option": 215, "order": 8}}, {"pk": 903, "model": "survey_browser.scalequestionandoption", "fields": {"question": 206, "option": 216, "order": 9}}, {"pk": 904, "model": "survey_browser.scalequestionandoption", "fields": {"question": 206, "option": 217, "order": 10}}, {"pk": 905, "model": "survey_browser.scalequestionandoption", "fields": {"question": 207, "option": 208, "order": 1}}, {"pk": 906, "model": "survey_browser.scalequestionandoption", "fields": {"question": 207, "option": 209, "order": 2}}, {"pk": 907, "model": "survey_browser.scalequestionandoption", "fields": {"question": 207, "option": 210, "order": 3}}, {"pk": 908, "model": "survey_browser.scalequestionandoption", "fields": {"question": 207, "option": 211, "order": 4}}, {"pk": 909, "model": "survey_browser.scalequestionandoption", "fields": {"question": 207, "option": 212, "order": 5}}, {"pk": 910, "model": "survey_browser.scalequestionandoption", "fields": {"question": 207, "option": 213, "order": 6}}, {"pk": 911, "model": "survey_browser.scalequestionandoption", "fields": {"question": 207, "option": 214, "order": 7}}, {"pk": 912, "model": "survey_browser.scalequestionandoption", "fields": {"question": 207, "option": 215, "order": 8}}, {"pk": 913, "model": "survey_browser.scalequestionandoption", "fields": {"question": 207, "option": 216, "order": 9}}, {"pk": 914, "model": "survey_browser.scalequestionandoption", "fields": {"question": 207, "option": 217, "order": 10}}, {"pk": 915, "model": "survey_browser.scalequestionandoption", "fields": {"question": 208, "option": 208, "order": 1}}, {"pk": 916, "model": "survey_browser.scalequestionandoption", "fields": {"question": 208, "option": 209, "order": 2}}, {"pk": 917, "model": "survey_browser.scalequestionandoption", "fields": {"question": 208, "option": 210, "order": 3}}, {"pk": 918, "model": "survey_browser.scalequestionandoption", "fields": {"question": 208, "option": 211, "order": 4}}, {"pk": 919, "model": "survey_browser.scalequestionandoption", "fields": {"question": 208, "option": 212, "order": 5}}, {"pk": 920, "model": "survey_browser.scalequestionandoption", "fields": {"question": 208, "option": 213, "order": 6}}, {"pk": 921, "model": "survey_browser.scalequestionandoption", "fields": {"question": 208, "option": 214, "order": 7}}, {"pk": 922, "model": "survey_browser.scalequestionandoption", "fields": {"question": 208, "option": 215, "order": 8}}, {"pk": 923, "model": "survey_browser.scalequestionandoption", "fields": {"question": 208, "option": 216, "order": 9}}, {"pk": 924, "model": "survey_browser.scalequestionandoption", "fields": {"question": 208, "option": 217, "order": 10}}, {"pk": 925, "model": "survey_browser.scalequestionandoption", "fields": {"question": 209, "option": 208, "order": 1}}, {"pk": 926, "model": "survey_browser.scalequestionandoption", "fields": {"question": 209, "option": 209, "order": 2}}, {"pk": 927, "model": "survey_browser.scalequestionandoption", "fields": {"question": 209, "option": 210, "order": 3}}, {"pk": 928, "model": "survey_browser.scalequestionandoption", "fields": {"question": 209, "option": 211, "order": 4}}, {"pk": 929, "model": "survey_browser.scalequestionandoption", "fields": {"question": 209, "option": 212, "order": 5}}, {"pk": 930, "model": "survey_browser.scalequestionandoption", "fields": {"question": 209, "option": 213, "order": 6}}, {"pk": 931, "model": "survey_browser.scalequestionandoption", "fields": {"question": 209, "option": 214, "order": 7}}, {"pk": 932, "model": "survey_browser.scalequestionandoption", "fields": {"question": 209, "option": 215, "order": 8}}, {"pk": 933, "model": "survey_browser.scalequestionandoption", "fields": {"question": 209, "option": 216, "order": 9}}, {"pk": 934, "model": "survey_browser.scalequestionandoption", "fields": {"question": 209, "option": 217, "order": 10}}, {"pk": 935, "model": "survey_browser.scalequestionandoption", "fields": {"question": 210, "option": 208, "order": 1}}, {"pk": 936, "model": "survey_browser.scalequestionandoption", "fields": {"question": 210, "option": 209, "order": 2}}, {"pk": 937, "model": "survey_browser.scalequestionandoption", "fields": {"question": 210, "option": 210, "order": 3}}, {"pk": 938, "model": "survey_browser.scalequestionandoption", "fields": {"question": 210, "option": 211, "order": 4}}, {"pk": 939, "model": "survey_browser.scalequestionandoption", "fields": {"question": 210, "option": 212, "order": 5}}, {"pk": 940, "model": "survey_browser.scalequestionandoption", "fields": {"question": 210, "option": 213, "order": 6}}, {"pk": 941, "model": "survey_browser.scalequestionandoption", "fields": {"question": 210, "option": 214, "order": 7}}, {"pk": 942, "model": "survey_browser.scalequestionandoption", "fields": {"question": 210, "option": 215, "order": 8}}, {"pk": 943, "model": "survey_browser.scalequestionandoption", "fields": {"question": 210, "option": 216, "order": 9}}, {"pk": 944, "model": "survey_browser.scalequestionandoption", "fields": {"question": 210, "option": 217, "order": 10}}, {"pk": 945, "model": "survey_browser.scalequestionandoption", "fields": {"question": 211, "option": 208, "order": 1}}, {"pk": 946, "model": "survey_browser.scalequestionandoption", "fields": {"question": 211, "option": 209, "order": 2}}, {"pk": 947, "model": "survey_browser.scalequestionandoption", "fields": {"question": 211, "option": 210, "order": 3}}, {"pk": 948, "model": "survey_browser.scalequestionandoption", "fields": {"question": 211, "option": 211, "order": 4}}, {"pk": 949, "model": "survey_browser.scalequestionandoption", "fields": {"question": 211, "option": 212, "order": 5}}, {"pk": 950, "model": "survey_browser.scalequestionandoption", "fields": {"question": 211, "option": 213, "order": 6}}, {"pk": 951, "model": "survey_browser.scalequestionandoption", "fields": {"question": 211, "option": 214, "order": 7}}, {"pk": 952, "model": "survey_browser.scalequestionandoption", "fields": {"question": 211, "option": 215, "order": 8}}, {"pk": 953, "model": "survey_browser.scalequestionandoption", "fields": {"question": 211, "option": 216, "order": 9}}, {"pk": 954, "model": "survey_browser.scalequestionandoption", "fields": {"question": 211, "option": 217, "order": 10}}, {"pk": 955, "model": "survey_browser.scalequestionandoption", "fields": {"question": 212, "option": 208, "order": 1}}, {"pk": 956, "model": "survey_browser.scalequestionandoption", "fields": {"question": 212, "option": 209, "order": 2}}, {"pk": 957, "model": "survey_browser.scalequestionandoption", "fields": {"question": 212, "option": 210, "order": 3}}, {"pk": 958, "model": "survey_browser.scalequestionandoption", "fields": {"question": 212, "option": 211, "order": 4}}, {"pk": 959, "model": "survey_browser.scalequestionandoption", "fields": {"question": 212, "option": 212, "order": 5}}, {"pk": 960, "model": "survey_browser.scalequestionandoption", "fields": {"question": 212, "option": 213, "order": 6}}, {"pk": 961, "model": "survey_browser.scalequestionandoption", "fields": {"question": 212, "option": 214, "order": 7}}, {"pk": 962, "model": "survey_browser.scalequestionandoption", "fields": {"question": 212, "option": 215, "order": 8}}, {"pk": 963, "model": "survey_browser.scalequestionandoption", "fields": {"question": 212, "option": 216, "order": 9}}, {"pk": 964, "model": "survey_browser.scalequestionandoption", "fields": {"question": 212, "option": 217, "order": 10}}, {"pk": 965, "model": "survey_browser.scalequestionandoption", "fields": {"question": 213, "option": 208, "order": 1}}, {"pk": 966, "model": "survey_browser.scalequestionandoption", "fields": {"question": 213, "option": 209, "order": 2}}, {"pk": 967, "model": "survey_browser.scalequestionandoption", "fields": {"question": 213, "option": 210, "order": 3}}, {"pk": 968, "model": "survey_browser.scalequestionandoption", "fields": {"question": 213, "option": 211, "order": 4}}, {"pk": 969, "model": "survey_browser.scalequestionandoption", "fields": {"question": 213, "option": 212, "order": 5}}, {"pk": 970, "model": "survey_browser.scalequestionandoption", "fields": {"question": 213, "option": 213, "order": 6}}, {"pk": 971, "model": "survey_browser.scalequestionandoption", "fields": {"question": 213, "option": 214, "order": 7}}, {"pk": 972, "model": "survey_browser.scalequestionandoption", "fields": {"question": 213, "option": 215, "order": 8}}, {"pk": 973, "model": "survey_browser.scalequestionandoption", "fields": {"question": 213, "option": 216, "order": 9}}, {"pk": 974, "model": "survey_browser.scalequestionandoption", "fields": {"question": 213, "option": 217, "order": 10}}, {"pk": 975, "model": "survey_browser.scalequestionandoption", "fields": {"question": 214, "option": 218, "order": 0}}, {"pk": 976, "model": "survey_browser.scalequestionandoption", "fields": {"question": 214, "option": 219, "order": 1}}, {"pk": 977, "model": "survey_browser.scalequestionandoption", "fields": {"question": 214, "option": 220, "order": 2}}, {"pk": 978, "model": "survey_browser.scalequestionandoption", "fields": {"question": 214, "option": 221, "order": 3}}, {"pk": 979, "model": "survey_browser.scalequestionandoption", "fields": {"question": 215, "option": 218, "order": 0}}, {"pk": 980, "model": "survey_browser.scalequestionandoption", "fields": {"question": 215, "option": 219, "order": 1}}, {"pk": 981, "model": "survey_browser.scalequestionandoption", "fields": {"question": 215, "option": 220, "order": 2}}, {"pk": 982, "model": "survey_browser.scalequestionandoption", "fields": {"question": 215, "option": 221, "order": 3}}, {"pk": 983, "model": "survey_browser.scalequestionandoption", "fields": {"question": 216, "option": 218, "order": 0}}, {"pk": 984, "model": "survey_browser.scalequestionandoption", "fields": {"question": 216, "option": 219, "order": 1}}, {"pk": 985, "model": "survey_browser.scalequestionandoption", "fields": {"question": 216, "option": 220, "order": 2}}, {"pk": 986, "model": "survey_browser.scalequestionandoption", "fields": {"question": 216, "option": 221, "order": 3}}, {"pk": 987, "model": "survey_browser.scalequestionandoption", "fields": {"question": 217, "option": 218, "order": 0}}, {"pk": 988, "model": "survey_browser.scalequestionandoption", "fields": {"question": 217, "option": 219, "order": 1}}, {"pk": 989, "model": "survey_browser.scalequestionandoption", "fields": {"question": 217, "option": 220, "order": 2}}, {"pk": 990, "model": "survey_browser.scalequestionandoption", "fields": {"question": 217, "option": 221, "order": 3}}, {"pk": 991, "model": "survey_browser.scalequestionandoption", "fields": {"question": 218, "option": 218, "order": 0}}, {"pk": 992, "model": "survey_browser.scalequestionandoption", "fields": {"question": 218, "option": 219, "order": 1}}, {"pk": 993, "model": "survey_browser.scalequestionandoption", "fields": {"question": 218, "option": 220, "order": 2}}, {"pk": 994, "model": "survey_browser.scalequestionandoption", "fields": {"question": 218, "option": 221, "order": 3}}, {"pk": 995, "model": "survey_browser.scalequestionandoption", "fields": {"question": 219, "option": 218, "order": 0}}, {"pk": 996, "model": "survey_browser.scalequestionandoption", "fields": {"question": 219, "option": 219, "order": 1}}, {"pk": 997, "model": "survey_browser.scalequestionandoption", "fields": {"question": 219, "option": 220, "order": 2}}, {"pk": 998, "model": "survey_browser.scalequestionandoption", "fields": {"question": 219, "option": 221, "order": 3}}, {"pk": 999, "model": "survey_browser.scalequestionandoption", "fields": {"question": 139, "option": null, "order": -1}}, {"pk": 1000, "model": "survey_browser.scalequestionandoption", "fields": {"question": 140, "option": null, "order": -1}}, {"pk": 1001, "model": "survey_browser.scalequestionandoption", "fields": {"question": 144, "option": null, "order": -1}}, {"pk": 1002, "model": "survey_browser.scalequestionandoption", "fields": {"question": 150, "option": null, "order": -1}}, {"pk": 1003, "model": "survey_browser.scalequestionandoption", "fields": {"question": 153, "option": null, "order": -1}}, {"pk": 1004, "model": "survey_browser.scalequestionandoption", "fields": {"question": 155, "option": null, "order": -1}}, {"pk": 1005, "model": "survey_browser.scalequestionandoption", "fields": {"question": 156, "option": null, "order": -1}}, {"pk": 1006, "model": "survey_browser.scalequestionandoption", "fields": {"question": 196, "option": null, "order": -1}}, {"pk": 1007, "model": "survey_browser.scalequestionandoption", "fields": {"question": 197, "option": null, "order": -1}}, {"pk": 1008, "model": "survey_browser.scalequestionandoption", "fields": {"question": 198, "option": null, "order": -1}}, {"pk": 1009, "model": "survey_browser.scalequestionandoption", "fields": {"question": 201, "option": null, "order": -1}}, {"pk": 1010, "model": "survey_browser.scalequestionandoption", "fields": {"question": 203, "option": null, "order": -1}}, {"pk": 1011, "model": "survey_browser.scalequestionandoption", "fields": {"question": 137, "option": null, "order": -1}}, {"pk": 1012, "model": "survey_browser.scalequestionandoption", "fields": {"question": 138, "option": null, "order": -1}}, {"pk": 1013, "model": "survey_browser.scalequestionandoption", "fields": {"question": 141, "option": null, "order": -1}}, {"pk": 1014, "model": "survey_browser.scalequestionandoption", "fields": {"question": 142, "option": null, "order": -1}}, {"pk": 1015, "model": "survey_browser.scalequestionandoption", "fields": {"question": 145, "option": null, "order": -1}}, {"pk": 1016, "model": "survey_browser.scalequestionandoption", "fields": {"question": 147, "option": null, "order": -1}}, {"pk": 1017, "model": "survey_browser.scalequestionandoption", "fields": {"question": 148, "option": null, "order": -1}}, {"pk": 1018, "model": "survey_browser.scalequestionandoption", "fields": {"question": 151, "option": null, "order": -1}}, {"pk": 1019, "model": "survey_browser.scalequestionandoption", "fields": {"question": 152, "option": null, "order": -1}}, {"pk": 1020, "model": "survey_browser.scalequestionandoption", "fields": {"question": 185, "option": null, "order": -1}}, {"pk": 1021, "model": "survey_browser.scalequestionandoption", "fields": {"question": 186, "option": null, "order": -1}}, {"pk": 1022, "model": "survey_browser.scalequestionandoption", "fields": {"question": 187, "option": null, "order": -1}}, {"pk": 1023, "model": "survey_browser.scalequestionandoption", "fields": {"question": 188, "option": null, "order": -1}}, {"pk": 1024, "model": "survey_browser.scalequestionandoption", "fields": {"question": 189, "option": null, "order": -1}}, {"pk": 1025, "model": "survey_browser.scalequestionandoption", "fields": {"question": 190, "option": null, "order": -1}}, {"pk": 1026, "model": "survey_browser.scalequestionandoption", "fields": {"question": 191, "option": null, "order": -1}}, {"pk": 1027, "model": "survey_browser.scalequestionandoption", "fields": {"question": 192, "option": null, "order": -1}}, {"pk": 1028, "model": "survey_browser.scalequestionandoption", "fields": {"question": 193, "option": null, "order": -1}}, {"pk": 1029, "model": "survey_browser.scalequestionandoption", "fields": {"question": 194, "option": null, "order": -1}}, {"pk": 1030, "model": "survey_browser.scalequestionandoption", "fields": {"question": 195, "option": null, "order": -1}}, {"pk": 1031, "model": "survey_browser.scalequestionandoption", "fields": {"question": 199, "option": null, "order": -1}}, {"pk": 1032, "model": "survey_browser.scalequestionandoption", "fields": {"question": 200, "option": null, "order": -1}}, {"pk": 1033, "model": "survey_browser.scalequestionandoption", "fields": {"question": 202, "option": null, "order": -1}}, {"pk": 1034, "model": "survey_browser.scalequestionandoption", "fields": {"question": 149, "option": null, "order": -1}}, {"pk": 1035, "model": "survey_browser.scalequestionandoption", "fields": {"question": 154, "option": null, "order": -1}}, {"pk": 1036, "model": "survey_browser.scalequestionandoption", "fields": {"question": 160, "option": null, "order": -1}}, {"pk": 1037, "model": "survey_browser.scalequestionandoption", "fields": {"question": 168, "option": null, "order": -1}}, {"pk": 1038, "model": "survey_browser.scalequestionandoption", "fields": {"question": 80, "option": null, "order": -1}}, {"pk": 1039, "model": "survey_browser.scalequestionandoption", "fields": {"question": 120, "option": null, "order": -1}}, {"pk": 1040, "model": "survey_browser.scalequestionandoption", "fields": {"question": 157, "option": null, "order": -1}}, {"pk": 1041, "model": "survey_browser.scalequestionandoption", "fields": {"question": 158, "option": null, "order": -1}}, {"pk": 1042, "model": "survey_browser.scalequestionandoption", "fields": {"question": 164, "option": null, "order": -1}}, {"pk": 1043, "model": "survey_browser.scalequestionandoption", "fields": {"question": 165, "option": null, "order": -1}}, {"pk": 1044, "model": "survey_browser.scalequestionandoption", "fields": {"question": 166, "option": null, "order": -1}}, {"pk": 1045, "model": "survey_browser.scalequestionandoption", "fields": {"question": 167, "option": null, "order": -1}}, {"pk": 1046, "model": "survey_browser.scalequestionandoption", "fields": {"question": 169, "option": null, "order": -1}}, {"pk": 1047, "model": "survey_browser.scalequestionandoption", "fields": {"question": 170, "option": null, "order": -1}}, {"pk": 1048, "model": "survey_browser.scalequestionandoption", "fields": {"question": 172, "option": null, "order": -1}}, {"pk": 1049, "model": "survey_browser.scalequestionandoption", "fields": {"question": 179, "option": null, "order": -1}}, {"pk": 1050, "model": "survey_browser.scalequestionandoption", "fields": {"question": 180, "option": null, "order": -1}}, {"pk": 1051, "model": "survey_browser.scalequestionandoption", "fields": {"question": 181, "option": null, "order": -1}}, {"pk": 1052, "model": "survey_browser.scalequestionandoption", "fields": {"question": 182, "option": null, "order": -1}}, {"pk": 1053, "model": "survey_browser.scalequestionandoption", "fields": {"question": 183, "option": null, "order": -1}}, {"pk": 1054, "model": "survey_browser.scalequestionandoption", "fields": {"question": 184, "option": null, "order": -1}}, {"pk": 1055, "model": "survey_browser.scalequestionandoption", "fields": {"question": 146, "option": null, "order": -1}}, {"pk": 1056, "model": "survey_browser.scalequestionandoption", "fields": {"question": 124, "option": null, "order": -1}}, {"pk": 1057, "model": "survey_browser.scalequestionandoption", "fields": {"question": 100, "option": null, "order": -1}}, {"pk": 1058, "model": "survey_browser.scalequestionandoption", "fields": {"question": 143, "option": null, "order": -1}}, {"pk": 1059, "model": "survey_browser.scalequestionandoption", "fields": {"question": 163, "option": null, "order": -1}}, {"pk": 1060, "model": "survey_browser.scalequestionandoption", "fields": {"question": 113, "option": null, "order": -1}}, {"pk": 1, "model": "survey_browser.participantscaleratingscores", "fields": {"fma_raw_score": 42.0, "promis_raw_score": 32.0, "whoqol_old_sense": 20.0, "whoqol_bref_health": 17.142857142857142, "fma_std_bother_index": 12.5, "fma_std_armh_score": 0.0, "fma_std_mobi_score": 5.555555555555555, "whoqol_bref_envir": 15.0, "fma_bother_raw_score": 18.0, "promis_score": 51.6, "tech_attitude_score": 3.0, "whoqol_old_aut": 15.0, "fma_std_daily_score": 2.7777777777777777, "tech_confidence_score": 75.0, "fma_std_emot_score": 21.428571428571427, "fma_std_fn_index": 6.8181818181818175, "whoqol_bref_social": 14.0, "whoqol_bref_psych": 12.0}}, {"pk": 2, "model": "survey_browser.participantscaleratingscores", "fields": {"fma_raw_score": 81.0, "promis_raw_score": 14.0, "whoqol_old_sense": 19.0, "whoqol_bref_health": 14.857142857142858, "fma_std_bother_index": 27.083333333333332, "fma_std_armh_score": 31.25, "fma_std_mobi_score": 47.22222222222222, "whoqol_bref_envir": 17.5, "fma_bother_raw_score": 25.0, "promis_score": 36.1, "tech_attitude_score": 2.1666666666666665, "whoqol_old_aut": 14.0, "fma_std_daily_score": 36.11111111111111, "tech_confidence_score": 21.0, "fma_std_emot_score": 28.57142857142857, "fma_std_fn_index": 36.36363636363637, "whoqol_bref_social": 16.0, "whoqol_bref_psych": 16.666666666666668}}, {"pk": 3, "model": "survey_browser.participantscaleratingscores", "fields": {"fma_raw_score": 55.0, "promis_raw_score": 30.0, "whoqol_old_sense": 14.0, "whoqol_bref_health": 13.142857142857142, "fma_std_bother_index": 27.083333333333332, "fma_std_armh_score": 3.125, "fma_std_mobi_score": 19.444444444444446, "whoqol_bref_envir": 18.0, "fma_bother_raw_score": 25.0, "promis_score": 49.7, "tech_attitude_score": 2.6666666666666665, "whoqol_old_aut": 19.0, "fma_std_daily_score": 8.333333333333332, "tech_confidence_score": 100.0, "fma_std_emot_score": 39.285714285714285, "fma_std_fn_index": 16.666666666666664, "whoqol_bref_social": 18.0, "whoqol_bref_psych": 14.0}}, {"pk": 4, "model": "survey_browser.participantscaleratingscores", "fields": {"fma_raw_score": 114.0, "promis_raw_score": 21.0, "whoqol_old_sense": 10.0, "whoqol_bref_health": 10.285714285714286, "fma_std_bother_index": 20.833333333333336, "fma_std_armh_score": 46.875, "fma_std_mobi_score": 55.55555555555556, "whoqol_bref_envir": 17.5, "fma_bother_raw_score": 22.0, "promis_score": 41.8, "tech_attitude_score": 4.0, "whoqol_old_aut": 16.0, "fma_std_daily_score": 94.44444444444444, "tech_confidence_score": 10.0, "fma_std_emot_score": 42.857142857142854, "fma_std_fn_index": 61.36363636363637, "whoqol_bref_social": 16.0, "whoqol_bref_psych": 16.0}}, {"pk": 5, "model": "survey_browser.participantscaleratingscores", "fields": {"fma_raw_score": 59.0, "promis_raw_score": 31.0, "whoqol_old_sense": 20.0, "whoqol_bref_health": 14.857142857142858, "fma_std_bother_index": 18.75, "fma_std_armh_score": 15.625, "fma_std_mobi_score": 19.444444444444446, "whoqol_bref_envir": 15.5, "fma_bother_raw_score": 21.0, "promis_score": 50.6, "tech_attitude_score": 2.6666666666666665, "whoqol_old_aut": 17.0, "fma_std_daily_score": 13.88888888888889, "tech_confidence_score": 67.0, "fma_std_emot_score": 32.142857142857146, "fma_std_fn_index": 19.696969696969695, "whoqol_bref_social": 12.0, "whoqol_bref_psych": 14.666666666666666}}, {"pk": 6, "model": "survey_browser.participantscaleratingscores", "fields": {"fma_raw_score": 39.666666666666664, "promis_raw_score": 38.0, "whoqol_old_sense": 17.0, "whoqol_bref_health": 34.666666666666664, "fma_std_bother_index": 10.416666666666668, "fma_std_armh_score": 0.0, "fma_std_mobi_score": 0.0, "whoqol_bref_envir": 16.5, "fma_bother_raw_score": 17.0, "promis_score": 58.3, "tech_attitude_score": 6.0, "whoqol_old_aut": 17.0, "fma_std_daily_score": 5.555555555555555, "tech_confidence_score": 58.0, "fma_std_emot_score": 16.666666666666664, "fma_std_fn_index": 5.050505050505049, "whoqol_bref_social": 18.0, "whoqol_bref_psych": 17.333333333333332}}, {"pk": 7, "model": "survey_browser.participantscaleratingscores", "fields": {"fma_raw_score": 40.0, "promis_raw_score": 40.0, "whoqol_old_sense": 20.0, "whoqol_bref_health": 16.571428571428573, "fma_std_bother_index": 8.333333333333332, "fma_std_armh_score": 0.0, "fma_std_mobi_score": 5.555555555555555, "whoqol_bref_envir": 17.5, "fma_bother_raw_score": 16.0, "promis_score": 65.6, "tech_attitude_score": 2.0, "whoqol_old_aut": 19.0, "fma_std_daily_score": 0.0, "tech_confidence_score": 72.0, "fma_std_emot_score": 17.857142857142858, "fma_std_fn_index": 5.303030303030303, "whoqol_bref_social": 20.0, "whoqol_bref_psych": 17.333333333333332}}, {"pk": 8, "model": "survey_browser.participantscaleratingscores", "fields": {"fma_raw_score": 37.0, "promis_raw_score": 29.0, "whoqol_old_sense": 19.0, "whoqol_bref_health": 16.0, "fma_std_bother_index": 4.166666666666666, "fma_std_armh_score": 0.0, "fma_std_mobi_score": 2.7777777777777777, "whoqol_bref_envir": 13.5, "fma_bother_raw_score": 14.0, "promis_score": 48.8, "tech_attitude_score": 2.0, "whoqol_old_aut": 13.0, "fma_std_daily_score": 0.0, "tech_confidence_score": 90.0, "fma_std_emot_score": 10.714285714285714, "fma_std_fn_index": 3.0303030303030303, "whoqol_bref_social": null, "whoqol_bref_psych": 14.0}}, {"pk": 9, "model": "survey_browser.participantscaleratingscores", "fields": {"fma_raw_score": 45.0, "promis_raw_score": 31.0, "whoqol_old_sense": 11.0, "whoqol_bref_health": 16.571428571428573, "fma_std_bother_index": 4.166666666666666, "fma_std_armh_score": 3.125, "fma_std_mobi_score": 8.333333333333332, "whoqol_bref_envir": 15.5, "fma_bother_raw_score": 14.0, "promis_score": 54.4, "tech_attitude_score": 2.8333333333333335, "whoqol_old_aut": 15.0, "fma_std_daily_score": 8.333333333333332, "tech_confidence_score": 62.0, "fma_std_emot_score": 17.857142857142858, "fma_std_fn_index": 9.090909090909092, "whoqol_bref_social": 14.0, "whoqol_bref_psych": 16.666666666666668}}, {"pk": 10, "model": "survey_browser.participantscaleratingscores", "fields": {"fma_raw_score": 38.0, "promis_raw_score": 26.0, "whoqol_old_sense": 20.0, "whoqol_bref_health": 17.142857142857142, "fma_std_bother_index": 10.416666666666668, "fma_std_armh_score": 0.0, "fma_std_mobi_score": 0.0, "whoqol_bref_envir": 16.0, "fma_bother_raw_score": 17.0, "promis_score": 46.2, "tech_attitude_score": 2.6666666666666665, "whoqol_old_aut": 13.0, "fma_std_daily_score": 2.7777777777777777, "tech_confidence_score": 66.0, "fma_std_emot_score": 14.285714285714285, "fma_std_fn_index": 3.787878787878788, "whoqol_bref_social": 14.0, "whoqol_bref_psych": 25.6}}, {"pk": 1, "model": "survey_browser.participantscaleratings", "fields": {"contact_instance": 11, "rating_scores": 1, "survey_selections": [4, 10, 15, 19, 25, 30, 34, 40, 45, 50, 55, 60, 65, 70, 75, 80, 85, 90, 95, 100, 105, 110, 114, 120, 125, 130, 135, 140, 143, 150, 154, 158, 165, 170, 175, 179, 184, 190, 193, 200, 204, 209, 215, 220, 225, 230, 234, 239, 244, 249, 254, 259, 264, 269, 274, 278, 281, 286, 293, 298, 303, 309, 314, 318, 323, 327, 334, 337, 345, 349, 354, 359, 363, 369, 372, 378, 384, 390, 395, 398, 401, 406, 413, 419, 424, 426, 434, 440, 444, 452, 469, 473, 482, 494, 499, 505, 511, 515, 528, 532, 544, 564, 570, 576, 583, 588, 593, 598, 604, 612, 621, 625, 632, 639, 646, 657, 661, 670, 677, 685, 689, 697, 704, 711, 717, 727, 730, 739, 744, 753, 762, 767, 774, 779, 790, 795, 802, 811, 816, 823, 848, 852, 864, 880, 890, 904, 912, 924, 931, 941, 949, 962, 972, 978, 982, 986, 990, 994, 998, 999, 1000, 1001, 1002, 1003, 1004, 1005, 1006, 1007, 1008, 1009, 1010], "research_notes": ""}}, {"pk": 2, "model": "survey_browser.participantscaleratings", "fields": {"contact_instance": 12, "rating_scores": 2, "survey_selections": [4, 7, 15, 18, 22, 28, 35, 37, 44, 49, 55, 58, 64, 70, 75, 80, 84, 89, 92, 96, 104, 109, 112, 117, 125, 129, 134, 138, 144, 148, 154, 158, 164, 169, 174, 178, 184, 190, 195, 200, 205, 209, 214, 219, 222, 227, 234, 236, 242, 247, 252, 256, 261, 266, 274, 279, 283, 287, 294, 299, 304, 309, 314, 319, 324, 330, 334, 340, 344, 350, 354, 357, 364, 369, 372, 379, 385, 389, 394, 396, 401, 406, 415, 416, 424, 426, 434, 439, 482, 484, 500, 514, 544, 564, 570, 576, 582, 588, 592, 600, 604, 611, 618, 625, 632, 639, 647, 656, 662, 667, 673, 680, 687, 694, 701, 708, 715, 722, 729, 736, 743, 837, 875, 885, 896, 906, 915, 926, 935, 946, 956, 971, 978, 981, 986, 989, 993, 996, 999, 1000, 1002, 1003, 1004, 1005, 1006, 1008, 1009, 1010, 1011, 1012, 1013, 1014, 1015, 1016, 1017, 1018, 1019, 1020, 1021, 1022, 1023, 1024, 1025, 1026, 1027, 1028, 1029, 1030, 1031, 1032, 1033], "research_notes": "Did not remember year of onset of Medical Conditions - 'long time'Write in:  'How much do you feel in control of your life', selected 'Not at all', but wrote in 'God is'\r\n"}}, {"pk": 3, "model": "survey_browser.participantscaleratings", "fields": {"contact_instance": 13, "rating_scores": 3, "survey_selections": [4, 10, 15, 19, 24, 30, 33, 38, 45, 50, 55, 60, 64, 70, 75, 80, 85, 90, 94, 99, 104, 110, 115, 120, 124, 129, 133, 140, 144, 149, 154, 157, 164, 169, 174, 178, 184, 190, 192, 199, 205, 209, 214, 219, 225, 228, 234, 238, 244, 249, 253, 259, 264, 269, 275, 278, 283, 288, 293, 298, 303, 310, 315, 319, 324, 329, 334, 339, 344, 346, 354, 359, 364, 370, 372, 379, 385, 389, 395, 397, 403, 407, 415, 420, 425, 428, 434, 439, 446, 448, 458, 466, 481, 485, 496, 506, 512, 518, 522, 538, 544, 550, 559, 565, 571, 575, 583, 587, 593, 599, 605, 616, 621, 625, 632, 643, 650, 656, 661, 668, 673, 680, 687, 694, 701, 708, 715, 722, 730, 736, 743, 755, 762, 765, 774, 779, 790, 794, 801, 811, 816, 824, 840, 847, 852, 884, 894, 904, 914, 924, 934, 944, 954, 964, 974, 977, 982, 986, 990, 993, 998, 1000, 1006, 1007, 1009, 1010, 1014, 1015, 1018, 1019, 1033], "research_notes": ""}}, {"pk": 4, "model": "survey_browser.participantscaleratings", "fields": {"contact_instance": 14, "rating_scores": 4, "survey_selections": [3, 8, 11, 16, 23, 29, 35, 37, 42, 46, 54, 58, 63, 66, 71, 79, 85, 88, 92, 97, 101, 106, 111, 116, 125, 130, 132, 137, 143, 146, 154, 158, 162, 170, 175, 178, 182, 189, 195, 200, 205, 208, 215, 220, 224, 229, 234, 237, 243, 248, 251, 256, 263, 269, 274, 279, 284, 290, 294, 299, 303, 310, 315, 318, 325, 330, 334, 337, 341, 349, 354, 358, 364, 369, 372, 379, 385, 390, 394, 397, 403, 409, 414, 419, 424, 428, 434, 437, 482, 487, 500, 512, 520, 538, 562, 568, 574, 580, 586, 592, 598, 604, 611, 618, 625, 632, 640, 647, 653, 660, 670, 673, 680, 687, 694, 701, 708, 715, 722, 729, 736, 743, 841, 846, 859, 873, 875, 885, 895, 905, 915, 925, 935, 945, 955, 965, 975, 979, 984, 988, 992, 995, 999, 1000, 1004, 1005, 1006, 1007, 1011, 1012, 1013, 1014, 1015, 1016, 1018, 1019, 1020, 1021, 1022, 1023, 1024, 1025, 1026, 1027, 1028, 1029, 1030, 1032, 1033, 1034, 1035], "research_notes": "Wrote in: '5 great grandchildren' for permanent resident question, 'my home with my granddaughter and family' for housing type, '1 ear' for deafness, 'other ear' for hardness of hearing, 'left eye' for blindness, 'right eye' for cataracts, 'right eye' for low vision, 'oxygen daily' in OTC Medication section, 'satisfied with where God has me' in Satisfaction with Social Roles and Activities\".  Didn't fill out Other Home Health Technology section, E wrote that it was because P did not understand it.\r\n"}}, {"pk": 5, "model": "survey_browser.participantscaleratings", "fields": {"contact_instance": 15, "rating_scores": 5, "survey_selections": [4, 8, 14, 18, 24, 30, 34, 39, 44, 49, 55, 60, 65, 70, 75, 80, 85, 90, 94, 100, 105, 110, 113, 119, 125, 128, 133, 140, 145, 147, 154, 158, 164, 170, 175, 179, 184, 190, 194, 199, 204, 209, 214, 219, 225, 229, 234, 239, 244, 249, 253, 259, 264, 269, 274, 278, 282, 287, 294, 299, 304, 309, 314, 319, 322, 328, 334, 339, 344, 348, 354, 358, 364, 368, 371, 378, 384, 389, 394, 397, 401, 406, 415, 419, 424, 426, 434, 440, 452, 463, 469, 474, 482, 494, 499, 505, 511, 517, 522, 545, 560, 565, 571, 576, 588, 593, 601, 606, 616, 621, 626, 644, 649, 656, 665, 671, 677, 684, 688, 698, 702, 709, 717, 723, 730, 737, 743, 750, 762, 765, 774, 781, 788, 795, 802, 810, 817, 823, 838, 840, 879, 889, 899, 911, 921, 931, 940, 951, 963, 973, 978, 982, 986, 990, 993, 997, 999, 1001, 1003, 1004, 1006, 1009, 1010, 1011, 1018, 1019, 1031, 1032, 1033, 1036, 1037], "research_notes": "\r"}}, {"pk": 6, "model": "survey_browser.participantscaleratings", "fields": {"contact_instance": 16, "rating_scores": 6, "survey_selections": [5, 10, 15, 20, 25, 30, 33, 40, 45, 50, 55, 60, 65, 70, 75, 80, 85, 90, 95, 100, 105, 110, 115, 120, 125, 130, 135, 140, 144, 149, 155, 163, 170, 175, 180, 185, 190, 193, 200, 204, 209, 215, 220, 224, 230, 234, 240, 244, 250, 255, 260, 265, 270, 275, 280, 281, 286, 294, 300, 304, 309, 314, 319, 324, 329, 334, 339, 345, 347, 355, 365, 369, 375, 380, 384, 389, 395, 397, 402, 406, 415, 419, 424, 427, 434, 439, 463, 468, 482, 487, 498, 540, 556, 577, 587, 592, 598, 653, 668, 673, 684, 689, 695, 701, 760, 766, 778, 785, 793, 800, 808, 814, 820, 879, 887, 896, 909, 920, 933, 939, 949, 963, 973, 975, 979, 985, 989, 993, 997, 999, 1002, 1004, 1006, 1007, 1008, 1009, 1010, 1011, 1012, 1014, 1015, 1016, 1017, 1018, 1019, 1020, 1023, 1031, 1032, 1033, 1034, 1035, 1036, 1037, 1038, 1039, 1040, 1041, 1042, 1043, 1044, 1045, 1046, 1047, 1048, 1049, 1050, 1051, 1052, 1053, 1054], "research_notes": "\r"}}, {"pk": 7, "model": "survey_browser.participantscaleratings", "fields": {"contact_instance": 17, "rating_scores": 7, "survey_selections": [4, 10, 15, 20, 25, 30, 34, 39, 45, 50, 55, 60, 65, 70, 75, 80, 85, 90, 95, 100, 105, 110, 115, 120, 125, 130, 135, 140, 145, 149, 153, 159, 165, 170, 175, 180, 185, 190, 194, 200, 204, 209, 215, 220, 225, 229, 235, 240, 245, 250, 255, 260, 265, 270, 275, 280, 281, 287, 294, 299, 304, 309, 314, 320, 325, 329, 334, 339, 345, 347, 354, 359, 364, 370, 375, 380, 385, 390, 395, 396, 401, 406, 415, 419, 425, 426, 435, 440, 457, 468, 482, 494, 505, 511, 520, 526, 538, 544, 550, 556, 563, 571, 575, 582, 588, 593, 598, 604, 611, 620, 627, 632, 642, 649, 656, 661, 671, 673, 684, 687, 694, 701, 710, 715, 722, 730, 736, 743, 751, 761, 764, 774, 778, 785, 792, 800, 810, 815, 823, 842, 848, 854, 865, 878, 888, 901, 910, 923, 934, 939, 953, 963, 973, 977, 981, 985, 989, 993, 997, 1000, 1001, 1006, 1007, 1009, 1010, 1011, 1012, 1014, 1019, 1034, 1055], "research_notes": "\r"}}, {"pk": 8, "model": "survey_browser.participantscaleratings", "fields": {"contact_instance": 18, "rating_scores": 8, "survey_selections": [5, 10, 15, 20, 25, 30, 34, 39, 45, 50, 55, 60, 65, 70, 75, 80, 85, 90, 95, 100, 105, 110, 115, 120, 125, 130, 135, 140, 145, 150, 154, 159, 165, 170, 175, 180, 185, 190, 195, 200, 204, 210, 215, 219, 225, 230, 233, 238, 243, 249, 254, 259, 264, 269, 274, 279, 281, 287, 293, 298, 304, 309, 314, 319, 324, 328, 333, 338, 345, 347, 354, 359, 363, 368, 373, 383, 388, 394, 397, 401, 406, 414, 418, 423, 426, 433, 439, 452, 470, 474, 481, 494, 497, 505, 511, 520, 534, 544, 564, 570, 576, 583, 588, 592, 598, 604, 611, 618, 625, 636, 642, 649, 656, 660, 671, 676, 685, 687, 699, 702, 709, 717, 726, 733, 737, 744, 751, 761, 764, 773, 780, 790, 797, 802, 811, 816, 823, 840, 846, 852, 858, 883, 893, 903, 913, 923, 933, 943, 953, 963, 973, 977, 982, 986, 989, 992, 996, 999, 1000, 1001, 1003, 1004, 1005, 1006, 1007, 1010, 1011, 1018, 1033, 1034, 1056], "research_notes": "\r"}}, {"pk": 9, "model": "survey_browser.participantscaleratings", "fields": {"contact_instance": 19, "rating_scores": 9, "survey_selections": [4, 9, 15, 20, 25, 30, 35, 40, 45, 50, 55, 60, 65, 70, 75, 80, 85, 90, 95, 99, 105, 110, 114, 120, 125, 129, 134, 139, 144, 150, 153, 160, 164, 169, 174, 180, 185, 190, 195, 200, 205, 209, 215, 220, 225, 230, 235, 239, 244, 249, 254, 265, 270, 275, 280, 282, 286, 294, 299, 304, 309, 315, 320, 325, 329, 334, 337, 344, 349, 354, 358, 364, 369, 375, 378, 384, 389, 394, 397, 403, 408, 415, 418, 424, 428, 433, 437, 452, 468, 474, 487, 499, 503, 511, 544, 566, 572, 577, 583, 587, 593, 620, 627, 632, 644, 650, 653, 660, 671, 673, 685, 692, 699, 703, 712, 715, 726, 730, 739, 744, 751, 762, 769, 771, 781, 789, 797, 800, 811, 815, 821, 848, 852, 879, 889, 903, 909, 923, 933, 939, 949, 959, 969, 978, 982, 985, 990, 994, 998, 999, 1000, 1002, 1003, 1004, 1005, 1006, 1007, 1008, 1009, 1010, 1011, 1015, 1018, 1019, 1033, 1034, 1042, 1043, 1057, 1058, 1059], "research_notes": "\r"}}, {"pk": 10, "model": "survey_browser.participantscaleratings", "fields": {"contact_instance": 20, "rating_scores": 10, "survey_selections": [5, 10, 15, 20, 25, 30, 35, 40, 45, 50, 55, 60, 65, 70, 75, 80, 85, 90, 95, 100, 105, 110, 115, 119, 125, 130, 135, 140, 145, 148, 155, 158, 165, 170, 175, 180, 185, 190, 194, 199, 204, 209, 215, 219, 225, 230, 233, 238, 244, 249, 253, 258, 263, 268, 274, 279, 281, 286, 293, 298, 303, 309, 314, 319, 330, 334, 338, 345, 349, 354, 358, 363, 368, 374, 379, 384, 389, 394, 397, 401, 406, 413, 418, 423, 426, 434, 440, 457, 469, 481, 486, 505, 511, 520, 538, 544, 562, 572, 576, 587, 593, 600, 618, 625, 644, 651, 656, 663, 669, 673, 680, 687, 694, 701, 708, 715, 722, 729, 736, 743, 750, 761, 764, 771, 778, 785, 796, 800, 809, 814, 821, 834, 840, 852, 880, 890, 900, 911, 921, 931, 941, 950, 961, 971, 978, 982, 986, 990, 993, 997, 1000, 1004, 1005, 1006, 1009, 1010, 1011, 1012, 1014, 1015, 1018, 1019, 1031, 1033, 1034, 1036, 1037, 1042, 1043, 1055, 1060], "research_notes": "\r"}}, {"pk": 1, "model": "survey_browser.residenceentrance", "fields": {"w_door": 35.0, "letter_id": "A", "use_freq": 240, "t_stairs": 232, "floor": 228, "comments": "threshhold height: 3.75\" threshold at door, ", "wheelchair_access": false, "location": 222, "n_steps": 16, "h_thresh": -1.0}}, {"pk": 2, "model": "survey_browser.residenceentrance", "fields": {"w_door": 29.0, "letter_id": "A", "use_freq": 240, "t_stairs": 233, "floor": 228, "comments": "threshhold height: , ", "wheelchair_access": false, "location": 222, "n_steps": 5, "h_thresh": -1.0}}, {"pk": 3, "model": "survey_browser.residenceentrance", "fields": {"w_door": 31.0, "letter_id": "A", "use_freq": 240, "t_stairs": 233, "floor": 228, "comments": "", "wheelchair_access": false, "location": 225, "n_steps": 2, "h_thresh": 0.25}}, {"pk": 4, "model": "survey_browser.residenceentrance", "fields": {"w_door": 31.0, "letter_id": "B", "use_freq": 236, "t_stairs": 232, "floor": 228, "comments": "3 stairs from deck to yard (same deck as below)", "wheelchair_access": false, "location": 223, "n_steps": 3, "h_thresh": 0.875}}, {"pk": 5, "model": "survey_browser.residenceentrance", "fields": {"w_door": 35.0, "letter_id": "C", "use_freq": 236, "t_stairs": 231, "floor": 228, "comments": "", "wheelchair_access": false, "location": 222, "n_steps": 6, "h_thresh": 0.125}}, {"pk": 6, "model": "survey_browser.residenceentrance", "fields": {"w_door": 31.0, "letter_id": "D", "use_freq": 236, "t_stairs": 232, "floor": 228, "comments": "3 stairs from deck to yard (same deck as above)", "wheelchair_access": false, "location": 223, "n_steps": 3, "h_thresh": 1.375}}, {"pk": 7, "model": "survey_browser.residenceentrance", "fields": {"w_door": 31.0, "letter_id": "A", "use_freq": 240, "t_stairs": 233, "floor": 228, "comments": "threshhold height: Not measured, ", "wheelchair_access": false, "location": 327, "n_steps": 1, "h_thresh": -1.0}}, {"pk": 8, "model": "survey_browser.residenceentrance", "fields": {"w_door": 35.0, "letter_id": "B", "use_freq": 236, "t_stairs": 231, "floor": 228, "comments": "threshhold height: 4 1/2\", ", "wheelchair_access": false, "location": 222, "n_steps": 2, "h_thresh": -1.0}}, {"pk": 9, "model": "survey_browser.residenceentrance", "fields": {"w_door": 35.0, "letter_id": "C", "use_freq": 236, "t_stairs": 233, "floor": 228, "comments": "threshhold height: Not measured, Two steps down into room from external entrance", "wheelchair_access": false, "location": 224, "n_steps": 2, "h_thresh": -1.0}}, {"pk": 10, "model": "survey_browser.residenceentrance", "fields": {"w_door": 35.0, "letter_id": "D", "use_freq": 238, "t_stairs": 233, "floor": 228, "comments": "", "wheelchair_access": false, "location": 327, "n_steps": 1, "h_thresh": 0.375}}, {"pk": 11, "model": "survey_browser.residenceentrance", "fields": {"w_door": 35.0, "letter_id": "A", "use_freq": 236, "t_stairs": 231, "floor": 228, "comments": "", "wheelchair_access": false, "location": 222, "n_steps": 5, "h_thresh": 0.25}}, {"pk": 12, "model": "survey_browser.residenceentrance", "fields": {"w_door": 29.0, "letter_id": "B", "use_freq": 239, "t_stairs": 232, "floor": 228, "comments": "", "wheelchair_access": false, "location": 223, "n_steps": 3, "h_thresh": 0.875}}, {"pk": 13, "model": "survey_browser.residenceentrance", "fields": {"w_door": 35.0, "letter_id": "C", "use_freq": 240, "t_stairs": 233, "floor": 228, "comments": "", "wheelchair_access": false, "location": 225, "n_steps": 3, "h_thresh": 0.25}}, {"pk": 14, "model": "survey_browser.residenceentrance", "fields": {"w_door": 63.0, "letter_id": "D", "use_freq": 236, "t_stairs": 328, "floor": 227, "comments": "keep deadbolted", "wheelchair_access": false, "location": 224, "n_steps": 0, "h_thresh": 1.125}}, {"pk": 15, "model": "survey_browser.residenceentrance", "fields": {"w_door": 35.0, "letter_id": "E", "use_freq": 236, "t_stairs": 328, "floor": 228, "comments": "threshhold height: , ", "wheelchair_access": false, "location": 223, "n_steps": 0, "h_thresh": -1.0}}, {"pk": 1, "model": "survey_browser.residenceroom", "fields": {"use_freq": 282, "entrances": [], "comments": "", "connections": [], "w_room": 160.0, "room_id": 1, "location": 266, "floor_type": 275, "l_room": 101.0, "room_type": 251}}, {"pk": 2, "model": "survey_browser.residenceroom", "fields": {"use_freq": 282, "entrances": [], "comments": "", "connections": [], "w_room": 130.0, "room_id": 2, "location": 266, "floor_type": 272, "l_room": 136.0, "room_type": 247}}, {"pk": 3, "model": "survey_browser.residenceroom", "fields": {"use_freq": 282, "entrances": [], "comments": "", "connections": [], "w_room": 168.0, "room_id": 3, "location": 266, "floor_type": 272, "l_room": 178.0, "room_type": 254}}, {"pk": 4, "model": "survey_browser.residenceroom", "fields": {"use_freq": 282, "entrances": [], "comments": "Plus an offset area at the door", "connections": [], "w_room": 243.0, "room_id": 4, "location": 266, "floor_type": 272, "l_room": 148.0, "room_type": 256}}, {"pk": 5, "model": "survey_browser.residenceroom", "fields": {"use_freq": 282, "entrances": [], "comments": "", "connections": [], "w_room": 111.0, "room_id": 5, "location": 266, "floor_type": 275, "l_room": 63.0, "room_type": 255}}, {"pk": 6, "model": "survey_browser.residenceroom", "fields": {"use_freq": 281, "entrances": [], "comments": "", "connections": [], "w_room": 137.0, "room_id": 6, "location": 266, "floor_type": 323, "l_room": 62.0, "room_type": 262}}, {"pk": 7, "model": "survey_browser.residenceroom", "fields": {"use_freq": 281, "entrances": [], "comments": "", "connections": [], "w_room": 135.0, "room_id": 7, "location": 266, "floor_type": 275, "l_room": 69.0, "room_type": 242}}, {"pk": 8, "model": "survey_browser.residenceroom", "fields": {"use_freq": 281, "entrances": [], "comments": "", "connections": [], "w_room": 132.0, "room_id": 8, "location": 266, "floor_type": 272, "l_room": 184.0, "room_type": 243}}, {"pk": 9, "model": "survey_browser.residenceroom", "fields": {"use_freq": 282, "entrances": [], "comments": "", "connections": [], "w_room": 63.0, "room_id": 9, "location": 266, "floor_type": 272, "l_room": 47.0, "room_type": 250}}, {"pk": 10, "model": "survey_browser.residenceroom", "fields": {"use_freq": 282, "entrances": [1], "comments": "", "connections": [], "w_room": 106.0, "room_id": 10, "location": 266, "floor_type": 324, "l_room": 42.0, "room_type": 248}}, {"pk": 11, "model": "survey_browser.residenceroom", "fields": {"use_freq": 281, "entrances": [], "comments": "Not measured - laundry room in a closet", "connections": [], "w_room": 0.0, "room_id": 11, "location": 266, "floor_type": 275, "l_room": 0.0, "room_type": 252}}, {"pk": 12, "model": "survey_browser.residenceroom", "fields": {"use_freq": 282, "entrances": [2], "comments": "Entrance comes in between living room/kitchen.", "connections": [], "w_room": 128.0, "room_id": 1, "location": 266, "floor_type": 272, "l_room": 144.0, "room_type": 254}}, {"pk": 13, "model": "survey_browser.residenceroom", "fields": {"use_freq": 282, "entrances": [], "comments": "Also used as dining room", "connections": [], "w_room": 78.0, "room_id": 2, "location": 266, "floor_type": 275, "l_room": 126.0, "room_type": 251}}, {"pk": 14, "model": "survey_browser.residenceroom", "fields": {"use_freq": 282, "entrances": [], "comments": "", "connections": [], "w_room": 28.0, "room_id": 3, "location": 266, "floor_type": 275, "l_room": 79.0, "room_type": 250}}, {"pk": 15, "model": "survey_browser.residenceroom", "fields": {"use_freq": 282, "entrances": [], "comments": "", "connections": [], "w_room": 60.0, "room_id": 4, "location": 266, "floor_type": 275, "l_room": 36.0, "room_type": 255}}, {"pk": 16, "model": "survey_browser.residenceroom", "fields": {"use_freq": 282, "entrances": [], "comments": "", "connections": [], "w_room": 96.0, "room_id": 5, "location": 266, "floor_type": 272, "l_room": 100.0, "room_type": 255}}, {"pk": 17, "model": "survey_browser.residenceroom", "fields": {"use_freq": 282, "entrances": [], "comments": "", "connections": [], "w_room": 240.0, "room_id": 1, "location": 266, "floor_type": 276, "l_room": 264.0, "room_type": 249}}, {"pk": 18, "model": "survey_browser.residenceroom", "fields": {"use_freq": 282, "entrances": [3], "comments": "", "connections": [], "w_room": 47.0, "room_id": 2, "location": 266, "floor_type": 273, "l_room": 117.0, "room_type": 248}}, {"pk": 19, "model": "survey_browser.residenceroom", "fields": {"use_freq": 281, "entrances": [], "comments": "", "connections": [], "w_room": 150.0, "room_id": 3, "location": 266, "floor_type": 273, "l_room": 90.0, "room_type": 252}}, {"pk": 20, "model": "survey_browser.residenceroom", "fields": {"use_freq": 282, "entrances": [4], "comments": "", "connections": [], "w_room": 246.0, "room_id": 4, "location": 266, "floor_type": 273, "l_room": 201.0, "room_type": 251}}, {"pk": 21, "model": "survey_browser.residenceroom", "fields": {"use_freq": 282, "entrances": [], "comments": "", "connections": [], "w_room": 76.0, "room_id": 5, "location": 266, "floor_type": 273, "l_room": 69.0, "room_type": 325}}, {"pk": 22, "model": "survey_browser.residenceroom", "fields": {"use_freq": 278, "entrances": [], "comments": "", "connections": [], "w_room": 173.0, "room_id": 6, "location": 266, "floor_type": 273, "l_room": 163.0, "room_type": 247}}, {"pk": 23, "model": "survey_browser.residenceroom", "fields": {"use_freq": 282, "entrances": [5], "comments": "L-shaped hall, one leg as entered, other leg 5'0", "connections": [], "w_room": 105.0, "room_id": 7, "location": 266, "floor_type": 273, "l_room": 42.0, "room_type": 250}}, {"pk": 24, "model": "survey_browser.residenceroom", "fields": {"use_freq": 282, "entrances": [], "comments": "", "connections": [], "w_room": 81.0, "room_id": 8, "location": 266, "floor_type": 273, "l_room": 78.0, "room_type": 242}}, {"pk": 25, "model": "survey_browser.residenceroom", "fields": {"use_freq": 282, "entrances": [], "comments": "", "connections": [], "w_room": 173.0, "room_id": 9, "location": 266, "floor_type": 272, "l_room": 317.0, "room_type": 254}}, {"pk": 26, "model": "survey_browser.residenceroom", "fields": {"use_freq": 280, "entrances": [6], "comments": "", "connections": [], "w_room": 132.0, "room_id": 10, "location": 266, "floor_type": 272, "l_room": 175.0, "room_type": 263}}, {"pk": 27, "model": "survey_browser.residenceroom", "fields": {"use_freq": 282, "entrances": [], "comments": "", "connections": [], "w_room": 170.0, "room_id": 11, "location": 266, "floor_type": 272, "l_room": 241.0, "room_type": 256}}, {"pk": 28, "model": "survey_browser.residenceroom", "fields": {"use_freq": 282, "entrances": [], "comments": "Vanity area of master bath", "connections": [], "w_room": 86.0, "room_id": 12, "location": 266, "floor_type": 272, "l_room": 90.0, "room_type": 255}}, {"pk": 29, "model": "survey_browser.residenceroom", "fields": {"use_freq": 278, "entrances": [], "comments": "", "connections": [], "w_room": 66.0, "room_id": 13, "location": 267, "floor_type": 274, "l_room": 127.0, "room_type": 242}}, {"pk": 30, "model": "survey_browser.residenceroom", "fields": {"use_freq": 278, "entrances": [], "comments": "Plus offset area for bay window", "connections": [], "w_room": 173.0, "room_id": 14, "location": 267, "floor_type": 272, "l_room": 199.0, "room_type": 243}}, {"pk": 31, "model": "survey_browser.residenceroom", "fields": {"use_freq": 278, "entrances": [], "comments": "Plus offset area for bay window", "connections": [], "w_room": 131.0, "room_id": 15, "location": 267, "floor_type": 272, "l_room": 200.0, "room_type": 243}}, {"pk": 32, "model": "survey_browser.residenceroom", "fields": {"use_freq": 282, "entrances": [], "comments": "Toilet/tub area of master bath", "connections": [], "w_room": 72.0, "room_id": 16, "location": 266, "floor_type": 274, "l_room": 112.0, "room_type": 255}}, {"pk": 33, "model": "survey_browser.residenceroom", "fields": {"use_freq": 278, "entrances": [], "comments": "", "connections": [], "w_room": 60.0, "room_id": 17, "location": 267, "floor_type": 272, "l_room": 127.0, "room_type": 250}}, {"pk": 34, "model": "survey_browser.residenceroom", "fields": {"use_freq": 278, "entrances": [], "comments": "Room was not seen", "connections": [], "w_room": 0.0, "room_id": 18, "location": 267, "floor_type": 326, "l_room": 0.0, "room_type": 260}}, {"pk": 35, "model": "survey_browser.residenceroom", "fields": {"use_freq": 280, "entrances": [10], "comments": "", "connections": [], "w_room": 61.0, "room_id": 1, "location": 266, "floor_type": 275, "l_room": 228.0, "room_type": 252}}, {"pk": 36, "model": "survey_browser.residenceroom", "fields": {"use_freq": 282, "entrances": [], "comments": "", "connections": [], "w_room": 237.0, "room_id": 2, "location": 266, "floor_type": 276, "l_room": 225.0, "room_type": 245}}, {"pk": 37, "model": "survey_browser.residenceroom", "fields": {"use_freq": 282, "entrances": [7], "comments": "", "connections": [], "w_room": 135.0, "room_id": 3, "location": 266, "floor_type": 274, "l_room": 134.0, "room_type": 251}}, {"pk": 38, "model": "survey_browser.residenceroom", "fields": {"use_freq": 282, "entrances": [], "comments": "", "connections": [], "w_room": 143.0, "room_id": 4, "location": 266, "floor_type": 274, "l_room": 134.0, "room_type": 247}}, {"pk": 39, "model": "survey_browser.residenceroom", "fields": {"use_freq": 280, "entrances": [8], "comments": "", "connections": [], "w_room": 132.0, "room_id": 5, "location": 266, "floor_type": 272, "l_room": 191.0, "room_type": 254}}, {"pk": 40, "model": "survey_browser.residenceroom", "fields": {"use_freq": 282, "entrances": [], "comments": "", "connections": [], "w_room": 230.0, "room_id": 6, "location": 266, "floor_type": 272, "l_room": 200.0, "room_type": 246}}, {"pk": 41, "model": "survey_browser.residenceroom", "fields": {"use_freq": 282, "entrances": [9], "comments": "", "connections": [], "w_room": 139.0, "room_id": 7, "location": 266, "floor_type": 274, "l_room": 234.0, "room_type": 263}}, {"pk": 42, "model": "survey_browser.residenceroom", "fields": {"use_freq": 282, "entrances": [], "comments": "", "connections": [], "w_room": 37.0, "room_id": 8, "location": 266, "floor_type": 272, "l_room": 130.0, "room_type": 250}}, {"pk": 43, "model": "survey_browser.residenceroom", "fields": {"use_freq": 282, "entrances": [], "comments": "", "connections": [], "w_room": 43.0, "room_id": 9, "location": 266, "floor_type": 274, "l_room": 92.0, "room_type": 242}}, {"pk": 44, "model": "survey_browser.residenceroom", "fields": {"use_freq": 282, "entrances": [], "comments": "PID 0106 bedroom (Full, 2'2", "connections": [], "w_room": 132.0, "room_id": 10, "location": 266, "floor_type": 272, "l_room": 132.0, "room_type": 243}}, {"pk": 45, "model": "survey_browser.residenceroom", "fields": {"use_freq": 282, "entrances": [], "comments": "PID 0105 bedroom (Queen?, 1'10", "connections": [], "w_room": 133.0, "room_id": 11, "location": 266, "floor_type": 272, "l_room": 119.0, "room_type": 256}}, {"pk": 46, "model": "survey_browser.residenceroom", "fields": {"use_freq": 282, "entrances": [], "comments": "", "connections": [], "w_room": 81.0, "room_id": 12, "location": 266, "floor_type": 274, "l_room": 51.0, "room_type": 255}}, {"pk": 47, "model": "survey_browser.residenceroom", "fields": {"use_freq": 280, "entrances": [], "comments": "Offset with closet (some extra space not measured)", "connections": [], "w_room": 112.0, "room_id": 13, "location": 266, "floor_type": 272, "l_room": 134.0, "room_type": 243}}, {"pk": 48, "model": "survey_browser.residenceroom", "fields": {"use_freq": 281, "entrances": [11], "comments": "", "connections": [], "w_room": 51.0, "room_id": 1, "location": 266, "floor_type": 273, "l_room": 122.0, "room_type": 248}}, {"pk": 49, "model": "survey_browser.residenceroom", "fields": {"use_freq": 278, "entrances": [], "comments": "", "connections": [], "w_room": 125.0, "room_id": 2, "location": 266, "floor_type": 272, "l_room": 146.0, "room_type": 247}}, {"pk": 50, "model": "survey_browser.residenceroom", "fields": {"use_freq": 282, "entrances": [], "comments": "", "connections": [], "w_room": 167.0, "room_id": 3, "location": 266, "floor_type": 272, "l_room": 216.0, "room_type": 254}}, {"pk": 51, "model": "survey_browser.residenceroom", "fields": {"use_freq": 282, "entrances": [13], "comments": "", "connections": [], "w_room": 42.0, "room_id": 4, "location": 266, "floor_type": 273, "l_room": 66.0, "room_type": 248}}, {"pk": 52, "model": "survey_browser.residenceroom", "fields": {"use_freq": 282, "entrances": [12], "comments": "Open plan, flows into dinette and sitting area", "connections": [], "w_room": 211.0, "room_id": 5, "location": 266, "floor_type": 273, "l_room": 247.0, "room_type": 251}}, {"pk": 53, "model": "survey_browser.residenceroom", "fields": {"use_freq": 282, "entrances": [], "comments": "+ 3'5 x 6'8 (L-shaped)", "connections": [], "w_room": 41.0, "room_id": 6, "location": 266, "floor_type": 272, "l_room": 146.0, "room_type": 250}}, {"pk": 54, "model": "survey_browser.residenceroom", "fields": {"use_freq": 282, "entrances": [], "comments": "", "connections": [], "w_room": 169.0, "room_id": 7, "location": 266, "floor_type": 272, "l_room": 149.0, "room_type": 256}}, {"pk": 55, "model": "survey_browser.residenceroom", "fields": {"use_freq": 278, "entrances": [15], "comments": "Screened-in", "connections": [], "w_room": 138.0, "room_id": 8, "location": 266, "floor_type": 272, "l_room": 243.0, "room_type": 262}}, {"pk": 56, "model": "survey_browser.residenceroom", "fields": {"use_freq": 282, "entrances": [], "comments": "", "connections": [], "w_room": 107.0, "room_id": 9, "location": 266, "floor_type": 272, "l_room": 151.0, "room_type": 255}}, {"pk": 57, "model": "survey_browser.residenceroom", "fields": {"use_freq": 281, "entrances": [], "comments": "", "connections": [], "w_room": 60.0, "room_id": 10, "location": 266, "floor_type": 274, "l_room": 106.0, "room_type": 242}}, {"pk": 58, "model": "survey_browser.residenceroom", "fields": {"use_freq": 281, "entrances": [], "comments": "", "connections": [], "w_room": 130.0, "room_id": 11, "location": 266, "floor_type": 272, "l_room": 131.0, "room_type": 257}}, {"pk": 59, "model": "survey_browser.residenceroom", "fields": {"use_freq": 278, "entrances": [], "comments": "", "connections": [], "w_room": 127.0, "room_id": 12, "location": 266, "floor_type": 272, "l_room": 137.0, "room_type": 243}}, {"pk": 60, "model": "survey_browser.residenceroom", "fields": {"use_freq": 281, "entrances": [], "comments": "", "connections": [], "w_room": 99.0, "room_id": 13, "location": 265, "floor_type": 272, "l_room": 103.0, "room_type": 257}}, {"pk": 61, "model": "survey_browser.residenceroom", "fields": {"use_freq": 281, "entrances": [], "comments": "", "connections": [], "w_room": 109.0, "room_id": 14, "location": 265, "floor_type": 272, "l_room": 137.0, "room_type": 329}}, {"pk": 62, "model": "survey_browser.residenceroom", "fields": {"use_freq": 280, "entrances": [14], "comments": "unfinished-studded out; did not measure", "connections": [], "w_room": 0.0, "room_id": 15, "location": 265, "floor_type": 276, "l_room": 0.0, "room_type": 260}}, {"pk": 63, "model": "survey_browser.residenceroom", "fields": {"use_freq": 281, "entrances": [], "comments": "", "connections": [], "w_room": 71.0, "room_id": 16, "location": 266, "floor_type": 275, "l_room": 95.0, "room_type": 252}}, {"pk": 1, "model": "survey_browser.residenceinteriordoor", "fields": {"w_door": 34.0, "room2": 10, "h_thresh": 0.0, "comments": "", "room1": 1}}, {"pk": 2, "model": "survey_browser.residenceinteriordoor", "fields": {"w_door": 35.0, "room2": 9, "h_thresh": -1.0, "comments": "threshhold height: , ", "room1": 10}}, {"pk": 3, "model": "survey_browser.residenceinteriordoor", "fields": {"w_door": 27.0, "room2": 7, "h_thresh": 0.0, "comments": "", "room1": 9}}, {"pk": 4, "model": "survey_browser.residenceinteriordoor", "fields": {"w_door": 30.0, "room2": 8, "h_thresh": -1.0, "comments": "threshhold height: , ", "room1": 9}}, {"pk": 5, "model": "survey_browser.residenceinteriordoor", "fields": {"w_door": 41.0, "room2": 2, "h_thresh": -1.0, "comments": "threshhold height: , No Door", "room1": 10}}, {"pk": 6, "model": "survey_browser.residenceinteriordoor", "fields": {"w_door": 0.0, "room2": 3, "h_thresh": -1.0, "comments": "threshhold height: , Open Space", "room1": 2}}, {"pk": 7, "model": "survey_browser.residenceinteriordoor", "fields": {"w_door": 30.0, "room2": 4, "h_thresh": -1.0, "comments": "threshhold height: , ", "room1": 3}}, {"pk": 8, "model": "survey_browser.residenceinteriordoor", "fields": {"w_door": 28.0, "room2": 5, "h_thresh": 0.0, "comments": "", "room1": 4}}, {"pk": 9, "model": "survey_browser.residenceinteriordoor", "fields": {"w_door": 31.0, "room2": 6, "h_thresh": 1.875, "comments": "Sliding glass door", "room1": 3}}, {"pk": 10, "model": "survey_browser.residenceinteriordoor", "fields": {"w_door": 28.0, "room2": 14, "h_thresh": -1.0, "comments": "threshhold height: , ", "room1": 13}}, {"pk": 11, "model": "survey_browser.residenceinteriordoor", "fields": {"w_door": 29.0, "room2": 15, "h_thresh": -1.0, "comments": "threshhold height: , ", "room1": 14}}, {"pk": 12, "model": "survey_browser.residenceinteriordoor", "fields": {"w_door": 26.0, "room2": 16, "h_thresh": -1.0, "comments": "threshhold height: , ", "room1": 14}}, {"pk": 13, "model": "survey_browser.residenceinteriordoor", "fields": {"w_door": 31.0, "room2": 19, "h_thresh": -1.0, "comments": "threshhold height: , ", "room1": 18}}, {"pk": 14, "model": "survey_browser.residenceinteriordoor", "fields": {"w_door": 46.0, "room2": 20, "h_thresh": -1.0, "comments": "threshhold height: , No Door", "room1": 18}}, {"pk": 15, "model": "survey_browser.residenceinteriordoor", "fields": {"w_door": 31.0, "room2": 21, "h_thresh": -1.0, "comments": "threshhold height: , ", "room1": 20}}, {"pk": 16, "model": "survey_browser.residenceinteriordoor", "fields": {"w_door": 29.0, "room2": 22, "h_thresh": -1.0, "comments": "threshhold height: , ", "room1": 20}}, {"pk": 17, "model": "survey_browser.residenceinteriordoor", "fields": {"w_door": 30.0, "room2": 23, "h_thresh": -1.0, "comments": "threshhold height: , ", "room1": 20}}, {"pk": 18, "model": "survey_browser.residenceinteriordoor", "fields": {"w_door": 23.0, "room2": 24, "h_thresh": -1.0, "comments": "threshhold height: , ", "room1": 23}}, {"pk": 19, "model": "survey_browser.residenceinteriordoor", "fields": {"w_door": 60.0, "room2": 25, "h_thresh": 0.0, "comments": "No Door", "room1": 23}}, {"pk": 20, "model": "survey_browser.residenceinteriordoor", "fields": {"w_door": 35.0, "room2": 26, "h_thresh": 0.25, "comments": "", "room1": 25}}, {"pk": 21, "model": "survey_browser.residenceinteriordoor", "fields": {"w_door": 29.0, "room2": 27, "h_thresh": -1.0, "comments": "threshhold height: , ", "room1": 25}}, {"pk": 22, "model": "survey_browser.residenceinteriordoor", "fields": {"w_door": 47.0, "room2": 28, "h_thresh": -1.0, "comments": "threshhold height: , French doors", "room1": 27}}, {"pk": 23, "model": "survey_browser.residenceinteriordoor", "fields": {"w_door": 23.0, "room2": 32, "h_thresh": 0.25, "comments": "", "room1": 28}}, {"pk": 24, "model": "survey_browser.residenceinteriordoor", "fields": {"w_door": 23.0, "room2": 29, "h_thresh": 0.25, "comments": "", "room1": 33}}, {"pk": 25, "model": "survey_browser.residenceinteriordoor", "fields": {"w_door": 30.0, "room2": 30, "h_thresh": -1.0, "comments": "threshhold height: , ", "room1": 33}}, {"pk": 26, "model": "survey_browser.residenceinteriordoor", "fields": {"w_door": 30.0, "room2": 31, "h_thresh": -1.0, "comments": "threshhold height: , ", "room1": 33}}, {"pk": 27, "model": "survey_browser.residenceinteriordoor", "fields": {"w_door": 27.0, "room2": 38, "h_thresh": -1.0, "comments": "threshhold height: , No Door", "room1": 37}}, {"pk": 28, "model": "survey_browser.residenceinteriordoor", "fields": {"w_door": 49.0, "room2": 39, "h_thresh": 0.0, "comments": "No Door", "room1": 38}}, {"pk": 29, "model": "survey_browser.residenceinteriordoor", "fields": {"w_door": 71.0, "room2": 40, "h_thresh": -1.0, "comments": "threshhold height: , 2 steps between rooms", "room1": 38}}, {"pk": 30, "model": "survey_browser.residenceinteriordoor", "fields": {"w_door": 33.0, "room2": 41, "h_thresh": 1.875, "comments": "Sliding door", "room1": 40}}, {"pk": 31, "model": "survey_browser.residenceinteriordoor", "fields": {"w_door": 37.0, "room2": 42, "h_thresh": 0.0, "comments": "No Door", "room1": 38}}, {"pk": 32, "model": "survey_browser.residenceinteriordoor", "fields": {"w_door": 23.0, "room2": 43, "h_thresh": 0.0, "comments": "", "room1": 42}}, {"pk": 33, "model": "survey_browser.residenceinteriordoor", "fields": {"w_door": 29.0, "room2": 44, "h_thresh": -1.0, "comments": "threshhold height: , ", "room1": 42}}, {"pk": 34, "model": "survey_browser.residenceinteriordoor", "fields": {"w_door": 29.0, "room2": 45, "h_thresh": -1.0, "comments": "threshhold height: , ", "room1": 42}}, {"pk": 35, "model": "survey_browser.residenceinteriordoor", "fields": {"w_door": 27.0, "room2": 46, "h_thresh": 0.0, "comments": "", "room1": 45}}, {"pk": 36, "model": "survey_browser.residenceinteriordoor", "fields": {"w_door": 29.0, "room2": 47, "h_thresh": -1.0, "comments": "threshhold height: , ", "room1": 42}}, {"pk": 37, "model": "survey_browser.residenceinteriordoor", "fields": {"w_door": 61.0, "room2": 49, "h_thresh": -1.0, "comments": "threshhold height: , no door", "room1": 48}}, {"pk": 38, "model": "survey_browser.residenceinteriordoor", "fields": {"w_door": 0.0, "room2": 50, "h_thresh": -1.0, "comments": "threshhold height: , open space", "room1": 48}}, {"pk": 39, "model": "survey_browser.residenceinteriordoor", "fields": {"w_door": 39.0, "room2": 52, "h_thresh": -1.0, "comments": "threshhold height: , no door", "room1": 51}}, {"pk": 40, "model": "survey_browser.residenceinteriordoor", "fields": {"w_door": 31.0, "room2": null, "h_thresh": 0.25, "comments": "", "room1": 52}}, {"pk": 41, "model": "survey_browser.residenceinteriordoor", "fields": {"w_door": 72.0, "room2": 53, "h_thresh": -1.0, "comments": "threshhold height: , no door", "room1": 50}}, {"pk": 42, "model": "survey_browser.residenceinteriordoor", "fields": {"w_door": 29.0, "room2": 54, "h_thresh": -1.0, "comments": "threshhold height: , ", "room1": 53}}, {"pk": 43, "model": "survey_browser.residenceinteriordoor", "fields": {"w_door": 60.0, "room2": 55, "h_thresh": 0.25, "comments": "french doors", "room1": 54}}, {"pk": 44, "model": "survey_browser.residenceinteriordoor", "fields": {"w_door": 27.0, "room2": 56, "h_thresh": -1.0, "comments": "threshhold height: , ", "room1": 54}}, {"pk": 45, "model": "survey_browser.residenceinteriordoor", "fields": {"w_door": 23.0, "room2": 57, "h_thresh": 0.875, "comments": "", "room1": 53}}, {"pk": 46, "model": "survey_browser.residenceinteriordoor", "fields": {"w_door": 29.0, "room2": 58, "h_thresh": -1.0, "comments": "threshhold height: , ", "room1": 53}}, {"pk": 47, "model": "survey_browser.residenceinteriordoor", "fields": {"w_door": 29.0, "room2": 59, "h_thresh": -1.0, "comments": "threshhold height: , ", "room1": 53}}, {"pk": 48, "model": "survey_browser.residenceinteriordoor", "fields": {"w_door": 29.0, "room2": 61, "h_thresh": 1.375, "comments": "", "room1": 60}}, {"pk": 49, "model": "survey_browser.residenceinteriordoor", "fields": {"w_door": 29.0, "room2": 62, "h_thresh": 1.375, "comments": "", "room1": 60}}, {"pk": 50, "model": "survey_browser.residenceinteriordoor", "fields": {"w_door": 0.0, "room2": 63, "h_thresh": -1.0, "comments": "threshhold height: , Door width not measured", "room1": 52}}, {"pk": 1, "model": "survey_browser.residenceinteriorstair", "fields": {"t_stairs": 291, "narrowest_width": 38.0, "comments": "", "location_description": "1st floor to 2nd floor,ResidenceInteriorStair,location_description,True", "room2": 34, "room1": 20, "n_steps": 14}}, {"pk": 2, "model": "survey_browser.residenceinteriorstair", "fields": {"t_stairs": 291, "narrowest_width": 40.0, "comments": "", "location_description": "1st floor to 2nd floor,ResidenceInteriorStair,location_description,True", "room2": 33, "room1": 23, "n_steps": 14}}, {"pk": 3, "model": "survey_browser.residenceinteriorstair", "fields": {"t_stairs": 292, "narrowest_width": 32.0, "comments": "slight turn (about 45 degrees)", "location_description": "Basement to 1st floor,ResidenceInteriorStair,location_description,True", "room2": 51, "room1": 60, "n_steps": 15}}, {"pk": 1, "model": "survey_browser.homeinventory", "fields": {"photographs": [], "interior_stairs": [], "entrances": [1], "nstories": 1, "home_notes": "Stacked condos (1 floor living space).  Condo on second floor.", "bed_adjustable": false, "contact_instance": [6], "home_cooling": [307], "bed_ht": 143.0, "rooms": [1, 2, 3, 4, 5, 6, 7, 8, 9, 10, 11], "home_features": [], "bed_size": 318, "interior_doors": [1, 2, 3, 4, 5, 6, 7, 8, 9], "home_heating": [312, 313]}}, {"pk": 2, "model": "survey_browser.homeinventory", "fields": {"photographs": [], "interior_stairs": [], "entrances": [2], "nstories": 1, "home_notes": "These participants currently live in an RV while they build a house.  Therefore, it's kind of an open floorplan.  No phone service - they use cell phones.", "bed_adjustable": false, "contact_instance": [7], "home_cooling": [307], "bed_ht": 39.0, "rooms": [12, 13, 14, 15, 16], "home_features": [], "bed_size": 319, "interior_doors": [10, 11, 12], "home_heating": [312, 313]}}, {"pk": 3, "model": "survey_browser.homeinventory", "fields": {"photographs": [], "interior_stairs": [1, 2], "entrances": [3, 4, 5, 6], "nstories": 2, "home_notes": "", "bed_adjustable": false, "contact_instance": [8], "home_cooling": [307], "bed_ht": 52.0, "rooms": [17, 18, 19, 20, 21, 22, 23, 24, 25, 26, 27, 28, 29, 30, 31, 32, 33, 34], "home_features": [302], "bed_size": 319, "interior_doors": [13, 14, 15, 16, 17, 18, 19, 20, 21, 22, 23, 24, 25, 26], "home_heating": [312, 313]}}, {"pk": 4, "model": "survey_browser.homeinventory", "fields": {"photographs": [], "interior_stairs": [], "entrances": [7, 8, 9, 10], "nstories": 1, "home_notes": "", "bed_adjustable": false, "contact_instance": [9], "home_cooling": [307], "bed_ht": 26.0, "rooms": [35, 36, 37, 38, 39, 40, 41, 42, 43, 44, 45, 46, 47], "home_features": [300, 302], "bed_size": 318, "interior_doors": [27, 28, 29, 30, 31, 32, 33, 34, 35, 36], "home_heating": [312, 313]}}, {"pk": 5, "model": "survey_browser.homeinventory", "fields": {"photographs": [], "interior_stairs": [3], "entrances": [11, 12, 13, 14, 15], "nstories": 1, "home_notes": "", "bed_adjustable": false, "contact_instance": [10], "home_cooling": [307], "bed_ht": 52.0, "rooms": [48, 49, 50, 51, 52, 53, 54, 55, 56, 57, 58, 59, 60, 61, 62, 63], "home_features": [300, 301], "bed_size": 319, "interior_doors": [37, 38, 39, 40, 41, 42, 43, 44, 45, 46, 47, 48, 49, 50], "home_heating": [312, 313]}}]